# Blender 4.3.2
# www.blender.org
mtllib base2.mtl
o base.001
v 0.000079 -0.047500 0.010000
v -0.000110 -0.047479 0.010000
v 0.006019 -0.055949 0.010000
v 0.000000 -0.062000 0.010000
v 0.009726 -0.061071 0.010000
v 0.056397 -0.025755 0.010000
v 0.059289 -0.017402 0.010000
v 0.048976 -0.024864 0.010000
v -0.053694 0.031000 0.010000
v -0.054850 0.028467 0.010000
v -0.032371 0.044734 0.010000
v -0.031397 0.045381 0.010000
v -0.031410 0.045429 0.010000
v 0.061896 -0.003182 0.010000
v 0.058897 -0.002250 0.010000
v 0.060252 -0.014617 0.010000
v 0.057250 -0.003897 0.010000
v 0.055000 -0.004500 0.010000
v 0.047444 0.000566 0.010000
v 0.052750 0.003898 0.010000
v 0.055149 0.006142 0.010000
v 0.055000 0.004500 0.010000
v 0.043810 -0.017725 0.010000
v 0.052750 -0.003897 0.010000
v 0.046327 -0.010493 0.010000
v 0.051103 -0.002250 0.010000
v 0.047500 0.000079 0.010000
v 0.050500 0.000000 0.010000
v 0.051103 0.002250 0.010000
v 0.056658 0.004056 0.010000
v 0.057250 0.003898 0.010000
v 0.058066 0.008253 0.010000
v 0.061631 0.003327 0.010000
v 0.058897 0.002250 0.010000
v 0.061930 -0.002950 0.010000
v 0.059445 0.000205 0.010000
v 0.059500 0.000000 0.010000
v 0.028239 0.043330 0.010000
v 0.027500 0.043132 0.010000
v 0.029554 0.037186 0.010000
v 0.020539 0.042830 0.010000
v 0.016491 0.059565 0.010000
v -0.000201 0.047486 0.010000
v -0.000079 0.047500 0.010000
v 0.037088 0.029677 0.010000
v 0.039113 0.028303 0.010000
v 0.029750 0.043735 0.010000
v 0.031282 0.045267 0.010000
v 0.038326 0.048736 0.010000
v 0.028410 0.055108 0.010000
v 0.029750 0.051529 0.010000
v 0.031397 0.049882 0.010000
v 0.032000 0.047632 0.010000
v 0.046856 0.040602 0.010000
v 0.031397 0.045382 0.010000
v 0.050003 0.036183 0.010000
v 0.042030 0.030414 0.010000
v 0.053693 0.031000 0.010000
v 0.023603 0.049882 0.010000
v 0.025250 0.051529 0.010000
v 0.022428 0.057503 0.010000
v 0.026507 0.051866 0.010000
v 0.027500 0.052132 0.010000
v 0.017467 0.059489 0.010000
v 0.023574 0.049776 0.010000
v 0.023000 0.047632 0.010000
v 0.010493 0.046327 0.010000
v 0.023603 0.045382 0.010000
v 0.025250 0.043734 0.010000
v -0.029750 0.043734 0.010000
v -0.027500 0.043131 0.010000
v -0.027727 0.038317 0.010000
v -0.025250 0.043734 0.010000
v -0.020680 0.042762 0.010000
v -0.023603 0.045381 0.010000
v -0.023000 0.047631 0.010000
v -0.017468 0.059488 0.010000
v -0.028410 0.055108 0.010000
v -0.027500 0.052131 0.010000
v -0.032000 0.047631 0.010000
v -0.036237 0.050077 0.010000
v -0.031397 0.049881 0.010000
v -0.029750 0.051528 0.010000
v -0.012035 0.059449 0.010000
v -0.012725 0.060403 0.010000
v -0.010646 0.046291 0.010000
v -0.003136 0.047150 0.010000
v -0.023603 0.049881 0.010000
v -0.024298 0.050576 0.010000
v -0.025250 0.051528 0.010000
v -0.046857 0.040601 0.010000
v -0.038326 0.048735 0.010000
v 0.016613 0.059653 0.010000
v 0.016397 0.059695 0.010000
v 0.005893 0.061719 0.010000
v -0.005894 0.061719 0.010000
v -0.009989 0.060930 0.010000
v 0.061369 0.008824 0.010000
v 0.060994 0.010371 0.010000
v 0.058590 0.020279 0.010000
v 0.036211 -0.050041 0.010000
v 0.042785 -0.044871 0.010000
v 0.028641 -0.039579 0.010000
v 0.050504 -0.035963 0.010000
v 0.053390 -0.030964 0.010000
v 0.023044 -0.057559 0.010000
v 0.033520 -0.052157 0.010000
v 0.029750 -0.051528 0.010000
v 0.027500 -0.052131 0.010000
v 0.025250 -0.051528 0.010000
v 0.011734 -0.060879 0.010000
v 0.023603 -0.049881 0.010000
v 0.023000 -0.047631 0.010000
v 0.023603 -0.045381 0.010000
v 0.025250 -0.043734 0.010000
v 0.027500 -0.043131 0.010000
v 0.029750 -0.043734 0.010000
v 0.031397 -0.045381 0.010000
v 0.032000 -0.047631 0.010000
v 0.031398 -0.049881 0.010000
v -0.002070 -0.061802 0.010000
v -0.010493 -0.046327 0.010000
v -0.015129 -0.044713 0.010000
v -0.023043 -0.057559 0.010000
v -0.011733 -0.060880 0.010000
v -0.023602 -0.049882 0.010000
v -0.025250 -0.051529 0.010000
v -0.028788 -0.054597 0.010000
v -0.029750 -0.043735 0.010000
v -0.027500 -0.043132 0.010000
v -0.029554 -0.037186 0.010000
v -0.020538 -0.042830 0.010000
v -0.027500 -0.052132 0.010000
v -0.029750 -0.051529 0.010000
v -0.033519 -0.052158 0.010000
v -0.031397 -0.049882 0.010000
v -0.042785 -0.044872 0.010000
v -0.032000 -0.047632 0.010000
v -0.050194 -0.036321 0.010000
v -0.031397 -0.045382 0.010000
v -0.038473 -0.027840 0.010000
v -0.037088 -0.029677 0.010000
v -0.025250 -0.043734 0.010000
v -0.023603 -0.045382 0.010000
v -0.023000 -0.047632 0.010000
v -0.057250 0.003897 0.010000
v -0.055000 0.004500 0.010000
v -0.050730 0.010922 0.010000
v -0.052750 0.003897 0.010000
v -0.051103 0.002250 0.010000
v -0.050730 0.001419 0.010000
v -0.038730 -0.027500 0.010000
v -0.048730 -0.027500 0.010000
v -0.050503 -0.035964 0.010000
v -0.049730 -0.027232 0.010000
v -0.056397 -0.025756 0.010000
v -0.050462 -0.026500 0.010000
v -0.061930 -0.002951 0.010000
v -0.059500 -0.000000 0.010000
v -0.061645 0.003024 0.010000
v -0.058897 0.002250 0.010000
v -0.050730 -0.001420 0.010000
v -0.051103 -0.002250 0.010000
v -0.050730 -0.025500 0.010000
v -0.052750 -0.003898 0.010000
v -0.055000 -0.004500 0.010000
v -0.060252 -0.014618 0.010000
v -0.057250 -0.003898 0.010000
v -0.058897 -0.002250 0.010000
v -0.054934 0.028284 0.010000
v -0.058590 0.020278 0.010000
v -0.061369 0.008823 0.010000
v -0.050730 0.022474 0.010000
v -0.050730 0.025500 0.010000
v -0.029677 0.037088 0.010000
v -0.037186 0.029554 0.010000
v -0.038730 0.027500 0.010000
v -0.048730 0.027500 0.010000
v -0.049730 0.027232 0.010000
v -0.050462 0.026500 0.010000
v 0.027728 -0.038317 0.010000
v 0.020680 -0.042762 0.010000
v 0.010647 -0.046291 0.010000
v 0.042830 -0.020538 0.010000
v 0.037186 -0.029554 0.010000
v 0.029677 -0.037088 0.010000
v 0.038318 0.027727 0.010000
v 0.042762 0.020680 0.010000
v 0.046292 0.010647 0.010000
v -0.038852 0.024441 0.005000
v -0.039751 0.022950 0.005000
v -0.040011 0.023100 0.005000
v -0.043316 0.015183 0.005000
v -0.044148 0.013617 0.005000
v -0.045609 0.005164 0.005000
v -0.046071 0.003452 0.005000
v -0.045614 -0.005115 0.005000
v -0.045684 -0.006886 0.005000
v -0.043332 -0.015137 0.005000
v -0.043006 -0.016879 0.005000
v -0.038878 -0.024399 0.005000
v -0.038172 -0.026026 0.005000
v -0.032474 -0.032439 0.005000
v -0.031424 -0.033867 0.005000
v -0.024441 -0.038852 0.005000
v -0.023100 -0.040011 0.005000
v -0.015183 -0.043316 0.005000
v -0.013617 -0.044148 0.005000
v -0.005164 -0.045609 0.005000
v -0.003452 -0.046071 0.005000
v 0.005115 -0.045614 0.005000
v 0.006886 -0.045684 0.005000
v 0.015137 -0.043332 0.005000
v 0.016879 -0.043006 0.005000
v 0.024399 -0.038878 0.005000
v 0.026026 -0.038172 0.005000
v 0.032439 -0.032474 0.005000
v 0.033867 -0.031424 0.005000
v 0.038852 -0.024441 0.005000
v 0.040011 -0.023100 0.005000
v 0.043316 -0.015183 0.005000
v 0.044148 -0.013617 0.005000
v 0.045609 -0.005164 0.005000
v 0.046071 -0.003452 0.005000
v 0.045614 0.005115 0.005000
v 0.045684 0.006886 0.005000
v 0.043332 0.015137 0.005000
v 0.043006 0.016879 0.005000
v 0.038878 0.024399 0.005000
v 0.038172 0.026026 0.005000
v 0.032474 0.032439 0.005000
v 0.031424 0.033867 0.005000
v 0.024441 0.038852 0.005000
v 0.023100 0.040011 0.005000
v 0.015183 0.043316 0.005000
v 0.013617 0.044148 0.005000
v 0.005164 0.045609 0.005000
v 0.003452 0.046071 0.005000
v -0.005115 0.045614 0.005000
v -0.006886 0.045684 0.005000
v -0.015137 0.043332 0.005000
v -0.016879 0.043006 0.005000
v -0.024399 0.038878 0.005000
v -0.026026 0.038172 0.005000
v -0.032439 0.032474 0.005000
v -0.033867 0.031424 0.005000
v -0.056375 -0.002382 0.004500
v -0.056858 -0.001899 0.000000
v -0.057382 -0.001375 0.004500
v -0.057382 -0.001375 0.000000
v -0.057750 -0.000000 0.004500
v -0.057750 -0.000000 0.000000
v -0.057382 0.001375 0.004500
v -0.057382 0.001375 0.000000
v -0.056375 0.002381 0.004500
v -0.056375 0.002381 0.000000
v -0.055000 0.002750 0.004500
v -0.055000 0.002750 0.000000
v -0.054284 0.002558 0.000000
v -0.053625 0.002381 0.004500
v -0.053625 0.002381 0.000000
v -0.052618 0.001375 0.004500
v -0.052618 0.001375 0.000000
v -0.052250 -0.000000 0.004500
v -0.052250 -0.000000 0.000000
v -0.052618 -0.001375 0.004500
v -0.052618 -0.001375 0.000000
v -0.053625 -0.002382 0.004500
v -0.053625 -0.002382 0.000000
v -0.055000 -0.002750 0.004500
v -0.055000 -0.002750 0.000000
v -0.056375 -0.002382 0.000000
v 0.056375 0.002382 0.004500
v 0.057250 0.003898 0.004500
v 0.055000 0.002750 0.004500
v 0.055000 0.004500 0.004500
v 0.053625 0.002382 0.004500
v 0.052750 0.003898 0.004500
v 0.052618 0.001375 0.004500
v 0.051103 0.002250 0.004500
v 0.052250 0.000000 0.004500
v 0.050500 0.000000 0.004500
v 0.052618 -0.001375 0.004500
v 0.051103 -0.002250 0.004500
v 0.053625 -0.002381 0.004500
v 0.052750 -0.003897 0.004500
v 0.055000 -0.002750 0.004500
v 0.055000 -0.004500 0.004500
v 0.056375 -0.002381 0.004500
v 0.057250 -0.003897 0.004500
v 0.057382 -0.001375 0.004500
v 0.058897 -0.002250 0.004500
v 0.057750 0.000000 0.004500
v 0.059500 0.000000 0.004500
v 0.057382 0.001375 0.004500
v 0.058897 0.002250 0.004500
v -0.024750 -0.047632 0.004500
v -0.023000 -0.047632 0.004500
v -0.025118 -0.046257 0.004500
v -0.023603 -0.045382 0.004500
v -0.026125 -0.045250 0.004500
v -0.025250 -0.043734 0.004500
v -0.027500 -0.044882 0.004500
v -0.027500 -0.043132 0.004500
v -0.028875 -0.045250 0.004500
v -0.029750 -0.043735 0.004500
v -0.029881 -0.046257 0.004500
v -0.031397 -0.045382 0.004500
v -0.030250 -0.047632 0.004500
v -0.032000 -0.047632 0.004500
v -0.029881 -0.049007 0.004500
v -0.031397 -0.049882 0.004500
v -0.028875 -0.050013 0.004500
v -0.029750 -0.051529 0.004500
v -0.027500 -0.050382 0.004500
v -0.027500 -0.052132 0.004500
v -0.026125 -0.050013 0.004500
v -0.025250 -0.051529 0.004500
v -0.025118 -0.049007 0.004500
v -0.023602 -0.049882 0.004500
v 0.026125 0.050013 0.004500
v 0.025250 0.051529 0.004500
v 0.025118 0.049007 0.004500
v 0.023603 0.049882 0.004500
v 0.024750 0.047632 0.004500
v 0.023000 0.047632 0.004500
v 0.025118 0.046257 0.004500
v 0.023603 0.045382 0.004500
v 0.026125 0.045250 0.004500
v 0.025250 0.043734 0.004500
v 0.027500 0.044882 0.004500
v 0.027500 0.043132 0.004500
v 0.028875 0.045250 0.004500
v 0.029750 0.043735 0.004500
v 0.029881 0.046257 0.004500
v 0.031397 0.045382 0.004500
v 0.030250 0.047632 0.004500
v 0.032000 0.047632 0.004500
v 0.029881 0.049007 0.004500
v 0.031397 0.049882 0.004500
v 0.028875 0.050013 0.004500
v 0.029750 0.051529 0.004500
v 0.027500 0.050382 0.004500
v 0.027500 0.052132 0.004500
v -0.025119 0.049006 0.004500
v -0.023603 0.049881 0.004500
v -0.026125 0.050013 0.004500
v -0.025250 0.051528 0.004500
v -0.027500 0.050381 0.004500
v -0.027500 0.052131 0.004500
v -0.028875 0.050013 0.004500
v -0.029750 0.051528 0.004500
v -0.029882 0.049006 0.004500
v -0.031397 0.049881 0.004500
v -0.030250 0.047631 0.004500
v -0.032000 0.047631 0.004500
v -0.029882 0.046256 0.004500
v -0.031397 0.045381 0.004500
v -0.028875 0.045250 0.004500
v -0.029750 0.043734 0.004500
v -0.027500 0.044881 0.004500
v -0.027500 0.043131 0.004500
v -0.026125 0.045250 0.004500
v -0.025250 0.043734 0.004500
v -0.025119 0.046256 0.004500
v -0.023603 0.045381 0.004500
v -0.024750 0.047631 0.004500
v -0.023000 0.047631 0.004500
v 0.030250 -0.047631 0.004500
v 0.032000 -0.047631 0.004500
v 0.029882 -0.046256 0.004500
v 0.031397 -0.045381 0.004500
v 0.028875 -0.045250 0.004500
v 0.029750 -0.043734 0.004500
v 0.027500 -0.044881 0.004500
v 0.027500 -0.043131 0.004500
v 0.026125 -0.045250 0.004500
v 0.025250 -0.043734 0.004500
v 0.025119 -0.046256 0.004500
v 0.023603 -0.045381 0.004500
v 0.024750 -0.047631 0.004500
v 0.023000 -0.047631 0.004500
v 0.025119 -0.049006 0.004500
v 0.023603 -0.049881 0.004500
v 0.026125 -0.050013 0.004500
v 0.025250 -0.051528 0.004500
v 0.027500 -0.050381 0.004500
v 0.027500 -0.052131 0.004500
v 0.028875 -0.050013 0.004500
v 0.029750 -0.051528 0.004500
v 0.029882 -0.049006 0.004500
v 0.031398 -0.049881 0.004500
v 0.028868 0.055997 0.009000
v 0.023414 0.058487 0.001000
v 0.020525 0.059337 0.009000
v 0.020545 0.059330 0.001000
v 0.017749 0.060448 0.009000
v 0.011922 0.061862 0.001000
v 0.008925 0.062149 0.009000
v 0.008945 0.062146 0.001000
v 0.005988 0.062715 0.009000
v -0.000000 0.063000 0.001000
v -0.002998 0.062715 0.009000
v -0.002978 0.062716 0.001000
v -0.005989 0.062715 0.009000
v -0.011923 0.061861 0.001000
v -0.014813 0.061014 0.009000
v -0.014793 0.061019 0.001000
v -0.017750 0.060448 0.009000
v -0.023415 0.058487 0.001000
v -0.026092 0.057108 0.009000
v -0.026074 0.057116 0.001000
v -0.028869 0.055996 0.009000
v -0.034061 0.052999 0.001000
v -0.036428 0.051138 0.009000
v -0.036412 0.051150 0.001000
v -0.038944 0.049521 0.009000
v -0.043475 0.045595 0.001000
v -0.045448 0.043320 0.009000
v -0.045434 0.043335 0.001000
v -0.047613 0.041256 0.009000
v -0.051319 0.036543 0.001000
v -0.052825 0.033936 0.009000
v -0.052814 0.033953 0.001000
v -0.054560 0.031500 0.009000
v -0.057307 0.026171 0.001000
v -0.058293 0.023325 0.009000
v -0.058285 0.023344 0.001000
v -0.059535 0.020605 0.009000
v -0.061224 0.014852 0.001000
v -0.061654 0.011872 0.009000
v -0.061650 0.011892 0.001000
v -0.062359 0.008965 0.009000
v -0.062929 0.002997 0.001000
v -0.062786 -0.000011 0.009000
v -0.062786 0.000010 0.001000
v -0.062929 -0.002998 0.009000
v -0.062359 -0.008966 0.001000
v -0.061650 -0.011893 0.009000
v -0.061654 -0.011873 0.001000
v -0.061224 -0.014853 0.009000
v -0.059535 -0.020606 0.001000
v -0.058285 -0.023345 0.009000
v -0.058292 -0.023326 0.001000
v -0.057307 -0.026172 0.009000
v -0.054559 -0.031500 0.001000
v -0.052813 -0.033954 0.009000
v -0.052824 -0.033937 0.001000
v -0.051318 -0.036544 0.009000
v -0.047612 -0.041257 0.001000
v -0.045433 -0.043335 0.009000
v -0.045447 -0.043321 0.001000
v -0.043475 -0.045596 0.009000
v -0.038944 -0.049522 0.001000
v -0.036411 -0.051150 0.009000
v -0.036428 -0.051139 0.001000
v -0.034060 -0.052999 0.009000
v -0.028868 -0.055997 0.001000
v -0.026073 -0.057117 0.009000
v -0.026091 -0.057108 0.001000
v -0.023414 -0.058487 0.009000
v -0.017749 -0.060448 0.001000
v -0.014792 -0.061019 0.009000
v -0.014812 -0.061014 0.001000
v -0.011922 -0.061862 0.009000
v -0.005988 -0.062715 0.001000
v -0.002977 -0.062716 0.009000
v -0.002997 -0.062715 0.001000
v 0.000001 -0.063000 0.009000
v 0.005989 -0.062715 0.001000
v 0.008946 -0.062146 0.009000
v 0.008926 -0.062149 0.001000
v 0.011923 -0.061861 0.009000
v 0.017750 -0.060448 0.001000
v 0.020545 -0.059330 0.009000
v 0.020526 -0.059336 0.001000
v 0.023415 -0.058487 0.009000
v 0.028869 -0.055996 0.001000
v 0.031402 -0.054369 0.009000
v 0.031385 -0.054379 0.001000
v 0.034061 -0.052999 0.009000
v 0.038944 -0.049521 0.001000
v 0.041124 -0.047444 0.009000
v 0.041109 -0.047457 0.001000
v 0.043475 -0.045595 0.009000
v 0.047613 -0.041256 0.001000
v 0.049360 -0.038804 0.009000
v 0.049347 -0.038820 0.001000
v 0.051319 -0.036543 0.009000
v 0.054560 -0.031500 0.001000
v 0.055812 -0.028761 0.009000
v 0.055802 -0.028779 0.001000
v 0.057307 -0.026171 0.009000
v 0.059535 -0.020605 0.001000
v 0.060246 -0.017679 0.009000
v 0.060240 -0.017698 0.001000
v 0.061224 -0.014852 0.009000
v 0.062359 -0.008965 0.001000
v 0.062503 -0.005958 0.009000
v 0.062501 -0.005978 0.001000
v 0.062929 -0.002997 0.009000
v 0.062929 0.002998 0.001000
v 0.062501 0.005979 0.009000
v 0.062503 0.005959 0.001000
v 0.062359 0.008966 0.009000
v 0.061224 0.014853 0.001000
v 0.060240 0.017699 0.009000
v 0.060246 0.017680 0.001000
v 0.059535 0.020606 0.009000
v 0.057307 0.026172 0.001000
v 0.055802 0.028780 0.009000
v 0.055811 0.028762 0.001000
v 0.054559 0.031500 0.009000
v 0.051318 0.036544 0.001000
v 0.049347 0.038820 0.009000
v 0.049359 0.038804 0.001000
v 0.047612 0.041257 0.009000
v 0.043475 0.045596 0.001000
v 0.041108 0.047458 0.009000
v 0.041124 0.047444 0.001000
v 0.038944 0.049522 0.009000
v 0.034060 0.052999 0.001000
v 0.031500 0.054560 0.009000
v 0.031402 0.054370 0.001000
v -0.057250 0.003897 0.004500
v -0.058897 0.002250 0.004500
v -0.059500 -0.000000 0.004500
v -0.058897 -0.002250 0.004500
v -0.057250 -0.003898 0.004500
v -0.055000 -0.004500 0.004500
v -0.052750 -0.003898 0.004500
v -0.051103 -0.002250 0.004500
v -0.050500 -0.000000 0.004500
v -0.051103 0.002250 0.004500
v -0.052750 0.003897 0.004500
v -0.055000 0.004500 0.004500
v -0.050500 -0.000000 0.010000
v 0.056858 0.001899 -0.000000
v 0.057382 0.001375 -0.000000
v 0.057750 0.000000 -0.000000
v 0.057382 -0.001375 -0.000000
v 0.056375 -0.002381 -0.000000
v 0.055000 -0.002750 -0.000000
v 0.054284 -0.002558 -0.000000
v 0.053625 -0.002381 -0.000000
v 0.052618 -0.001375 -0.000000
v 0.052250 0.000000 -0.000000
v 0.052618 0.001375 -0.000000
v 0.053625 0.002382 -0.000000
v 0.055000 0.002750 -0.000000
v 0.056375 0.002382 -0.000000
v -0.028875 -0.050013 0.000000
v -0.029881 -0.049007 0.000000
v -0.030250 -0.047632 0.000000
v -0.029881 -0.046257 0.000000
v -0.028875 -0.045250 0.000000
v -0.027500 -0.044882 0.000000
v -0.026125 -0.045250 0.000000
v -0.025118 -0.046257 0.000000
v -0.024750 -0.047632 0.000000
v -0.025118 -0.049007 0.000000
v -0.026125 -0.050013 0.000000
v -0.027500 -0.050382 0.000000
v 0.026125 0.045250 -0.000000
v 0.025118 0.046257 -0.000000
v 0.024750 0.047632 -0.000000
v 0.025118 0.049007 -0.000000
v 0.026125 0.050013 -0.000000
v 0.027500 0.050382 -0.000000
v 0.028875 0.050013 -0.000000
v 0.029881 0.049007 -0.000000
v 0.030250 0.047632 -0.000000
v 0.029881 0.046257 -0.000000
v 0.028875 0.045250 -0.000000
v 0.027500 0.044882 -0.000000
v -0.029358 0.045732 0.000000
v -0.029882 0.046256 0.000000
v -0.030250 0.047631 0.000000
v -0.029882 0.049006 0.000000
v -0.028875 0.050013 0.000000
v -0.027500 0.050381 0.000000
v -0.026785 0.050189 0.000000
v -0.026125 0.050013 0.000000
v -0.025119 0.049006 0.000000
v -0.024750 0.047631 0.000000
v -0.025119 0.046256 0.000000
v -0.026125 0.045250 0.000000
v -0.027500 0.044881 0.000000
v -0.028875 0.045250 0.000000
v 0.029358 -0.045732 -0.000000
v 0.029882 -0.046256 -0.000000
v 0.030250 -0.047631 -0.000000
v 0.029882 -0.049006 -0.000000
v 0.028875 -0.050013 -0.000000
v 0.027500 -0.050381 -0.000000
v 0.026785 -0.050189 -0.000000
v 0.026125 -0.050013 -0.000000
v 0.025119 -0.049006 -0.000000
v 0.024750 -0.047631 -0.000000
v 0.025119 -0.046256 -0.000000
v 0.026125 -0.045250 -0.000000
v 0.027500 -0.044881 -0.000000
v 0.028875 -0.045250 -0.000000
v 0.046857 -0.040601 -0.000000
v 0.053694 -0.031000 -0.000000
v 0.038326 -0.048735 -0.000000
v 0.028410 -0.055108 -0.000000
v 0.022853 -0.057332 -0.000000
v 0.022603 -0.057433 -0.000000
v 0.017468 -0.059488 -0.000000
v 0.007811 -0.061350 -0.000000
v 0.005894 -0.061719 -0.000000
v -0.005893 -0.061719 0.000000
v -0.007909 -0.061331 0.000000
v -0.017467 -0.059489 0.000000
v -0.028410 -0.055108 0.000000
v -0.038325 -0.048736 0.000000
v -0.046856 -0.040602 0.000000
v -0.049112 -0.037434 0.000000
v -0.053693 -0.031000 0.000000
v -0.056894 -0.023993 0.000000
v -0.058590 -0.020279 0.000000
v -0.061217 -0.009450 0.000000
v -0.061369 -0.008824 0.000000
v -0.061375 -0.008704 0.000000
v -0.061930 0.002950 0.000000
v -0.060252 0.014617 0.000000
v -0.056397 0.025755 0.000000
v -0.053451 0.030859 0.000000
v -0.050504 0.035963 0.000000
v -0.042785 0.044871 0.000000
v -0.033520 0.052157 0.000000
v -0.023150 0.057504 0.000000
v -0.023044 0.057559 0.000000
v -0.022425 0.057740 0.000000
v -0.011734 0.060879 0.000000
v -0.007669 0.061268 0.000000
v -0.000000 0.062000 -0.000000
v 0.007862 0.061249 -0.000000
v 0.011733 0.060880 -0.000000
v 0.023043 0.057559 -0.000000
v 0.033519 0.052158 -0.000000
v 0.042785 0.044872 -0.000000
v 0.049159 0.037515 -0.000000
v 0.050503 0.035964 -0.000000
v 0.056397 0.025756 -0.000000
v 0.057036 0.023911 -0.000000
v 0.060252 0.014618 -0.000000
v 0.061039 0.009143 -0.000000
v 0.061078 0.008876 -0.000000
v 0.061930 0.002951 -0.000000
v 0.061369 -0.008823 -0.000000
v 0.058590 -0.020278 -0.000000
v 0.003452 0.046071 -0.000000
v -0.000997 0.045904 0.000000
v 0.003987 0.054538 -0.000000
v 0.060933 0.008959 -0.000000
v -0.046071 0.003452 0.000000
v -0.045684 -0.006886 0.000000
v -0.060933 -0.008959 0.000000
v -0.041158 -0.020376 0.000000
v -0.043006 -0.016879 0.000000
v -0.041821 0.024145 0.000000
v -0.040011 0.023100 0.000000
v -0.044148 0.013617 0.000000
v 0.046071 -0.003452 -0.000000
v 0.045684 0.006886 -0.000000
v 0.043006 0.016879 -0.000000
v 0.041158 0.020376 -0.000000
v 0.041821 -0.024145 -0.000000
v 0.040011 -0.023100 -0.000000
v 0.044148 -0.013617 -0.000000
v -0.026026 0.038172 0.000000
v -0.016879 0.043006 0.000000
v -0.006886 0.045684 0.000000
v -0.002933 0.045832 0.000000
v -0.022709 0.057249 0.000000
v -0.033867 0.031424 0.000000
v 0.026026 -0.038172 -0.000000
v 0.016879 -0.043006 -0.000000
v 0.006886 -0.045684 -0.000000
v 0.002933 -0.045832 -0.000000
v 0.022709 -0.057249 -0.000000
v 0.033867 -0.031424 -0.000000
v 0.045237 0.030723 -0.000000
v -0.045237 -0.030723 0.000000
v -0.003987 -0.054538 0.000000
v 0.040253 0.022089 -0.000000
v 0.038172 0.026026 -0.000000
v 0.031424 0.033867 -0.000000
v 0.023100 0.040011 -0.000000
v 0.013617 0.044148 -0.000000
v -0.040253 -0.022089 0.000000
v -0.038172 -0.026026 0.000000
v -0.013617 -0.044148 0.000000
v -0.023100 -0.040011 0.000000
v -0.031424 -0.033867 0.000000
v 0.000997 -0.045904 -0.000000
v -0.003452 -0.046071 0.000000
v 0.021532 -0.041214 0.139650
v 0.023620 -0.041211 0.139650
v 0.025878 -0.039832 0.140018
v 0.023988 -0.039835 0.140018
v 0.027368 -0.038823 0.141025
v 0.025589 -0.038826 0.141025
v 0.025985 -0.038562 0.141646
v 0.027740 -0.038558 0.141650
v 0.026141 -0.038457 0.142400
v 0.023620 -0.041211 0.145150
v 0.023988 -0.039835 0.144782
v 0.025878 -0.039832 0.144782
v 0.025589 -0.038826 0.143775
v 0.027368 -0.038823 0.143775
v 0.025984 -0.038563 0.143155
v 0.027740 -0.038558 0.143150
v 0.027885 -0.038454 0.142400
v 0.018849 -0.043600 0.143775
v 0.016152 -0.043605 0.143775
v 0.020681 -0.042762 0.144674
v 0.018655 -0.042594 0.144782
v 0.021041 -0.042572 0.144732
v 0.020809 -0.041561 0.145057
v 0.021532 -0.041214 0.145150
v 0.018255 -0.043852 0.143196
v 0.018049 -0.043937 0.142824
v 0.015472 -0.043851 0.143215
v 0.017969 -0.043970 0.142400
v 0.015219 -0.043939 0.142843
v 0.015115 -0.043975 0.142400
v 0.015220 -0.043939 0.141956
v 0.015628 -0.043795 0.141425
v 0.016152 -0.043605 0.141025
v 0.018050 -0.043937 0.141975
v 0.018389 -0.043796 0.141439
v 0.018849 -0.043600 0.141025
v 0.018655 -0.042594 0.140018
v 0.020677 -0.042754 0.140182
v 0.021032 -0.042590 0.140018
v 0.020809 -0.041561 0.139743
v 0.018704 0.043663 0.141025
v 0.016007 0.043658 0.141025
v 0.020539 0.042830 0.140126
v 0.018513 0.042656 0.140018
v 0.020899 0.042641 0.140067
v 0.020674 0.041629 0.139742
v 0.023484 0.041289 0.139650
v 0.018110 0.043912 0.141603
v 0.017903 0.043997 0.141976
v 0.015327 0.043902 0.141584
v 0.017823 0.044030 0.142400
v 0.015073 0.043989 0.141957
v 0.014969 0.044025 0.142400
v 0.015074 0.043989 0.142844
v 0.015482 0.043847 0.143375
v 0.016007 0.043658 0.143775
v 0.017904 0.043997 0.142825
v 0.018244 0.043857 0.143361
v 0.018704 0.043663 0.143775
v 0.018513 0.042656 0.144782
v 0.020535 0.042823 0.144618
v 0.020891 0.042660 0.144782
v 0.020674 0.041629 0.145058
v 0.021396 0.041286 0.145150
v 0.023484 0.041289 0.145150
v 0.025746 0.039918 0.144782
v 0.023856 0.039915 0.144782
v 0.027240 0.038914 0.143775
v 0.025460 0.038911 0.143775
v 0.025856 0.038649 0.143155
v 0.027612 0.038650 0.143151
v 0.026013 0.038543 0.142400
v 0.021396 0.041286 0.139650
v 0.023856 0.039915 0.140018
v 0.025746 0.039918 0.140018
v 0.025460 0.038911 0.141025
v 0.027240 0.038914 0.141025
v 0.025856 0.038649 0.141645
v 0.027612 0.038650 0.141649
v 0.027757 0.038546 0.142400
v -0.000078 0.047500 0.154800
v -0.010646 0.046291 0.154800
v 0.000000 0.000000 0.154800
v 0.029554 0.037186 0.154800
v 0.020539 0.042830 0.154800
v 0.010493 0.046327 0.154800
v 0.046292 0.010647 0.154800
v 0.042762 0.020680 0.154800
v 0.037088 0.029677 0.154800
v 0.042830 -0.020538 0.154800
v 0.046327 -0.010493 0.154800
v 0.047500 0.000079 0.154800
v 0.020681 -0.042762 0.154800
v 0.029678 -0.037088 0.154800
v 0.037186 -0.029554 0.154800
v -0.010493 -0.046327 0.154800
v 0.000079 -0.047500 0.154800
v 0.010647 -0.046291 0.154800
v -0.037088 -0.029677 0.154800
v -0.029554 -0.037186 0.154800
v -0.020538 -0.042830 0.154800
v -0.047500 -0.000079 0.154800
v -0.046291 -0.010647 0.154800
v -0.042761 -0.020680 0.154800
v -0.037186 0.029554 0.154800
v -0.042830 0.020538 0.154800
v -0.046326 0.010493 0.154800
v -0.020680 0.042762 0.154800
v -0.029677 0.037088 0.154800
v -0.042762 -0.020680 0.044000
v -0.038730 -0.027500 0.044000
v -0.046291 -0.010647 0.044000
v -0.047500 -0.000079 0.044000
v -0.046326 0.010493 0.044000
v -0.038730 0.027500 0.044000
v -0.042830 0.020538 0.044000
v 0.021532 -0.041214 0.142400
v 0.017152 -0.043221 0.143103
v 0.019743 -0.042101 0.142262
v 0.021396 0.041286 0.142400
v 0.016007 0.043658 0.142400
v 0.019605 0.042165 0.142262
v -0.080430 -0.015926 0.021068
v -0.080430 -0.018433 0.023575
v -0.080430 -0.012501 0.027000
v -0.080430 -0.019351 0.027000
v -0.080430 -0.018433 0.030425
v -0.080430 -0.006568 0.023575
v -0.080430 -0.009076 0.021068
v -0.080430 -0.012501 0.020150
v -0.080430 -0.009076 0.032932
v -0.080430 -0.006568 0.030425
v -0.080430 -0.005651 0.027000
v -0.080430 -0.015926 0.032932
v -0.080430 -0.012501 0.033850
v -0.068130 -0.018433 0.030425
v -0.068130 -0.015926 0.032932
v -0.068130 -0.012501 0.033850
v -0.068130 -0.009076 0.032932
v -0.068130 -0.006568 0.030425
v -0.068130 -0.005651 0.027000
v -0.068130 -0.006568 0.023575
v -0.068130 -0.009076 0.021068
v -0.068130 -0.012501 0.020150
v -0.068130 -0.015926 0.021068
v -0.068130 -0.018433 0.023575
v -0.068130 -0.019351 0.027000
v -0.068130 -0.009401 0.021631
v -0.068130 -0.007131 0.023900
v -0.068130 -0.006301 0.027000
v -0.068130 -0.007131 0.030100
v -0.068130 -0.009401 0.032370
v -0.068130 -0.012501 0.033200
v -0.068130 -0.015601 0.032370
v -0.068130 -0.017870 0.030100
v -0.068130 -0.018701 0.027000
v -0.068130 -0.017870 0.023900
v -0.068130 -0.015601 0.021631
v -0.068130 -0.012501 0.020800
v -0.057561 -0.011274 0.033078
v -0.056930 -0.011216 0.033066
v -0.056930 -0.009400 0.032369
v -0.058090 -0.011624 0.033138
v -0.058390 -0.012183 0.033192
v -0.056930 -0.015600 0.032369
v -0.056930 -0.013785 0.033066
v -0.057561 -0.013727 0.033078
v -0.058390 -0.012500 0.033192
v -0.058390 -0.012818 0.033192
v -0.058090 -0.013376 0.033138
v -0.056930 -0.007131 0.030100
v -0.056930 -0.006300 0.027000
v -0.056930 -0.007131 0.023900
v -0.056930 -0.009400 0.021631
v -0.056930 -0.012500 0.020800
v -0.056930 -0.015600 0.021631
v -0.056930 -0.017870 0.023900
v -0.056930 -0.018700 0.027000
v -0.056930 -0.017870 0.030100
v -0.058090 -0.011624 0.032784
v -0.057561 -0.011274 0.032720
v -0.056930 -0.011216 0.032707
v -0.058390 -0.012818 0.032842
v -0.058390 -0.012183 0.032842
v -0.058090 -0.013376 0.032784
v -0.057561 -0.013727 0.032720
v -0.056930 -0.013785 0.032707
v -0.056930 -0.013066 0.032823
v -0.057212 -0.013095 0.032820
v -0.057476 -0.012990 0.032830
v -0.056930 -0.011935 0.032823
v -0.057212 -0.011906 0.032820
v -0.057476 -0.012011 0.032830
v -0.057663 -0.012225 0.032844
v -0.057730 -0.012500 0.032850
v -0.057663 -0.012776 0.032844
v -0.056930 -0.013066 0.027000
v -0.057212 -0.013095 0.027000
v -0.057476 -0.012990 0.027000
v -0.057663 -0.012776 0.027000
v -0.057730 -0.012500 0.027000
v -0.057663 -0.012225 0.027000
v -0.057476 -0.012011 0.027000
v -0.057212 -0.011906 0.027000
v -0.056930 -0.011935 0.027000
v -0.056930 -0.015692 0.035415
v -0.056930 -0.019237 0.032968
v -0.056930 -0.021239 0.029154
v -0.056930 -0.021500 0.027000
v -0.056930 -0.007388 0.034407
v -0.056930 -0.011416 0.035935
v -0.056930 -0.004531 0.031183
v -0.056930 -0.003500 0.027000
v -0.056930 -0.004531 0.022818
v -0.056930 -0.007388 0.019593
v -0.056930 -0.011416 0.018066
v -0.056930 -0.015692 0.018585
v -0.056930 -0.019237 0.021032
v -0.056930 -0.021239 0.024846
v -0.050730 -0.021500 0.027000
v -0.050730 -0.021239 0.024846
v -0.050730 -0.019237 0.021032
v -0.050730 -0.015692 0.018585
v -0.050730 -0.011416 0.018066
v -0.050730 -0.007388 0.019593
v -0.050730 -0.004531 0.022818
v -0.050730 -0.003500 0.027000
v -0.050730 -0.004531 0.031183
v -0.050730 -0.007388 0.034407
v -0.050730 -0.011416 0.035934
v -0.050730 -0.015692 0.035415
v -0.050730 -0.019237 0.032968
v -0.050730 -0.021239 0.029154
v -0.048730 -0.027500 0.044000
v -0.050730 -0.025500 0.044000
v -0.050730 0.025500 0.044000
v -0.049730 -0.027232 0.044000
v -0.050462 -0.026500 0.044000
v -0.050462 0.026500 0.044000
v -0.049730 0.027232 0.044000
v -0.048730 0.027500 0.044000
v -0.050730 0.023818 0.032040
v -0.050730 0.020790 0.036208
v -0.050730 0.024890 0.027000
v -0.050730 0.023818 0.021961
v -0.050730 0.002476 0.019717
v -0.050730 0.002476 0.034283
v -0.050730 0.006305 0.037730
v -0.050730 0.011205 0.039322
v -0.050730 0.016328 0.038784
v -0.050730 0.000380 0.029576
v -0.050730 0.000110 0.027000
v -0.050730 0.000380 0.024424
v -0.050730 0.006305 0.016270
v -0.050730 0.011205 0.014678
v -0.050730 0.016328 0.015217
v -0.050730 0.020790 0.017793
v 0.035765 -0.025216 0.003600
v 0.035765 -0.025216 0.001000
v 0.034955 -0.024343 0.003600
v 0.034955 -0.024343 0.001000
v 0.034691 -0.023182 0.003600
v 0.034691 -0.023182 0.001000
v 0.035043 -0.022045 0.003600
v 0.035043 -0.022045 0.001000
v 0.035916 -0.021236 0.003600
v 0.035916 -0.021236 0.001000
v 0.037077 -0.020971 0.003600
v 0.037077 -0.020971 0.001000
v 0.038214 -0.021323 0.003600
v 0.038214 -0.021323 0.001000
v 0.025216 0.035765 0.003600
v 0.025216 0.035765 0.001000
v 0.024343 0.034955 0.003600
v 0.024343 0.034955 0.001000
v 0.023182 0.034691 0.003600
v 0.023182 0.034691 0.001000
v 0.022045 0.035043 0.003600
v 0.022045 0.035043 0.001000
v 0.021236 0.035916 0.003600
v 0.021236 0.035916 0.001000
v 0.020971 0.037077 0.003600
v 0.020971 0.037077 0.001000
v 0.021323 0.038214 0.003600
v 0.021323 0.038214 0.001000
v -0.035765 0.025216 0.003600
v -0.035765 0.025216 0.001000
v -0.034955 0.024343 0.003600
v -0.034955 0.024343 0.001000
v -0.034691 0.023182 0.003600
v -0.034691 0.023182 0.001000
v -0.035043 0.022045 0.003600
v -0.035043 0.022045 0.001000
v -0.035916 0.021236 0.003600
v -0.035916 0.021236 0.001000
v -0.037077 0.020971 0.003600
v -0.037077 0.020971 0.001000
v -0.038214 0.021323 0.003600
v -0.038214 0.021323 0.001000
v -0.025216 -0.035765 0.003600
v -0.025216 -0.035765 0.001000
v -0.024343 -0.034955 0.003600
v -0.024343 -0.034955 0.001000
v -0.023182 -0.034691 0.003600
v -0.023182 -0.034691 0.001000
v -0.022045 -0.035043 0.003600
v -0.022045 -0.035043 0.001000
v -0.021236 -0.035916 0.003600
v -0.021236 -0.035916 0.001000
v -0.020971 -0.037077 0.003600
v -0.020971 -0.037077 0.001000
v -0.021323 -0.038214 0.003600
v -0.021323 -0.038214 0.001000
v -0.040027 0.022464 0.003600
v -0.040027 0.022464 0.001000
v -0.038852 0.024441 0.003600
v -0.037578 0.026357 0.003600
v -0.037578 0.026357 0.001000
v 0.022464 0.040027 0.003600
v 0.022464 0.040027 0.001000
v 0.024441 0.038852 0.003600
v 0.026357 0.037578 0.003600
v 0.026357 0.037578 0.001000
v 0.040027 -0.022464 0.003600
v 0.040027 -0.022464 0.001000
v 0.038852 -0.024441 0.003600
v 0.037578 -0.026357 0.003600
v 0.037578 -0.026357 0.001000
v 0.005164 0.045609 0.001000
v 0.043316 -0.015183 0.001000
v -0.043316 0.015183 0.001000
v -0.038878 -0.024399 0.001000
v -0.032474 -0.032439 0.001000
v -0.026357 -0.037578 0.001000
v -0.005115 0.045614 0.001000
v 0.015183 0.043316 0.001000
v 0.038878 0.024399 0.001000
v 0.043332 0.015137 0.001000
v 0.045614 0.005115 0.001000
v 0.045609 -0.005164 0.001000
v 0.032474 0.032439 0.001000
v 0.032439 -0.032474 0.001000
v 0.024399 -0.038878 0.001000
v 0.015137 -0.043332 0.001000
v 0.005115 -0.045614 0.001000
v -0.005164 -0.045609 0.001000
v -0.015183 -0.043316 0.001000
v -0.022464 -0.040027 0.001000
v -0.043332 -0.015137 0.001000
v -0.045614 -0.005115 0.001000
v -0.045609 0.005164 0.001000
v -0.032439 0.032474 0.001000
v -0.024399 0.038878 0.001000
v -0.015137 0.043332 0.001000
v -0.022464 -0.040027 0.003600
v -0.024441 -0.038852 0.003600
v -0.026357 -0.037578 0.003600
v -0.050905 0.024619 0.024424
v -0.050905 0.022523 0.019717
v -0.050905 0.023571 0.022071
v -0.050905 0.018695 0.016270
v -0.050905 0.020609 0.017994
v -0.050905 0.013795 0.014678
v -0.050905 0.016245 0.015474
v -0.050905 0.008671 0.015217
v -0.050905 0.011233 0.014947
v -0.050905 0.004209 0.017793
v -0.050905 0.006440 0.016505
v -0.050905 0.001181 0.021961
v -0.050905 0.002695 0.019877
v -0.050905 0.001181 0.032040
v -0.050905 0.000645 0.029520
v -0.050905 0.000110 0.027000
v -0.050905 0.000645 0.024480
v -0.050905 0.004209 0.036208
v -0.050905 0.002695 0.034124
v -0.050905 0.008671 0.038784
v -0.050905 0.006440 0.037496
v -0.050905 0.013795 0.039322
v -0.050905 0.011233 0.039053
v -0.050905 0.018695 0.037730
v -0.050905 0.016245 0.038526
v -0.050905 0.022523 0.034283
v -0.050905 0.020609 0.036006
v -0.050905 0.024619 0.027000
v -0.050905 0.024619 0.029576
v -0.050905 0.023571 0.031929
v -0.051115 0.000444 0.029563
v -0.051115 -0.000100 0.027000
v -0.051115 0.000444 0.024438
v -0.051115 0.000989 0.021875
v -0.051115 0.002529 0.019756
v -0.051115 0.004069 0.017636
v -0.051115 0.006337 0.016327
v -0.051115 0.008606 0.015017
v -0.051115 0.011211 0.014743
v -0.051115 0.013817 0.014469
v -0.051115 0.016308 0.015279
v -0.051115 0.018800 0.016088
v -0.051115 0.020746 0.017841
v -0.051115 0.022693 0.019594
v -0.051115 0.023759 0.021987
v -0.051115 0.024824 0.024380
v -0.051115 0.024824 0.027000
v -0.051115 0.024824 0.029620
v -0.051115 0.023759 0.032013
v -0.051115 0.022693 0.034406
v -0.051115 0.020746 0.036159
v -0.051115 0.018800 0.037912
v -0.051115 0.016308 0.038722
v -0.051115 0.013817 0.039531
v -0.051115 0.011211 0.039257
v -0.051115 0.008606 0.038983
v -0.051115 0.006337 0.037674
v -0.051115 0.004069 0.036364
v -0.051115 0.002529 0.034244
v -0.051115 0.000989 0.032125
v -0.053355 0.025100 0.027000
v -0.053355 0.024010 0.021875
v -0.053355 0.020931 0.017636
v -0.053355 0.016393 0.015017
v -0.053355 0.011183 0.014469
v -0.053355 0.006200 0.016088
v -0.053355 0.002306 0.019594
v -0.053355 0.000175 0.024380
v -0.053355 0.000175 0.029620
v -0.053355 0.002306 0.034406
v -0.053355 0.006200 0.037912
v -0.053355 0.011183 0.039531
v -0.053355 0.016393 0.038983
v -0.053355 0.020931 0.036364
v -0.053355 0.024010 0.032125
v -0.053565 0.023818 0.032040
v -0.053565 0.020790 0.036208
v -0.053565 0.016328 0.038784
v -0.053565 0.011204 0.039322
v -0.053565 0.006305 0.037730
v -0.053565 0.002476 0.034283
v -0.053565 0.000380 0.029576
v -0.053565 0.000380 0.024424
v -0.053565 0.002476 0.019717
v -0.053565 0.006305 0.016270
v -0.053565 0.011204 0.014678
v -0.053565 0.016328 0.015217
v -0.053565 0.020790 0.017793
v -0.053565 0.023818 0.021961
v -0.053565 0.024890 0.027000
v -0.060635 0.023818 0.032040
v -0.060635 0.020790 0.036208
v -0.060635 0.016328 0.038784
v -0.060635 0.011204 0.039322
v -0.060635 0.006305 0.037730
v -0.060635 0.002476 0.034283
v -0.060635 0.000380 0.029576
v -0.060635 0.000380 0.024424
v -0.060635 0.002476 0.019717
v -0.060635 0.006305 0.016270
v -0.060635 0.011204 0.014678
v -0.060635 0.016328 0.015217
v -0.060635 0.020790 0.017793
v -0.060635 0.023818 0.021961
v -0.060635 0.024890 0.027000
v -0.060635 0.012498 0.035304
v -0.060635 0.010942 0.035155
v -0.060635 0.010942 0.035653
v -0.060635 0.003818 0.027114
v -0.060635 0.004980 0.031454
v -0.060635 0.008158 0.034631
v -0.060635 0.014053 0.035155
v -0.060635 0.014053 0.035653
v -0.060635 0.016838 0.034631
v -0.060635 0.020015 0.031454
v -0.060635 0.021178 0.027114
v -0.060635 0.020015 0.022774
v -0.060635 0.016838 0.019597
v -0.060635 0.012498 0.018434
v -0.060635 0.008158 0.019597
v -0.060635 0.004980 0.022774
v -0.061276 0.011605 0.035255
v -0.061276 0.011605 0.035748
v -0.061510 0.012498 0.035304
v -0.061510 0.012498 0.035794
v -0.061276 0.013390 0.035255
v -0.061276 0.013390 0.035748
v -0.075090 0.016837 0.034631
v -0.075090 0.012497 0.035794
v -0.075090 0.008157 0.034631
v -0.075090 0.020015 0.031454
v -0.075090 0.021177 0.027114
v -0.075090 0.020015 0.022774
v -0.075090 0.016837 0.019597
v -0.075090 0.012497 0.018434
v -0.075090 0.008157 0.019597
v -0.075090 0.004980 0.022774
v -0.075090 0.003817 0.027114
v -0.075090 0.004980 0.031454
v -0.075090 0.011341 0.017594
v -0.075090 0.015898 0.018147
v -0.075090 0.019676 0.020755
v -0.075090 0.021809 0.024819
v -0.075090 0.021809 0.029409
v -0.075090 0.019676 0.033473
v -0.075090 0.015898 0.036081
v -0.075090 0.011341 0.036634
v -0.075090 0.007050 0.035006
v -0.075090 0.004006 0.031571
v -0.075090 0.002907 0.027114
v -0.075090 0.004006 0.022657
v -0.075090 0.007050 0.019221
v -0.092310 0.002907 0.027114
v -0.092310 0.004006 0.031571
v -0.092310 0.007050 0.035006
v -0.092310 0.011341 0.036634
v -0.092310 0.015898 0.036081
v -0.092310 0.019676 0.033473
v -0.092310 0.021809 0.029409
v -0.092310 0.021809 0.024819
v -0.092310 0.019676 0.020755
v -0.092310 0.015898 0.018147
v -0.092310 0.011341 0.017594
v -0.092310 0.007050 0.019222
v -0.092310 0.004006 0.022657
v -0.092310 0.012497 0.027114
vn -0.0000 -0.0000 1.0000
vn -0.0000 -0.0000 -1.0000
vn 0.7071 0.7071 -0.0000
vn 0.8660 0.5000 -0.0000
vn 0.9659 0.2588 -0.0000
vn 0.9659 -0.2588 -0.0000
vn 0.7071 -0.7071 -0.0000
vn 0.5000 -0.8660 -0.0000
vn -0.0000 -1.0000 -0.0000
vn -0.2588 -0.9659 -0.0000
vn -0.7071 -0.7071 -0.0000
vn -0.8660 -0.5000 -0.0000
vn -0.9659 -0.2588 -0.0000
vn -0.9659 0.2588 -0.0000
vn -0.8660 0.5000 -0.0000
vn -0.7071 0.7071 -0.0000
vn -0.2588 0.9659 -0.0000
vn -0.0000 1.0000 -0.0000
vn 0.2588 0.9659 -0.0000
vn 0.4413 0.8973 -0.0111
vn 0.3637 0.9315 0.0008
vn 0.3616 0.9322 0.0138
vn 0.2921 0.9563 -0.0138
vn 0.2900 0.9570 -0.0008
vn 0.1808 0.9835 0.0008
vn 0.1786 0.9838 0.0138
vn 0.1058 0.9943 -0.0138
vn 0.1036 0.9946 -0.0008
vn -0.0086 1.0000 0.0008
vn -0.0108 0.9998 0.0138
vn -0.0843 0.9963 -0.0138
vn -0.0865 0.9963 -0.0008
vn -0.1977 0.9803 0.0008
vn -0.1998 0.9797 0.0138
vn -0.2713 0.9624 -0.0138
vn -0.2735 0.9619 -0.0008
vn -0.3796 0.9251 0.0008
vn -0.3817 0.9242 0.0138
vn -0.4486 0.8937 -0.0138
vn -0.4506 0.8927 -0.0008
vn -0.5479 0.8366 0.0008
vn -0.5497 0.8353 0.0138
vn -0.6096 0.7926 -0.0138
vn -0.6114 0.7913 -0.0008
vn -0.6963 0.7178 0.0008
vn -0.6978 0.7162 0.0138
vn -0.7486 0.6629 -0.0138
vn -0.7501 0.6613 -0.0008
vn -0.8195 0.5730 0.0008
vn -0.8207 0.5712 0.0138
vn -0.8605 0.5093 -0.0138
vn -0.8617 0.5074 -0.0008
vn -0.9132 0.4076 0.0008
vn -0.9140 0.4055 0.0138
vn -0.9413 0.3372 -0.0138
vn -0.9422 0.3352 -0.0008
vn -0.9738 0.2274 0.0008
vn -0.9742 0.2252 0.0138
vn -0.9881 0.1530 -0.0138
vn -0.9886 0.1508 -0.0008
vn -0.9992 0.0390 0.0008
vn -0.9992 0.0368 0.0138
vn -0.9992 -0.0368 -0.0138
vn -0.9992 -0.0390 -0.0008
vn -0.9886 -0.1508 0.0008
vn -0.9881 -0.1530 0.0138
vn -0.9742 -0.2252 -0.0138
vn -0.9738 -0.2274 -0.0008
vn -0.9422 -0.3352 0.0008
vn -0.9413 -0.3372 0.0138
vn -0.9140 -0.4055 -0.0138
vn -0.9132 -0.4076 -0.0008
vn -0.8617 -0.5074 0.0008
vn -0.8605 -0.5093 0.0138
vn -0.8207 -0.5712 -0.0138
vn -0.8195 -0.5730 -0.0008
vn -0.7501 -0.6613 0.0008
vn -0.7485 -0.6629 0.0138
vn -0.6978 -0.7162 -0.0138
vn -0.6963 -0.7178 -0.0008
vn -0.6114 -0.7913 0.0008
vn -0.6096 -0.7926 0.0138
vn -0.5496 -0.8353 -0.0138
vn -0.5478 -0.8366 -0.0008
vn -0.4506 -0.8927 0.0008
vn -0.4485 -0.8937 0.0138
vn -0.3816 -0.9242 -0.0138
vn -0.3796 -0.9251 -0.0008
vn -0.2735 -0.9619 0.0008
vn -0.2713 -0.9624 0.0138
vn -0.1998 -0.9797 -0.0138
vn -0.1977 -0.9803 -0.0008
vn -0.0865 -0.9963 0.0008
vn -0.0843 -0.9963 0.0138
vn -0.0108 -0.9998 -0.0138
vn -0.0086 -1.0000 -0.0008
vn 0.1036 -0.9946 0.0008
vn 0.1058 -0.9943 0.0138
vn 0.1786 -0.9838 -0.0138
vn 0.1808 -0.9835 -0.0008
vn 0.2900 -0.9570 0.0008
vn 0.2921 -0.9563 0.0138
vn 0.3616 -0.9322 -0.0138
vn 0.3637 -0.9315 -0.0008
vn 0.4659 -0.8849 0.0008
vn 0.4678 -0.8837 0.0138
vn 0.5315 -0.8470 -0.0138
vn 0.5334 -0.8459 -0.0008
vn 0.6249 -0.7807 0.0008
vn 0.6266 -0.7792 0.0138
vn 0.6822 -0.7311 -0.0138
vn 0.6838 -0.7296 -0.0008
vn 0.7614 -0.6483 0.0008
vn 0.7627 -0.6466 0.0138
vn 0.8082 -0.5888 -0.0138
vn 0.8096 -0.5870 -0.0008
vn 0.8703 -0.4925 0.0008
vn 0.8713 -0.4905 0.0138
vn 0.9050 -0.4252 -0.0138
vn 0.9060 -0.4232 -0.0008
vn 0.9478 -0.3189 0.0008
vn 0.9484 -0.3168 0.0138
vn 0.9691 -0.2462 -0.0138
vn 0.9698 -0.2441 -0.0008
vn 0.9910 -0.1338 0.0008
vn 0.9912 -0.1316 0.0138
vn 0.9982 -0.0584 -0.0138
vn 0.9984 -0.0562 -0.0008
vn 0.9984 0.0562 0.0008
vn 0.9982 0.0584 0.0138
vn 0.9912 0.1316 -0.0138
vn 0.9910 0.1338 -0.0008
vn 0.9697 0.2441 0.0008
vn 0.9691 0.2462 0.0138
vn 0.9484 0.3168 -0.0138
vn 0.9478 0.3189 -0.0008
vn 0.9060 0.4232 0.0008
vn 0.9050 0.4252 0.0138
vn 0.8713 0.4906 -0.0138
vn 0.8703 0.4925 -0.0008
vn 0.8096 0.5870 0.0008
vn 0.8082 0.5888 0.0138
vn 0.7627 0.6466 -0.0138
vn 0.7613 0.6483 -0.0008
vn 0.6838 0.7296 0.0008
vn 0.6821 0.7311 0.0138
vn 0.6266 0.7793 -0.0138
vn 0.6303 0.7763 -0.0061
vn 0.5397 0.8417 -0.0152
vn 0.5088 0.8608 -0.0095
vn 0.4604 0.8872 -0.0302
vn -0.9997 -0.0000 0.0228
vn -0.8618 0.5072 0.0123
vn -0.9579 0.2872 0.0035
vn -1.0000 -0.0000 -0.0000
vn -0.9579 -0.2872 0.0035
vn -0.8617 -0.5072 0.0122
vn -0.8232 -0.5678 -0.0000
vn 0.2588 -0.9659 -0.0000
vn 1.0000 -0.0000 -0.0000
vn -0.5000 0.8660 -0.0000
vn -0.8232 0.5678 -0.0000
vn -0.5000 -0.8660 -0.0000
vn 0.8660 -0.5000 -0.0000
vn 0.5000 0.8660 -0.0000
vn -0.1341 0.6959 0.7055
vn -0.0672 0.7039 0.7071
vn -0.6682 0.2313 0.7071
vn -0.6447 0.2944 0.7055
vn -0.6124 0.3536 0.7071
vn -0.6124 0.3535 0.7071
vn -0.6999 0.1006 0.7071
vn -0.6887 0.1671 0.7055
vn -0.7079 0.0337 0.7055
vn -0.7063 -0.0337 0.7071
vn -0.7063 -0.0336 0.7071
vn -0.6872 -0.1667 0.7071
vn -0.7015 -0.1009 0.7055
vn -0.6432 -0.2937 0.7071
vn -0.6697 -0.2318 0.7055
vn -0.5760 -0.4102 0.7071
vn -0.6138 -0.3544 0.7055
vn -0.5356 -0.4641 0.7055
vn -0.4880 -0.5118 0.7071
vn -0.3823 -0.5949 0.7071
vn -0.4381 -0.5571 0.7055
vn -0.3247 -0.6299 0.7055
vn -0.2628 -0.6565 0.7071
vn -0.1338 -0.6943 0.7071
vn -0.1997 -0.6800 0.7055
vn -0.0674 -0.7055 0.7055
vn -0.0000 -0.7071 0.7071
vn 0.0674 -0.7055 0.7055
vn 0.1338 -0.6943 0.7071
vn 0.2628 -0.6565 0.7071
vn 0.1997 -0.6800 0.7055
vn 0.3823 -0.5949 0.7071
vn 0.3248 -0.6299 0.7055
vn 0.4381 -0.5571 0.7055
vn 0.4880 -0.5118 0.7071
vn 0.5760 -0.4102 0.7071
vn 0.5356 -0.4641 0.7055
vn 0.6138 -0.3543 0.7055
vn 0.6432 -0.2937 0.7071
vn 0.6697 -0.2318 0.7055
vn 0.6872 -0.1667 0.7071
vn 0.7015 -0.1009 0.7055
vn 0.7063 -0.0336 0.7071
vn 0.6682 0.2313 0.7071
vn 0.6887 0.1671 0.7055
vn 0.6999 0.1006 0.7071
vn 0.7079 0.0337 0.7055
vn 0.6124 0.3536 0.7071
vn 0.6447 0.2944 0.7055
vn 0.5773 0.4111 0.7055
vn 0.5344 0.4631 0.7071
vn 0.4371 0.5558 0.7071
vn 0.4891 0.5129 0.7055
vn 0.4352 0.5524 0.7110
vn 0.3042 0.6271 0.7171
vn 0.3449 0.5269 0.7768
vn 0.3021 0.6396 0.7069
vn 0.2634 0.6579 0.7055
vn 0.1992 0.6785 0.7071
vn 0.0672 0.7039 0.7071
vn 0.1341 0.6959 0.7055
vn -0.0000 0.7087 0.7055
vn -0.1992 0.6785 0.7071
vn -0.3240 0.6285 0.7071
vn -0.2634 0.6579 0.7055
vn -0.3832 0.5962 0.7055
vn -0.4371 0.5558 0.7071
vn -0.5344 0.4631 0.7071
vn -0.4891 0.5129 0.7055
vn -0.5773 0.4111 0.7055
vn 0.5344 -0.4631 -0.7071
vn 0.6124 -0.3536 -0.7071
vn 0.6124 -0.3535 -0.7071
vn 0.5773 -0.4111 -0.7055
vn 0.4371 -0.5558 -0.7071
vn 0.4891 -0.5129 -0.7055
vn 0.3240 -0.6285 -0.7071
vn 0.3832 -0.5962 -0.7055
vn 0.2634 -0.6579 -0.7055
vn 0.1992 -0.6785 -0.7071
vn 0.1341 -0.6959 -0.7055
vn 0.0672 -0.7039 -0.7071
vn -0.0672 -0.7039 -0.7071
vn -0.0000 -0.7087 -0.7055
vn -0.1341 -0.6959 -0.7055
vn -0.1992 -0.6785 -0.7071
vn -0.3240 -0.6285 -0.7071
vn -0.2634 -0.6579 -0.7055
vn -0.4371 -0.5558 -0.7071
vn -0.3832 -0.5962 -0.7055
vn -0.5344 -0.4631 -0.7071
vn -0.4891 -0.5129 -0.7055
vn -0.5773 -0.4111 -0.7055
vn -0.6124 -0.3536 -0.7071
vn -0.6447 -0.2944 -0.7055
vn -0.6682 -0.2313 -0.7071
vn -0.6887 -0.1671 -0.7055
vn -0.6999 -0.1007 -0.7071
vn -0.6999 -0.1006 -0.7071
vn -0.7079 -0.0338 -0.7055
vn -0.7063 0.0336 -0.7071
vn -0.7079 -0.0337 -0.7055
vn -0.6872 0.1667 -0.7071
vn -0.7015 0.1009 -0.7055
vn -0.6432 0.2937 -0.7071
vn -0.6697 0.2318 -0.7055
vn -0.6138 0.3544 -0.7055
vn -0.5760 0.4102 -0.7071
vn -0.4880 0.5118 -0.7071
vn -0.5356 0.4641 -0.7055
vn -0.3823 0.5949 -0.7071
vn -0.4381 0.5571 -0.7055
vn -0.3248 0.6300 -0.7055
vn -0.3248 0.6299 -0.7055
vn -0.2628 0.6565 -0.7071
vn -0.1997 0.6800 -0.7055
vn -0.1338 0.6943 -0.7071
vn -0.0674 0.7055 -0.7055
vn -0.0000 0.7071 -0.7071
vn 0.0674 0.7055 -0.7055
vn 0.1338 0.6943 -0.7071
vn 0.2628 0.6565 -0.7071
vn 0.1997 0.6800 -0.7055
vn 0.3823 0.5949 -0.7071
vn 0.3247 0.6299 -0.7055
vn 0.4880 0.5118 -0.7071
vn 0.4381 0.5571 -0.7055
vn 0.5356 0.4641 -0.7055
vn 0.5760 0.4102 -0.7071
vn 0.6432 0.2937 -0.7071
vn 0.6138 0.3544 -0.7055
vn 0.6697 0.2318 -0.7055
vn 0.6872 0.1667 -0.7071
vn 0.7015 0.1009 -0.7055
vn 0.7063 0.0337 -0.7071
vn 0.6999 -0.1006 -0.7071
vn 0.7079 -0.0337 -0.7055
vn 0.6682 -0.2313 -0.7071
vn 0.6887 -0.1671 -0.7055
vn 0.6447 -0.2944 -0.7055
vn -0.0747 -0.9972 -0.0000
vn 0.1490 -0.9888 -0.0000
vn 0.0374 -0.9993 -0.0000
vn -0.2947 -0.9556 -0.0000
vn -0.6802 -0.7331 -0.0000
vn -0.8262 -0.5633 -0.0000
vn -0.8841 -0.4673 -0.0000
vn -0.9309 -0.3653 -0.0000
vn -0.9888 -0.1490 -0.0000
vn -0.9888 -0.1491 -0.0000
vn -0.9972 0.0747 -0.0000
vn -0.9556 0.2947 -0.0000
vn -0.7331 0.6802 -0.0000
vn -0.5633 0.8262 -0.0000
vn -0.3653 0.9309 -0.0000
vn -0.1490 0.9888 -0.0000
vn -0.0374 0.9993 -0.0000
vn 0.0747 0.9972 -0.0000
vn 0.2947 0.9556 -0.0000
vn 0.6802 0.7331 -0.0000
vn 0.8262 0.5633 -0.0000
vn 0.8841 0.4673 -0.0000
vn 0.9309 0.3653 -0.0000
vn 0.9309 0.3654 -0.0000
vn 0.9888 0.1490 -0.0000
vn 0.9888 0.1491 -0.0000
vn 0.9972 -0.0747 -0.0000
vn 0.9556 -0.2947 -0.0000
vn 0.7331 -0.6802 -0.0000
vn 0.5633 -0.8262 -0.0000
vn 0.3653 -0.9309 -0.0000
vn 0.1491 -0.9888 -0.0000
vn 0.0004 -0.2588 0.9659
vn 0.0012 -0.7071 0.7071
vn 0.0013 -0.8762 0.4819
vn 0.0013 -0.7836 0.6213
vn 0.0017 -0.9560 0.2933
vn 0.0015 -0.9721 0.2345
vn 0.0019 -1.0000 -0.0001
vn -0.0005 -0.1724 -0.9850
vn 0.0004 -0.2588 -0.9659
vn 0.0012 -0.7071 -0.7071
vn 0.0013 -0.7835 -0.6214
vn 0.0012 -0.8762 -0.4820
vn 0.0017 -0.9559 -0.2936
vn 0.0015 -0.9721 -0.2347
vn 0.0017 -1.0000 -0.0001
vn -0.0013 0.7857 -0.6186
vn -0.0128 0.9015 -0.4326
vn -0.0161 0.4186 -0.9080
vn 0.0108 0.6242 -0.7812
vn -0.0160 0.3076 -0.9514
vn -0.0126 0.2984 -0.9544
vn -0.0003 0.1773 -0.9841
vn 0.0175 0.9409 -0.3381
vn 0.0280 0.9820 -0.1868
vn -0.0218 0.9660 -0.2577
vn 0.0404 0.9987 0.0319
vn -0.0107 0.9906 -0.1364
vn -0.0345 0.9989 0.0332
vn -0.3341 0.9425 -0.0021
vn -0.0494 0.9710 0.2340
vn -0.0353 0.9157 0.4004
vn 0.0804 0.9800 0.1820
vn 0.0105 0.9282 0.3720
vn -0.0013 0.7614 0.6483
vn -0.0012 0.7071 0.7071
vn -0.0004 0.2588 0.9659
vn 0.0013 -0.7857 0.6186
vn -0.0098 -0.9015 0.4327
vn -0.0147 -0.4186 0.9081
vn 0.0128 -0.6241 0.7812
vn -0.0149 -0.3076 0.9514
vn -0.0116 -0.2984 0.9544
vn -0.0010 0.1724 0.9850
vn 0.0206 -0.9408 0.3383
vn 0.0312 -0.9819 0.1869
vn -0.0186 -0.9660 0.2578
vn 0.0438 -0.9985 -0.0319
vn -0.0074 -0.9906 0.1363
vn -0.0312 -0.9990 -0.0332
vn -0.3310 -0.9436 0.0021
vn -0.0462 -0.9712 -0.2339
vn -0.0323 -0.9158 -0.4003
vn 0.0836 -0.9797 -0.1821
vn 0.0136 -0.9281 -0.3721
vn 0.0013 -0.7614 -0.6483
vn 0.0003 -0.1774 -0.9841
vn -0.0003 0.1777 -0.9841
vn -0.0004 0.2588 -0.9659
vn -0.0012 0.7071 -0.7071
vn -0.0016 0.8761 -0.4821
vn -0.0013 0.7835 -0.6214
vn -0.0015 0.9559 -0.2936
vn -0.0017 0.9720 -0.2348
vn -0.0014 1.0000 -0.0000
vn 0.0003 -0.1774 0.9841
vn -0.0013 0.7835 0.6214
vn -0.0016 0.8762 0.4820
vn -0.0015 0.9560 0.2935
vn -0.0017 0.9721 0.2347
vn -0.0017 1.0000 -0.0000
vn 0.9753 -0.2209 -0.0000
vn 1.0000 0.0017 -0.0000
vn -0.9060 -0.4232 0.0013
vn -0.8207 -0.5714 0.0009
vn -0.7808 -0.6248 0.0001
vn -0.9002 -0.4354 -0.0000
vn -0.9746 -0.2241 -0.0000
vn -1.0000 -0.0017 -0.0000
vn -0.9753 0.2209 -0.0000
vn -0.9020 0.4318 0.0009
vn -0.7557 0.6549 -0.0000
vn -0.7994 0.6008 -0.0000
vn -0.8213 0.5705 -0.0000
vn 0.5442 -0.8386 0.0233
vn 0.6312 -0.7756 0.0109
vn 0.5041 -0.8634 0.0181
vn 0.4327 -0.9014 0.0179
vn 0.4666 -0.8845 -0.0000
vn 0.5783 -0.8158 0.0073
vn 0.5924 -0.8057 0.0032
vn 0.6034 -0.7974 0.0003
vn 0.5858 -0.8105 -0.0004
vn 0.5748 -0.8183 -0.0007
vn 0.6253 -0.7803 -0.0011
vn 0.5448 -0.8386 -0.0017
vn 0.5334 -0.8459 -0.0021
vn 0.4968 -0.8679 -0.0013
vn 0.4348 -0.9005 -0.0009
vn 0.3802 -0.9249 -0.0048
vn 0.3132 -0.9497 -0.0033
vn 0.2242 -0.9746 -0.0000
vn 0.4415 -0.8973 -0.0000
vn 0.4160 -0.9094 -0.0044
vn 0.3985 -0.9172 -0.0061
vn 0.2193 -0.9756 0.0058
vn 0.2757 -0.9611 -0.0171
vn 0.3278 -0.9446 0.0170
vn 0.3483 -0.9369 0.0314
vn 0.3682 -0.9295 0.0224
vn 0.4374 -0.8993 -0.0000
vn 0.5419 0.8404 -0.0018
vn 0.6227 0.7825 -0.0010
vn 0.4921 0.8705 -0.0014
vn 0.4322 0.9018 -0.0017
vn 0.4637 0.8860 -0.0000
vn 0.4344 0.9007 -0.0000
vn 0.5721 0.8202 -0.0007
vn 0.5831 0.8124 -0.0004
vn 0.6008 0.7994 0.0003
vn 0.5897 0.8076 0.0032
vn 0.5756 0.8177 0.0073
vn 0.6291 0.7772 0.0114
vn 0.5434 0.8392 0.0192
vn 0.4241 0.9056 0.0109
vn 0.4997 0.8661 0.0142
vn 0.4391 0.8984 0.0001
vn 0.3848 0.9227 0.0248
vn 0.2191 0.9757 0.0039
vn 0.3748 0.9255 0.0555
vn 0.3484 0.9367 0.0339
vn 0.3261 0.9452 0.0179
vn 0.2727 0.9619 -0.0170
vn 0.3086 0.9512 -0.0032
vn 0.3918 0.9200 -0.0034
vn 0.2205 0.9754 -0.0007
vn 0.3750 0.9270 -0.0047
vn -0.1136 0.9935 -0.0000
vn -0.2241 0.9746 -0.0000
vn -0.4354 0.9002 -0.0000
vn -0.5334 0.8458 -0.0000
vn -0.6248 0.7808 -0.0000
vn -0.7825 0.6227 0.0010
vn -0.9075 0.4202 -0.0000
vn -0.7984 -0.6021 -0.0000
vn -0.7540 -0.6568 -0.0000
vn -0.6222 -0.7829 -0.0000
vn -0.4324 -0.9017 -0.0000
vn -0.3287 -0.9444 -0.0000
vn -0.2209 -0.9753 -0.0000
vn -0.1103 -0.9939 -0.0000
vn 0.0017 -1.0000 -0.0000
vn 0.9444 -0.3287 -0.0000
vn 0.9017 -0.4324 -0.0000
vn 0.7829 -0.6222 -0.0000
vn 0.9935 0.1136 -0.0000
vn 0.9746 0.2241 -0.0000
vn 0.9002 0.4354 -0.0000
vn 0.8458 0.5334 -0.0000
vn 0.7808 0.6248 -0.0000
vn 0.4672 -0.8841 -0.0000
vn 0.4611 -0.8873 -0.0000
vn 0.4345 -0.9007 0.0032
vn 0.5135 -0.8581 -0.0000
vn 0.5147 -0.8571 -0.0223
vn 0.5083 -0.8608 -0.0253
vn 0.5180 -0.8547 -0.0329
vn 0.5084 -0.8607 0.0258
vn 0.5159 -0.8559 0.0354
vn 0.5144 -0.8573 0.0221
vn 0.3740 -0.9274 -0.0028
vn 0.3560 -0.9345 -0.0037
vn 0.3499 -0.9367 -0.0149
vn 0.3492 -0.9370 -0.0088
vn 0.3468 -0.9380 0.0009
vn 0.3442 -0.9389 0.0075
vn 0.4063 -0.9137 0.0028
vn 0.4240 -0.9057 -0.0011
vn 0.4347 -0.9006 -0.0035
vn 0.3446 -0.9387 0.0082
vn 0.3667 -0.9303 0.0024
vn 0.4018 -0.9157 0.0065
vn 0.5152 0.8564 0.0329
vn 0.5054 0.8625 0.0253
vn 0.5118 0.8588 0.0223
vn 0.4643 0.8857 -0.0000
vn 0.5130 0.8576 -0.0354
vn 0.5115 0.8590 -0.0221
vn 0.5106 0.8598 -0.0000
vn 0.4315 0.9021 0.0032
vn 0.4582 0.8889 -0.0000
vn 0.5055 0.8624 -0.0258
vn 0.3328 0.9430 0.0003
vn 0.3329 0.9430 -0.0031
vn 0.3575 0.9339 -0.0017
vn 0.3361 0.9418 -0.0015
vn 0.3290 0.9443 0.0016
vn 0.3348 0.9423 0.0016
vn 0.3672 0.9301 0.0044
vn 0.4194 0.9078 -0.0004
vn 0.3987 0.9170 0.0065
vn 0.4317 0.9020 -0.0035
vn 0.4010 0.9161 -0.0021
vn 0.3606 0.9327 -0.0000
vn -0.0000 -0.9659 0.2588
vn -0.0000 -0.5000 0.8660
vn -0.0000 0.2588 0.9659
vn -0.0000 0.7071 0.7071
vn -0.0000 0.8660 0.5000
vn -0.0000 0.9659 0.2588
vn -0.0000 0.9659 -0.2588
vn -0.0000 0.8660 -0.5000
vn -0.0000 0.2588 -0.9659
vn -0.0000 -0.2588 -0.9659
vn -0.0000 -0.7071 -0.7071
vn -0.0000 -0.9659 -0.2588
vn -0.1126 0.3843 0.9163
vn -0.0152 0.3580 0.9336
vn -0.0095 0.5364 0.8439
vn -0.0411 0.2654 0.9632
vn -0.0015 0.5001 0.8660
vn -0.0670 0.0600 0.9959
vn -0.0015 -0.5429 0.8398
vn -0.0152 -0.3580 0.9336
vn -0.0109 -0.3251 0.9456
vn -0.0334 0.0262 0.9991
vn -0.0034 0.0027 1.0000
vn -0.0243 -0.0828 0.9963
vn -0.0046 -0.5022 0.8647
vn -0.0356 -0.1790 0.9832
vn -0.0000 0.5000 -0.8660
vn -0.0000 -0.5000 -0.8660
vn 0.9715 -0.2372 -0.0000
vn 0.7285 -0.6850 -0.0000
vn 0.7485 -0.6631 -0.0000
vn 0.3227 -0.9465 -0.0000
vn 0.3404 -0.9403 -0.0000
vn 0.0919 -0.9958 -0.0000
vn 0.9680 0.2508 -0.0000
vn 0.9680 -0.2508 -0.0000
vn 0.9715 0.2372 -0.0000
vn 0.7485 0.6631 -0.0000
vn 0.7285 0.6850 -0.0000
vn 0.3404 0.9403 -0.0000
vn 0.3227 0.9465 -0.0000
vn 0.0919 0.9958 -0.0000
vn 0.0054 -0.1584 0.9874
vn 0.0058 -0.1588 0.9873
vn 0.0091 -0.1607 0.9870
vn 0.0051 -0.1500 0.9887
vn -0.0004 -0.1253 0.9921
vn -0.0049 -0.0993 0.9950
vn -0.0080 -0.0452 0.9989
vn 0.0061 0.1584 0.9874
vn 0.0056 0.1587 0.9873
vn -0.0048 0.1530 0.9882
vn 0.0079 0.1528 0.9882
vn -0.0106 0.1219 0.9925
vn 0.0072 0.1194 0.9928
vn -0.0076 0.0650 0.9979
vn -0.0045 0.0467 0.9989
vn -0.0044 -0.0000 1.0000
vn -0.0001 -0.0491 0.9988
vn -0.1009 0.9949 -0.0000
vn -0.1008 0.9949 -0.0000
vn 0.1374 0.9905 -0.0000
vn 0.1392 0.9903 -0.0000
vn 0.5773 0.8165 -0.0000
vn 0.5826 0.8128 -0.0000
vn 0.8881 0.4597 -0.0000
vn 0.8907 0.4547 -0.0000
vn 0.8881 -0.4597 -0.0000
vn 0.8907 -0.4547 -0.0000
vn 0.5774 -0.8165 -0.0000
vn 0.5826 -0.8128 -0.0000
vn 0.1374 -0.9905 -0.0000
vn 0.1392 -0.9903 -0.0000
vn -0.1008 -0.9949 -0.0000
vn -0.0000 -0.9547 0.2975
vn -0.0000 -0.9547 -0.2975
vn -0.0000 -0.7485 -0.6631
vn -0.0000 -0.3546 -0.9350
vn -0.0000 0.1205 -0.9927
vn -0.0000 0.5681 -0.8230
vn -0.0000 0.8855 -0.4647
vn -0.0000 0.8855 0.4647
vn -0.0000 0.5681 0.8230
vn -0.0000 0.1205 0.9927
vn -0.0000 -0.3546 0.9350
vn -0.0000 -0.7485 0.6631
vn -0.1305 -0.9914 -0.0000
vn -0.1305 0.9914 -0.0000
vn -0.9914 0.1305 -0.0000
vn -0.9914 -0.1305 -0.0000
vn 0.6384 0.7697 -0.0000
vn 0.8844 0.4668 -0.0000
vn 0.9750 0.2220 -0.0000
vn 0.9554 -0.2953 -0.0000
vn 0.8464 -0.5325 -0.0000
vn 0.4668 -0.8844 -0.0000
vn 0.2220 -0.9750 -0.0000
vn -0.2953 -0.9554 -0.0000
vn -0.4175 -0.9087 -0.0000
vn -0.7697 0.6384 -0.0000
vn -0.6798 0.7334 -0.0000
vn -0.2220 0.9750 -0.0000
vn 0.0379 0.9993 -0.0000
vn 0.2953 0.9554 -0.0000
vn 0.7334 0.6798 -0.0000
vn 0.9087 -0.4175 -0.0000
vn -0.6384 -0.7697 -0.0000
vn -0.8844 -0.4668 -0.0000
vn -0.9750 -0.2220 -0.0000
vn -0.9554 0.2953 -0.0000
vn -0.8464 0.5325 -0.0000
vn -0.4668 0.8844 -0.0000
vn 0.4175 0.9087 -0.0000
vn 0.4174 0.9087 -0.0000
vn 0.7697 -0.6384 -0.0000
vn -0.0379 -0.9993 -0.0000
vn -0.5325 -0.8464 -0.0000
vn -0.7334 -0.6798 -0.0000
vn -0.9993 0.0379 -0.0000
vn -0.9087 0.4174 -0.0000
vn 0.5325 0.8464 -0.0000
vn -0.8982 0.4394 0.0112
vn -0.9477 0.3193 0.0019
vn -0.8787 0.4773 0.0101
vn -0.8455 0.5340 -0.0016
vn -0.8363 0.5476 0.0249
vn -0.7799 0.6216 0.0729
vn -0.6988 0.7153 0.0079
vn -0.7656 0.6433 -0.0000
vn 0.3202 0.9473 0.0079
vn 0.5318 0.8454 0.0499
vn 0.4340 0.8980 0.0729
vn 0.6216 0.7799 0.0729
vn 0.7153 0.6988 0.0079
vn 0.6433 0.7656 -0.0000
vn 0.9473 -0.3202 0.0079
vn 0.8454 -0.5318 0.0499
vn 0.8980 -0.4340 0.0729
vn 0.7799 -0.6216 0.0729
vn 0.6988 -0.7153 0.0079
vn 0.7656 -0.6433 -0.0000
vn -0.3202 -0.9473 0.0079
vn -0.5318 -0.8454 0.0499
vn -0.4340 -0.8980 0.0729
vn -0.6216 -0.7799 0.0729
vn -0.7153 -0.6988 0.0079
vn -0.6433 -0.7656 -0.0000
vn -0.7163 -0.6978 -0.0000
vn -0.8470 -0.5316 -0.0000
vn -0.9441 -0.3298 -0.0000
vn -0.9938 -0.1114 -0.0000
vn -0.9937 0.1125 -0.0000
vn -0.9478 0.3189 -0.0000
vn -0.9113 0.4117 -0.0000
vn 0.6978 -0.7163 -0.0000
vn 0.5316 -0.8470 -0.0000
vn 0.3298 -0.9441 -0.0000
vn 0.1114 -0.9938 -0.0000
vn -0.1125 -0.9937 -0.0000
vn -0.3189 -0.9478 -0.0000
vn -0.4117 -0.9113 -0.0000
vn 0.7163 0.6978 -0.0000
vn 0.8470 0.5316 -0.0000
vn 0.9441 0.3298 -0.0000
vn 0.9938 0.1114 -0.0000
vn 0.9937 -0.1125 -0.0000
vn 0.9478 -0.3189 -0.0000
vn 0.9113 -0.4117 -0.0000
vn -0.6978 0.7163 -0.0000
vn -0.5316 0.8470 -0.0000
vn -0.3298 0.9441 -0.0000
vn -0.1114 0.9938 -0.0000
vn 0.1125 0.9937 -0.0000
vn 0.3189 0.9478 -0.0000
vn 0.4117 0.9113 -0.0000
vn 0.8397 0.5311 -0.1129
vn 0.8397 0.4393 -0.3192
vn -0.8397 0.4960 -0.2209
vn -0.8398 0.4960 -0.2209
vn 0.8397 0.2715 -0.4702
vn -0.8397 0.3633 -0.4035
vn 0.8397 0.0568 -0.5400
vn -0.8397 0.1678 -0.5164
vn 0.8397 -0.1678 -0.5164
vn -0.8397 -0.0568 -0.5400
vn 0.8397 -0.3633 -0.4035
vn -0.8397 -0.2715 -0.4702
vn 0.8397 -0.4960 -0.2208
vn -0.8397 -0.4393 -0.3192
vn -0.8398 -0.4393 -0.3192
vn 0.8397 -0.4960 0.2208
vn -0.8394 -0.5369 0.0846
vn -0.8398 -0.5311 0.1129
vn -0.8394 -0.5368 0.0853
vn -0.8384 -0.5421 0.0570
vn -0.0000 -0.9988 0.0488
vn -0.0000 -0.9781 0.2079
vn -0.0000 -0.9984 0.0558
vn -0.0000 -0.9945 -0.1045
vn -0.8397 -0.5311 -0.1129
vn -0.8398 -0.5311 -0.1129
vn 0.8397 -0.3633 0.4035
vn -0.8397 -0.4393 0.3192
vn 0.8397 -0.1678 0.5164
vn -0.8397 -0.2715 0.4702
vn -0.8397 -0.2715 0.4703
vn 0.8397 0.0568 0.5400
vn -0.8397 -0.0568 0.5400
vn 0.8397 0.2715 0.4702
vn -0.8397 0.1678 0.5164
vn 0.8397 0.4393 0.3192
vn -0.8398 0.3633 0.4035
vn -0.8397 0.3633 0.4035
vn -0.8398 0.5430 -0.0000
vn 0.8397 0.5311 0.1129
vn -0.8397 0.4960 0.2209
vn 0.6993 -0.6993 0.1486
vn 0.6993 -0.6992 -0.1486
vn 0.7071 -0.6460 -0.2876
vn 0.6993 -0.5783 -0.4202
vn 0.7071 -0.4731 -0.5255
vn 0.7071 -0.4732 -0.5255
vn 0.6993 -0.3574 -0.6191
vn 0.7071 -0.2185 -0.6725
vn 0.6993 -0.0747 -0.7110
vn 0.7071 0.0739 -0.7032
vn 0.6992 0.2209 -0.6799
vn 0.7071 0.3536 -0.6124
vn 0.6992 0.4783 -0.5313
vn 0.6993 0.4783 -0.5313
vn 0.7071 0.5721 -0.4156
vn 0.6992 0.6531 -0.2908
vn 0.7071 0.6917 -0.1470
vn 0.6993 0.7149 -0.0000
vn 0.7071 0.6917 0.1470
vn 0.6993 0.6531 0.2908
vn 0.7071 0.5721 0.4156
vn 0.6993 0.4783 0.5313
vn 0.7071 0.3536 0.6124
vn 0.6992 0.2209 0.6799
vn 0.7071 0.0739 0.7032
vn 0.6993 -0.0747 0.7109
vn 0.7071 -0.2185 0.6725
vn 0.6993 -0.3574 0.6191
vn 0.7071 -0.4731 0.5255
vn 0.6993 -0.5783 0.4202
vn 0.7071 -0.6460 0.2876
vn 0.1209 0.9837 -0.1333
vn 0.0589 0.9952 -0.0781
vn -0.0871 0.9891 -0.1190
vn -0.3415 0.9399 -0.0000
vn 0.1220 0.9067 -0.4037
vn 0.0511 0.8858 -0.4612
vn -0.0117 0.8090 -0.5877
vn 0.0117 0.6691 -0.7431
vn 0.1220 0.6641 -0.7376
vn -0.0117 0.5000 -0.8660
vn 0.0117 0.3090 -0.9510
vn 0.1220 0.3067 -0.9440
vn -0.0117 0.1045 -0.9945
vn 0.0117 -0.1045 -0.9945
vn 0.1220 -0.1037 -0.9871
vn -0.0117 -0.3090 -0.9510
vn 0.0117 -0.5000 -0.8660
vn 0.1220 -0.4963 -0.8596
vn -0.0117 -0.6691 -0.7431
vn 0.0117 -0.8090 -0.5877
vn 0.1220 -0.8030 -0.5834
vn -0.0117 -0.9135 -0.4067
vn 0.0117 -0.9781 -0.2079
vn 0.1220 -0.9708 -0.2064
vn -0.0117 -0.9999 -0.0000
vn 0.0117 -0.9781 0.2079
vn 0.1220 -0.9708 0.2064
vn -0.0117 -0.9135 0.4067
vn 0.0117 -0.8090 0.5877
vn 0.1220 -0.8030 0.5834
vn -0.0117 -0.6691 0.7431
vn 0.0117 -0.5000 0.8660
vn 0.1220 -0.4963 0.8596
vn -0.0117 -0.3090 0.9510
vn 0.0663 -0.0481 0.9966
vn 0.0589 -0.0264 0.9979
vn -0.0871 0.0150 0.9961
vn -0.3415 -0.0982 0.9347
vn 0.1220 0.3067 0.9440
vn 0.0512 0.3661 0.9292
vn -0.0117 0.5000 0.8660
vn 0.0663 0.7085 0.7026
vn 0.0589 0.7239 0.6873
vn -0.0871 0.7503 0.6554
vn -0.3415 0.6289 0.6985
vn 0.1209 0.9528 0.2783
vn 0.1220 0.9067 0.4037
vn 0.0589 0.9409 0.3335
vn -0.0871 0.9520 0.2936
vn -0.3415 0.8586 0.3823
vn 0.1220 0.9925 -0.0000
vn -0.7071 0.6460 0.2876
vn -0.7071 0.4731 0.5255
vn -0.7071 0.2185 0.6725
vn -0.7071 -0.0739 0.7032
vn -0.7071 -0.3535 0.6124
vn -0.7071 -0.5721 0.4156
vn -0.7071 -0.6916 0.1470
vn -0.7071 -0.6917 -0.1470
vn -0.7071 -0.5721 -0.4156
vn -0.7071 -0.3536 -0.6124
vn -0.7071 -0.0739 -0.7032
vn -0.7071 0.2185 -0.6725
vn -0.7071 0.4731 -0.5255
vn -0.7071 0.6460 -0.2876
vn -0.0000 0.9135 0.4067
vn -0.0000 0.6691 0.7431
vn -0.0000 0.3090 0.9511
vn -0.0000 -0.1045 0.9945
vn -0.0000 -0.8090 0.5878
vn -0.0000 -0.9781 -0.2079
vn -0.0000 -0.8090 -0.5878
vn -0.0000 -0.1045 -0.9945
vn -0.0000 0.3090 -0.9511
vn -0.0000 0.6691 -0.7431
vn -0.0000 0.9135 -0.4067
vn 0.7189 0.6951 -0.0000
vn 0.8650 0.5017 -0.0000
vn 0.8778 0.4790 -0.0000
vn 0.8650 -0.5017 -0.0000
vn 0.8778 -0.4790 -0.0000
vn 0.7189 -0.6951 -0.0000
vn -0.0632 0.2126 0.9751
vn -0.2131 0.3367 0.9172
vn -0.0125 0.5239 0.8517
vn -0.0014 0.5002 0.8659
vn -0.0264 0.0251 0.9993
vn -0.0067 0.0043 1.0000
vn -0.0217 -0.1403 0.9899
vn -0.0065 -0.5037 0.8638
vn -0.0000 -0.8660 -0.5000
vn -0.0000 -0.8660 0.5000
vn -0.0000 -0.5385 0.8426
vn -0.0153 -0.2738 0.9617
vn 0.0570 0.0952 0.9938
vn 0.0380 0.0817 0.9959
vn 0.0113 -0.0124 0.9999
vn 0.0133 -0.0130 0.9998
vn 0.0455 -0.0699 0.9965
vn 0.1358 -0.0186 0.9906
vn -0.0000 -0.8855 0.4647
vn -0.0000 -0.5681 0.8230
vn -0.0000 -0.1205 0.9927
vn -0.0000 0.3546 0.9350
vn -0.0000 0.7485 0.6631
vn -0.0000 0.9709 0.2393
vn -0.0000 0.9709 -0.2393
vn -0.0000 0.7485 -0.6631
vn -0.0000 0.3546 -0.9350
vn -0.0000 -0.1205 -0.9927
vn -0.0000 -0.5681 -0.8230
vn -0.0000 -0.8855 -0.4647
s 1
f 1//1 2//1 3//1
f 4//1 5//1 3//1
f 6//1 7//1 8//1
f 9//1 10//1 11//1
f 12//1 13//1 11//1
f 14//1 15//1 16//1
f 16//1 15//1 17//1
f 16//1 17//1 18//1
f 19//1 20//1 21//1
f 21//1 20//1 22//1
f 7//1 16//1 8//1
f 8//1 16//1 18//1
f 8//1 18//1 23//1
f 23//1 18//1 24//1
f 23//1 24//1 25//1
f 25//1 24//1 26//1
f 25//1 26//1 27//1
f 27//1 26//1 28//1
f 27//1 28//1 19//1
f 19//1 28//1 29//1
f 19//1 29//1 20//1
f 30//1 31//1 32//1
f 32//1 31//1 33//1
f 33//1 31//1 34//1
f 33//1 34//1 35//1
f 35//1 34//1 36//1
f 35//1 36//1 14//1
f 14//1 36//1 37//1
f 14//1 37//1 15//1
f 38//1 39//1 40//1
f 40//1 39//1 41//1
f 42//1 43//1 44//1
f 40//1 45//1 38//1
f 38//1 45//1 46//1
f 38//1 46//1 47//1
f 47//1 46//1 48//1
f 49//1 50//1 51//1
f 51//1 52//1 49//1
f 49//1 52//1 53//1
f 49//1 53//1 54//1
f 54//1 53//1 55//1
f 54//1 55//1 56//1
f 56//1 55//1 57//1
f 56//1 57//1 58//1
f 59//1 60//1 61//1
f 61//1 60//1 62//1
f 61//1 62//1 50//1
f 50//1 62//1 63//1
f 50//1 63//1 51//1
f 61//1 64//1 59//1
f 59//1 64//1 42//1
f 59//1 42//1 65//1
f 65//1 42//1 44//1
f 65//1 44//1 66//1
f 66//1 44//1 67//1
f 66//1 67//1 68//1
f 68//1 67//1 41//1
f 68//1 41//1 69//1
f 69//1 41//1 39//1
f 12//1 11//1 70//1
f 71//1 72//1 73//1
f 73//1 72//1 74//1
f 73//1 74//1 75//1
f 75//1 74//1 76//1
f 77//1 78//1 79//1
f 13//1 80//1 81//1
f 81//1 80//1 82//1
f 81//1 82//1 78//1
f 78//1 82//1 83//1
f 78//1 83//1 79//1
f 84//1 85//1 77//1
f 74//1 86//1 76//1
f 76//1 86//1 87//1
f 76//1 87//1 88//1
f 88//1 87//1 84//1
f 88//1 84//1 89//1
f 89//1 84//1 77//1
f 89//1 77//1 90//1
f 90//1 77//1 79//1
f 9//1 11//1 91//1
f 13//1 81//1 11//1
f 11//1 81//1 92//1
f 11//1 92//1 91//1
f 64//1 93//1 42//1
f 42//1 93//1 94//1
f 42//1 94//1 43//1
f 43//1 94//1 95//1
f 43//1 95//1 87//1
f 87//1 95//1 96//1
f 87//1 96//1 84//1
f 84//1 96//1 97//1
f 84//1 97//1 85//1
f 33//1 98//1 32//1
f 32//1 98//1 99//1
f 32//1 99//1 57//1
f 57//1 99//1 100//1
f 57//1 100//1 58//1
f 101//1 102//1 103//1
f 103//1 102//1 104//1
f 103//1 104//1 8//1
f 8//1 104//1 105//1
f 8//1 105//1 6//1
f 106//1 107//1 108//1
f 108//1 109//1 106//1
f 106//1 109//1 110//1
f 106//1 110//1 111//1
f 111//1 110//1 112//1
f 113//1 3//1 112//1
f 112//1 3//1 5//1
f 112//1 5//1 111//1
f 113//1 114//1 3//1
f 3//1 114//1 115//1
f 3//1 115//1 103//1
f 103//1 115//1 116//1
f 116//1 117//1 103//1
f 103//1 117//1 118//1
f 103//1 118//1 101//1
f 101//1 118//1 119//1
f 101//1 119//1 107//1
f 107//1 119//1 120//1
f 107//1 120//1 108//1
f 4//1 3//1 121//1
f 121//1 3//1 2//1
f 121//1 2//1 122//1
f 123//1 124//1 122//1
f 122//1 124//1 125//1
f 122//1 125//1 121//1
f 126//1 127//1 123//1
f 123//1 127//1 128//1
f 123//1 128//1 124//1
f 129//1 130//1 131//1
f 131//1 130//1 132//1
f 127//1 133//1 128//1
f 128//1 133//1 134//1
f 128//1 134//1 135//1
f 135//1 134//1 136//1
f 135//1 136//1 137//1
f 137//1 136//1 138//1
f 137//1 138//1 139//1
f 139//1 138//1 140//1
f 139//1 140//1 141//1
f 141//1 140//1 129//1
f 141//1 129//1 142//1
f 142//1 129//1 131//1
f 130//1 143//1 132//1
f 132//1 143//1 144//1
f 132//1 144//1 123//1
f 123//1 144//1 145//1
f 123//1 145//1 126//1
f 146//1 147//1 148//1
f 147//1 149//1 148//1
f 148//1 149//1 150//1
f 148//1 150//1 151//1
f 141//1 152//1 139//1
f 139//1 152//1 153//1
f 139//1 153//1 154//1
f 154//1 153//1 155//1
f 154//1 155//1 156//1
f 156//1 155//1 157//1
f 158//1 159//1 160//1
f 160//1 159//1 161//1
f 162//1 163//1 164//1
f 164//1 163//1 165//1
f 164//1 165//1 166//1
f 157//1 164//1 156//1
f 156//1 164//1 166//1
f 156//1 166//1 167//1
f 167//1 166//1 168//1
f 167//1 168//1 158//1
f 158//1 168//1 169//1
f 158//1 169//1 159//1
f 170//1 171//1 148//1
f 161//1 146//1 160//1
f 160//1 146//1 148//1
f 160//1 148//1 172//1
f 172//1 148//1 171//1
f 148//1 173//1 170//1
f 170//1 173//1 174//1
f 170//1 174//1 10//1
f 71//1 70//1 72//1
f 72//1 70//1 11//1
f 72//1 11//1 175//1
f 175//1 11//1 176//1
f 177//1 176//1 178//1
f 178//1 176//1 11//1
f 178//1 11//1 179//1
f 179//1 11//1 10//1
f 179//1 10//1 180//1
f 180//1 10//1 174//1
f 103//1 181//1 182//1
f 103//1 182//1 3//1
f 3//1 182//1 183//1
f 3//1 183//1 1//1
f 23//1 184//1 8//1
f 8//1 184//1 185//1
f 8//1 185//1 103//1
f 103//1 185//1 186//1
f 103//1 186//1 181//1
f 45//1 187//1 46//1
f 46//1 187//1 188//1
f 46//1 188//1 21//1
f 21//1 188//1 189//1
f 21//1 189//1 19//1
f 55//1 48//1 57//1
f 57//1 48//1 46//1
f 57//1 46//1 32//1
f 32//1 46//1 21//1
f 32//1 21//1 30//1
f 30//1 21//1 22//1
f 190//2 191//2 192//2
f 192//2 191//2 193//2
f 192//2 193//2 194//2
f 194//2 193//2 195//2
f 194//2 195//2 196//2
f 196//2 195//2 197//2
f 196//2 197//2 198//2
f 198//2 197//2 199//2
f 198//2 199//2 200//2
f 200//2 199//2 201//2
f 200//2 201//2 202//2
f 202//2 201//2 203//2
f 202//2 203//2 204//2
f 204//2 203//2 205//2
f 204//2 205//2 206//2
f 206//2 205//2 207//2
f 206//2 207//2 208//2
f 208//2 207//2 209//2
f 208//2 209//2 210//2
f 210//2 209//2 211//2
f 210//2 211//2 212//2
f 212//2 211//2 213//2
f 212//2 213//2 214//2
f 214//2 213//2 215//2
f 214//2 215//2 216//2
f 216//2 215//2 217//2
f 216//2 217//2 218//2
f 218//2 217//2 219//2
f 218//2 219//2 220//2
f 220//2 219//2 221//2
f 220//2 221//2 222//2
f 222//2 221//2 223//2
f 222//2 223//2 224//2
f 224//2 223//2 225//2
f 224//2 225//2 226//2
f 226//2 225//2 227//2
f 226//2 227//2 228//2
f 228//2 227//2 229//2
f 228//2 229//2 230//2
f 230//2 229//2 231//2
f 230//2 231//2 232//2
f 232//2 231//2 233//2
f 232//2 233//2 234//2
f 234//2 233//2 235//2
f 234//2 235//2 236//2
f 236//2 235//2 237//2
f 236//2 237//2 238//2
f 238//2 237//2 239//2
f 238//2 239//2 240//2
f 240//2 239//2 241//2
f 240//2 241//2 242//2
f 242//2 241//2 243//2
f 242//2 243//2 244//2
f 244//2 243//2 245//2
f 244//2 245//2 246//2
f 246//2 245//2 190//2
f 246//2 190//2 192//2
f 247//3 248//3 249//4
f 249//4 248//3 250//4
f 249//4 250//4 251//5
f 251//5 250//4 252//5
f 251//6 252//6 253//6
f 253//6 252//6 254//6
f 253//7 254//7 255//8
f 255//8 254//7 256//8
f 255//8 256//8 257//9
f 256//8 258//9 257//9
f 257//9 258//9 259//10
f 257//9 259//10 260//10
f 260//10 259//10 261//10
f 260//11 261//11 262//12
f 262//12 261//11 263//12
f 262//12 263//12 264//13
f 264//13 263//12 265//13
f 264//14 265//14 266//15
f 266//15 265//14 267//15
f 266//15 267//15 268//16
f 268//16 267//15 269//16
f 268//17 269//17 270//18
f 270//18 269//17 271//18
f 270//18 271//18 247//19
f 247//19 271//18 272//19
f 247//3 272//3 248//3
f 273//1 274//1 275//1
f 275//1 274//1 276//1
f 275//1 276//1 277//1
f 277//1 276//1 278//1
f 277//1 278//1 279//1
f 279//1 278//1 280//1
f 279//1 280//1 281//1
f 281//1 280//1 282//1
f 281//1 282//1 283//1
f 283//1 282//1 284//1
f 283//1 284//1 285//1
f 285//1 284//1 286//1
f 285//1 286//1 287//1
f 287//1 286//1 288//1
f 287//1 288//1 289//1
f 289//1 288//1 290//1
f 289//1 290//1 291//1
f 291//1 290//1 292//1
f 291//1 292//1 293//1
f 293//1 292//1 294//1
f 293//1 294//1 295//1
f 295//1 294//1 296//1
f 295//1 296//1 273//1
f 273//1 296//1 274//1
f 297//1 298//1 299//1
f 299//1 298//1 300//1
f 299//1 300//1 301//1
f 301//1 300//1 302//1
f 301//1 302//1 303//1
f 303//1 302//1 304//1
f 303//1 304//1 305//1
f 305//1 304//1 306//1
f 305//1 306//1 307//1
f 307//1 306//1 308//1
f 307//1 308//1 309//1
f 309//1 308//1 310//1
f 309//1 310//1 311//1
f 311//1 310//1 312//1
f 311//1 312//1 313//1
f 313//1 312//1 314//1
f 313//1 314//1 315//1
f 315//1 314//1 316//1
f 315//1 316//1 317//1
f 317//1 316//1 318//1
f 317//1 318//1 319//1
f 319//1 318//1 320//1
f 319//1 320//1 297//1
f 297//1 320//1 298//1
f 321//1 322//1 323//1
f 323//1 322//1 324//1
f 323//1 324//1 325//1
f 325//1 324//1 326//1
f 325//1 326//1 327//1
f 327//1 326//1 328//1
f 327//1 328//1 329//1
f 329//1 328//1 330//1
f 329//1 330//1 331//1
f 331//1 330//1 332//1
f 331//1 332//1 333//1
f 333//1 332//1 334//1
f 333//1 334//1 335//1
f 335//1 334//1 336//1
f 335//1 336//1 337//1
f 337//1 336//1 338//1
f 337//1 338//1 339//1
f 339//1 338//1 340//1
f 339//1 340//1 341//1
f 341//1 340//1 342//1
f 341//1 342//1 343//1
f 343//1 342//1 344//1
f 343//1 344//1 321//1
f 321//1 344//1 322//1
f 345//1 346//1 347//1
f 347//1 346//1 348//1
f 347//1 348//1 349//1
f 349//1 348//1 350//1
f 349//1 350//1 351//1
f 351//1 350//1 352//1
f 351//1 352//1 353//1
f 353//1 352//1 354//1
f 353//1 354//1 355//1
f 355//1 354//1 356//1
f 355//1 356//1 357//1
f 357//1 356//1 358//1
f 357//1 358//1 359//1
f 359//1 358//1 360//1
f 359//1 360//1 361//1
f 361//1 360//1 362//1
f 361//1 362//1 363//1
f 363//1 362//1 364//1
f 363//1 364//1 365//1
f 365//1 364//1 366//1
f 365//1 366//1 367//1
f 367//1 366//1 368//1
f 367//1 368//1 345//1
f 345//1 368//1 346//1
f 369//1 370//1 371//1
f 371//1 370//1 372//1
f 371//1 372//1 373//1
f 373//1 372//1 374//1
f 373//1 374//1 375//1
f 375//1 374//1 376//1
f 375//1 376//1 377//1
f 377//1 376//1 378//1
f 377//1 378//1 379//1
f 379//1 378//1 380//1
f 379//1 380//1 381//1
f 381//1 380//1 382//1
f 381//1 382//1 383//1
f 383//1 382//1 384//1
f 383//1 384//1 385//1
f 385//1 384//1 386//1
f 385//1 386//1 387//1
f 387//1 386//1 388//1
f 387//1 388//1 389//1
f 389//1 388//1 390//1
f 389//1 390//1 391//1
f 391//1 390//1 392//1
f 391//1 392//1 369//1
f 369//1 392//1 370//1
f 393//20 394//21 395//22
f 395//22 394//21 396//23
f 395//22 396//23 397//24
f 397//24 396//23 398//25
f 397//24 398//25 399//26
f 399//26 398//25 400//27
f 399//26 400//27 401//28
f 401//28 400//27 402//29
f 401//28 402//29 403//30
f 403//30 402//29 404//31
f 403//30 404//31 405//32
f 405//32 404//31 406//33
f 405//32 406//33 407//34
f 407//34 406//33 408//35
f 407//34 408//35 409//36
f 409//36 408//35 410//37
f 409//36 410//37 411//38
f 411//38 410//37 412//39
f 411//38 412//39 413//40
f 413//40 412//39 414//41
f 413//40 414//41 415//42
f 415//42 414//41 416//43
f 415//42 416//43 417//44
f 417//44 416//43 418//45
f 417//44 418//45 419//46
f 419//46 418//45 420//47
f 419//46 420//47 421//48
f 421//48 420//47 422//49
f 421//48 422//49 423//50
f 423//50 422//49 424//51
f 423//50 424//51 425//52
f 425//52 424//51 426//53
f 425//52 426//53 427//54
f 427//54 426//53 428//55
f 427//54 428//55 429//56
f 429//56 428//55 430//57
f 429//56 430//57 431//58
f 431//58 430//57 432//59
f 431//58 432//59 433//60
f 433//60 432//59 434//61
f 433//60 434//61 435//62
f 435//62 434//61 436//63
f 435//62 436//63 437//64
f 437//64 436//63 438//65
f 437//64 438//65 439//66
f 439//66 438//65 440//67
f 439//66 440//67 441//68
f 441//68 440//67 442//69
f 441//68 442//69 443//70
f 443//70 442//69 444//71
f 443//70 444//71 445//72
f 445//72 444//71 446//73
f 445//72 446//73 447//74
f 447//74 446//73 448//75
f 447//74 448//75 449//76
f 449//76 448//75 450//77
f 449//76 450//77 451//78
f 451//78 450//77 452//79
f 451//78 452//79 453//80
f 453//80 452//79 454//81
f 453//80 454//81 455//82
f 455//82 454//81 456//83
f 455//82 456//83 457//84
f 457//84 456//83 458//85
f 457//84 458//85 459//86
f 459//86 458//85 460//87
f 459//86 460//87 461//88
f 461//88 460//87 462//89
f 461//88 462//89 463//90
f 463//90 462//89 464//91
f 463//90 464//91 465//92
f 465//92 464//91 466//93
f 465//92 466//93 467//94
f 467//94 466//93 468//95
f 467//94 468//95 469//96
f 469//96 468//95 470//97
f 469//96 470//97 471//98
f 471//98 470//97 472//99
f 471//98 472//99 473//100
f 473//100 472//99 474//101
f 473//100 474//101 475//102
f 475//102 474//101 476//103
f 475//102 476//103 477//104
f 477//104 476//103 478//105
f 477//104 478//105 479//106
f 479//106 478//105 480//107
f 479//106 480//107 481//108
f 481//108 480//107 482//109
f 481//108 482//109 483//110
f 483//110 482//109 484//111
f 483//110 484//111 485//112
f 485//112 484//111 486//113
f 485//112 486//113 487//114
f 487//114 486//113 488//115
f 487//114 488//115 489//116
f 489//116 488//115 490//117
f 489//116 490//117 491//118
f 491//118 490//117 492//119
f 491//118 492//119 493//120
f 493//120 492//119 494//121
f 493//120 494//121 495//122
f 495//122 494//121 496//123
f 495//122 496//123 497//124
f 497//124 496//123 498//125
f 497//124 498//125 499//126
f 499//126 498//125 500//127
f 499//126 500//127 501//128
f 501//128 500//127 502//129
f 501//128 502//129 503//130
f 503//130 502//129 504//131
f 503//130 504//131 505//132
f 505//132 504//131 506//133
f 505//132 506//133 507//134
f 507//134 506//133 508//135
f 507//134 508//135 509//136
f 509//136 508//135 510//137
f 509//136 510//137 511//138
f 511//138 510//137 512//139
f 511//138 512//139 513//140
f 513//140 512//139 514//141
f 513//140 514//141 515//142
f 515//142 514//141 516//143
f 515//142 516//143 517//144
f 517//144 516//143 518//145
f 517//144 518//145 519//146
f 519//146 518//145 520//147
f 519//146 520//147 521//148
f 521//148 520//147 522//149
f 521//148 522//149 523//150
f 523//150 522//149 524//151
f 523//150 524//151 393//20
f 393//20 524//151 394//21
f 255//1 525//1 253//1
f 253//1 525//1 526//1
f 253//1 526//1 251//1
f 251//1 526//1 527//1
f 251//1 527//1 249//1
f 249//1 527//1 528//1
f 249//1 528//1 247//1
f 247//1 528//1 529//1
f 247//1 529//1 270//1
f 270//1 529//1 530//1
f 270//1 530//1 268//1
f 268//1 530//1 531//1
f 268//1 531//1 266//1
f 266//1 531//1 532//1
f 266//1 532//1 264//1
f 264//1 532//1 533//1
f 264//1 533//1 262//1
f 262//1 533//1 534//1
f 262//1 534//1 260//1
f 260//1 534//1 535//1
f 260//1 535//1 257//1
f 257//1 535//1 536//1
f 257//1 536//1 255//1
f 255//1 536//1 525//1
f 533//152 532//153 162//154
f 162//154 537//155 533//152
f 533//152 537//155 151//156
f 533//152 151//156 534//157
f 534//157 151//156 150//158
f 534//157 150//158 535//11
f 535//11 150//158 149//11
f 535//10 149//10 536//10
f 536//10 149//10 147//10
f 536//159 147//159 525//8
f 525//8 147//159 146//8
f 525//8 146//8 526//7
f 526//7 146//8 161//7
f 526//6 161//6 527//160
f 527//160 161//6 159//160
f 527//160 159//160 528//4
f 528//4 159//160 169//4
f 528//4 169//4 529//3
f 529//3 169//4 168//3
f 529//19 168//19 530//18
f 530//18 168//19 166//18
f 530//18 166//18 531//161
f 531//161 166//18 165//161
f 531//161 165//161 532//153
f 532//153 165//161 163//162
f 532//153 163//162 162//154
f 294//155 36//13 296//13
f 296//13 36//13 34//13
f 296//11 34//11 274//163
f 34//11 31//163 274//163
f 274//163 31//163 30//10
f 274//163 30//10 276//10
f 276//10 30//10 22//10
f 276//159 22//159 278//8
f 278//8 22//159 20//8
f 278//8 20//8 280//164
f 280//164 20//8 29//164
f 280//164 29//164 282//6
f 282//6 29//164 28//6
f 282//5 28//5 284//4
f 284//4 28//5 26//4
f 284//4 26//4 286//165
f 286//165 26//4 24//165
f 286//165 24//165 288//19
f 288//19 24//165 18//19
f 288//17 18//17 290//161
f 290//161 18//17 17//161
f 290//161 17//161 292//16
f 292//16 17//161 15//16
f 292//14 15//14 294//155
f 294//155 15//14 37//155
f 294//155 37//155 36//13
f 134//165 314//165 136//3
f 136//3 314//165 312//3
f 136//5 312//5 138//160
f 138//160 312//5 310//160
f 138//160 310//160 140//6
f 140//6 310//160 308//6
f 140//7 308//7 129//7
f 129//7 308//7 306//7
f 129//159 306//159 130//9
f 130//9 306//159 304//9
f 130//9 304//9 143//163
f 143//163 304//9 302//163
f 143//163 302//163 144//12
f 144//12 302//163 300//12
f 144//12 300//12 145//13
f 145//13 300//12 298//13
f 145//14 298//14 126//15
f 126//15 298//14 320//15
f 126//15 320//15 127//16
f 127//16 320//15 318//16
f 127//17 318//17 133//18
f 133//18 318//17 316//18
f 133//18 316//18 134//165
f 134//165 316//18 314//165
f 344//159 62//159 322//8
f 322//8 62//159 60//8
f 322//8 60//8 324//164
f 334//16 48//16 336//16
f 336//16 48//16 55//16
f 336//14 55//14 338//14
f 338//14 55//14 53//14
f 338//13 53//13 340//13
f 340//13 53//13 52//13
f 340//11 52//11 342//163
f 342//163 52//11 51//163
f 342//163 51//163 344//10
f 344//10 51//163 63//10
f 344//159 63//159 62//159
f 332//18 38//17 334//17
f 334//17 38//17 47//17
f 334//16 47//16 48//16
f 60//8 59//164 324//164
f 324//164 59//164 65//6
f 324//164 65//6 326//160
f 326//160 65//6 66//160
f 326//160 66//160 328//4
f 328//4 66//160 68//4
f 328//4 68//4 330//3
f 330//3 68//4 69//3
f 330//19 69//19 332//18
f 332//18 69//19 39//18
f 332//18 39//18 38//17
f 346//11 89//11 348//163
f 348//163 89//11 90//163
f 348//163 90//163 350//10
f 350//10 90//163 79//10
f 350//159 79//159 352//8
f 352//8 79//159 83//8
f 352//8 83//8 354//7
f 354//7 83//8 82//7
f 354//6 82//6 356//6
f 82//6 80//6 356//6
f 356//5 80//5 13//5
f 356//5 13//5 358//4
f 358//4 13//5 12//4
f 358//4 12//4 360//165
f 360//165 12//4 70//165
f 360//165 70//165 362//19
f 362//19 70//165 71//19
f 362//17 71//17 364//161
f 364//161 71//17 73//161
f 364//161 73//161 366//16
f 366//16 73//161 75//16
f 366//14 75//14 368//155
f 368//155 75//14 76//155
f 368//155 76//155 346//13
f 346//13 76//155 88//13
f 346//11 88//11 89//11
f 110//165 386//165 112//4
f 112//4 386//165 384//4
f 112//4 384//4 113//160
f 113//160 384//4 382//160
f 113//160 382//160 114//164
f 114//164 382//160 380//164
f 114//164 380//164 115//7
f 115//7 380//164 378//7
f 115//159 378//159 116//9
f 116//9 378//159 376//9
f 116//9 376//9 117//10
f 117//10 376//9 374//10
f 117//11 374//11 118//11
f 118//11 374//11 372//11
f 118//13 372//13 119//13
f 119//13 372//13 370//13
f 119//14 370//14 120//14
f 120//14 370//14 392//14
f 120//16 392//16 108//161
f 108//161 392//16 390//161
f 108//161 390//161 109//17
f 109//17 390//161 388//17
f 109//19 388//19 110//165
f 110//165 388//19 386//165
f 97//166 96//167 405//167
f 171//168 170//169 425//170
f 425//170 170//169 10//169
f 425//170 10//169 9//171
f 425//170 427//169 171//168
f 171//168 427//169 429//168
f 171//168 429//168 172//172
f 429//168 431//173 172//172
f 172//172 431//173 433//172
f 172//172 433//172 160//174
f 160//174 433//172 435//174
f 160//174 435//174 158//175
f 158//175 435//174 437//176
f 158//175 437//176 167//177
f 437//176 439//178 167//177
f 167//177 439//178 441//177
f 167//177 441//177 156//179
f 441//177 443//180 156//179
f 156//179 443//180 445//179
f 156//179 445//179 154//181
f 445//179 447//182 154//181
f 154//181 447//182 449//181
f 154//181 449//181 139//183
f 139//183 449//181 137//184
f 449//181 451//183 137//184
f 137//184 451//183 453//184
f 137//184 453//184 135//185
f 453//184 455//186 135//185
f 135//185 455//186 457//185
f 135//185 457//185 128//187
f 128//187 457//185 459//187
f 128//187 459//187 124//188
f 124//188 459//187 461//188
f 124//188 461//188 125//189
f 461//188 463//190 125//189
f 125//189 463//190 465//189
f 125//189 465//189 121//191
f 121//191 465//189 467//191
f 121//191 467//191 4//192
f 4//192 467//191 469//192
f 4//192 469//192 5//193
f 5//193 469//192 471//193
f 5//193 471//193 111//194
f 111//194 471//193 473//194
f 111//194 473//194 106//195
f 473//194 475//196 106//195
f 106//195 475//196 477//195
f 106//195 477//195 107//197
f 477//195 479//198 107//197
f 107//197 479//198 481//197
f 107//197 481//197 101//199
f 101//199 481//197 102//200
f 481//197 483//199 102//200
f 102//200 483//199 485//200
f 102//200 485//200 104//201
f 485//200 487//202 104//201
f 104//201 487//202 489//201
f 104//201 489//201 105//203
f 105//203 489//201 491//203
f 105//203 491//203 6//204
f 6//204 491//203 493//204
f 6//204 493//204 7//205
f 7//205 493//204 495//205
f 7//205 495//205 16//206
f 16//206 495//205 497//206
f 16//206 497//206 14//207
f 14//207 497//206 499//207
f 14//207 499//207 501//208
f 100//209 99//210 505//211
f 505//211 99//210 98//211
f 505//211 98//211 503//212
f 503//212 98//211 33//212
f 503//212 33//212 501//208
f 501//208 33//212 35//208
f 501//208 35//208 14//207
f 505//211 507//210 100//209
f 100//209 507//210 509//209
f 100//209 509//209 58//213
f 509//209 511//214 58//213
f 58//213 511//214 513//213
f 58//213 513//213 56//215
f 56//215 513//213 515//215
f 56//215 515//215 54//216
f 54//216 515//215 517//216
f 54//216 517//216 49//217
f 517//216 519//218 49//217
f 49//217 519//218 521//219
f 49//217 521//219 50//220
f 521//219 523//221 50//220
f 50//220 523//221 393//222
f 50//220 393//222 61//223
f 61//223 393//222 395//223
f 61//223 395//223 64//224
f 64//224 395//223 397//224
f 95//225 94//226 397//224
f 397//224 94//226 93//226
f 397//224 93//226 64//224
f 397//224 399//226 95//225
f 95//225 399//226 401//225
f 95//225 401//225 96//167
f 96//167 401//225 403//227
f 96//167 403//227 405//167
f 97//166 405//167 85//166
f 85//166 405//167 407//166
f 85//166 407//166 77//228
f 77//228 407//166 409//228
f 77//228 409//228 78//229
f 409//228 411//230 78//229
f 78//229 411//230 413//229
f 78//229 413//229 81//231
f 81//231 413//229 415//231
f 81//231 415//231 92//232
f 92//232 415//231 417//232
f 92//232 417//232 91//233
f 417//232 419//234 91//233
f 91//233 419//234 421//233
f 91//233 421//233 9//171
f 9//171 421//233 423//235
f 9//171 423//235 425//170
f 273//11 538//11 295//12
f 295//12 538//11 539//12
f 295//12 539//12 293//155
f 293//155 539//12 540//155
f 293//155 540//155 291//14
f 291//14 540//155 541//14
f 291//16 541//16 289//161
f 289//161 541//16 542//161
f 289//161 542//161 287//17
f 542//161 543//17 287//17
f 287//19 543//19 544//19
f 287//19 544//19 285//165
f 285//165 544//19 545//165
f 285//165 545//165 283//4
f 283//4 545//165 546//4
f 283//4 546//4 281//160
f 281//160 546//4 547//160
f 281//160 547//160 279//6
f 279//6 547//160 548//6
f 279//7 548//7 277//8
f 277//8 548//7 549//8
f 277//8 549//8 275//9
f 275//9 549//8 550//9
f 275//9 550//9 273//10
f 273//10 550//9 551//10
f 273//11 551//11 538//11
f 313//3 552//3 311//4
f 311//4 552//3 553//4
f 311//4 553//4 309//5
f 309//5 553//4 554//5
f 309//6 554//6 307//164
f 307//164 554//6 555//164
f 307//164 555//164 305//7
f 305//7 555//164 556//7
f 305//159 556//159 303//9
f 303//9 556//159 557//9
f 303//9 557//9 301//163
f 301//163 557//9 558//163
f 301//163 558//163 299//11
f 299//11 558//163 559//11
f 299//13 559//13 297//13
f 297//13 559//13 560//13
f 297//14 560//14 319//15
f 319//15 560//14 561//15
f 319//15 561//15 317//16
f 317//16 561//15 562//16
f 317//17 562//17 315//18
f 315//18 562//17 563//18
f 315//18 563//18 313//19
f 313//19 563//18 552//19
f 329//3 564//3 327//4
f 327//4 564//3 565//4
f 327//4 565//4 325//5
f 325//5 565//4 566//5
f 325//6 566//6 323//6
f 323//6 566//6 567//6
f 323//7 567//7 321//7
f 321//7 567//7 568//7
f 321//159 568//159 343//9
f 343//9 568//159 569//9
f 343//9 569//9 341//163
f 341//163 569//9 570//163
f 341//163 570//163 339//11
f 339//11 570//163 571//11
f 339//13 571//13 337//155
f 337//155 571//13 572//155
f 337//155 572//155 335//14
f 335//14 572//155 573//14
f 335//16 573//16 333//161
f 333//161 573//16 574//161
f 333//161 574//161 331//17
f 331//17 574//161 575//17
f 331//19 575//19 329//19
f 329//19 575//19 564//19
f 359//3 576//3 357//3
f 357//3 576//3 577//3
f 357//5 577//5 355//160
f 355//160 577//5 578//160
f 355//160 578//160 353//6
f 353//6 578//160 579//6
f 353//7 579//7 351//7
f 351//7 579//7 580//7
f 351//159 580//159 349//9
f 580//159 581//9 349//9
f 349//9 581//9 582//10
f 349//9 582//10 347//163
f 347//163 582//10 583//163
f 347//163 583//163 345//12
f 345//12 583//163 584//12
f 345//12 584//12 367//155
f 367//155 584//12 585//155
f 367//155 585//155 365//14
f 365//14 585//155 586//14
f 365//16 586//16 363//16
f 363//16 586//16 587//16
f 363//17 587//17 361//18
f 361//18 587//17 588//18
f 361//18 588//18 359//19
f 359//19 588//18 589//19
f 359//3 589//3 576//3
f 373//11 590//11 371//11
f 371//11 590//11 591//11
f 371//13 591//13 369//155
f 369//155 591//13 592//155
f 369//155 592//155 391//14
f 391//14 592//155 593//14
f 391//16 593//16 389//16
f 389//16 593//16 594//16
f 389//17 594//17 387//18
f 594//17 595//18 387//18
f 387//18 595//18 596//19
f 387//18 596//19 385//165
f 385//165 596//19 597//165
f 385//165 597//165 383//3
f 383//3 597//165 598//3
f 383//5 598//5 381//160
f 381//160 598//5 599//160
f 381//160 599//160 379//6
f 379//6 599//160 600//6
f 379//7 600//7 377//7
f 377//7 600//7 601//7
f 377//159 601//159 375//9
f 375//9 601//159 602//9
f 375//9 602//9 373//10
f 373//10 602//9 603//10
f 373//11 603//11 590//11
f 604//236 605//237 490//238
f 490//238 488//239 604//236
f 604//236 488//239 486//236
f 604//236 486//236 606//240
f 486//236 484//241 606//240
f 606//240 484//241 482//240
f 606//240 482//240 607//242
f 482//240 480//243 607//242
f 607//242 480//243 478//242
f 607//242 478//242 608//244
f 608//244 478//242 476//244
f 608//244 476//244 609//244
f 609//244 476//244 610//245
f 610//245 476//244 474//245
f 610//245 474//245 611//246
f 611//246 474//245 472//246
f 611//246 472//246 612//247
f 612//247 472//246 470//247
f 612//247 470//247 613//248
f 470//247 468//249 613//248
f 613//248 468//249 466//248
f 613//248 466//248 614//250
f 614//250 466//248 615//251
f 466//248 464//250 615//251
f 615//251 464//250 462//251
f 615//251 462//251 616//252
f 462//251 460//253 616//252
f 616//252 460//253 458//252
f 616//252 458//252 617//254
f 458//252 456//255 617//254
f 617//254 456//255 454//254
f 617//254 454//254 618//256
f 454//254 452//257 618//256
f 618//256 452//257 450//256
f 618//256 450//256 619//258
f 619//258 450//256 620//259
f 450//256 448//258 620//259
f 620//259 448//258 446//259
f 620//259 446//259 621//260
f 621//260 446//259 444//260
f 621//260 444//260 622//261
f 622//261 444//260 442//261
f 622//261 442//261 623//262
f 623//262 442//261 440//262
f 623//262 440//262 624//263
f 624//263 440//262 438//264
f 624//263 438//264 625//265
f 625//265 438//264 626//266
f 438//264 436//267 626//266
f 626//266 436//267 434//266
f 626//266 434//266 627//268
f 434//266 432//269 627//268
f 627//268 432//269 430//268
f 627//268 430//268 628//270
f 430//268 428//271 628//270
f 628//270 428//271 426//270
f 628//270 426//270 629//272
f 629//272 426//270 424//272
f 629//272 424//272 630//273
f 630//273 424//272 422//273
f 630//273 422//273 631//274
f 422//273 420//275 631//274
f 631//274 420//275 418//274
f 631//274 418//274 632//276
f 418//274 416//277 632//276
f 632//276 416//277 414//276
f 632//276 414//276 633//278
f 633//278 414//276 412//279
f 633//278 412//279 634//280
f 634//280 412//279 410//280
f 634//280 410//280 635//281
f 635//281 410//280 636//282
f 410//280 408//281 636//282
f 636//282 408//281 406//282
f 636//282 406//282 637//283
f 637//283 406//282 638//284
f 406//282 404//283 638//284
f 638//284 404//283 402//284
f 638//284 402//284 639//285
f 639//285 402//284 400//285
f 639//285 400//285 640//286
f 640//286 400//285 398//286
f 640//286 398//286 641//287
f 398//286 396//288 641//287
f 641//287 396//288 394//287
f 641//287 394//287 642//289
f 394//287 524//290 642//289
f 642//289 524//290 522//289
f 642//289 522//289 643//291
f 522//289 520//292 643//291
f 643//291 520//292 518//291
f 643//291 518//291 644//293
f 644//293 518//291 516//293
f 644//293 516//293 645//294
f 645//294 516//293 514//294
f 645//294 514//294 646//295
f 514//294 512//296 646//295
f 646//295 512//296 510//295
f 646//295 510//295 647//297
f 647//297 510//295 648//298
f 510//295 508//297 648//298
f 648//298 508//297 506//298
f 648//298 506//298 649//299
f 649//299 506//298 504//299
f 649//299 504//299 650//299
f 650//299 504//299 651//300
f 651//300 504//299 502//300
f 651//300 502//300 652//301
f 502//300 500//302 652//301
f 652//301 500//302 498//301
f 652//301 498//301 653//303
f 498//301 496//304 653//303
f 653//303 496//304 494//303
f 653//303 494//303 605//237
f 605//237 494//303 492//305
f 605//237 492//305 490//238
f 654//2 655//2 656//2
f 650//2 657//2 649//2
f 658//2 659//2 267//2
f 250//2 248//2 660//2
f 660//2 248//2 272//2
f 660//2 272//2 661//2
f 661//2 272//2 271//2
f 661//2 271//2 269//2
f 267//2 659//2 269//2
f 269//2 659//2 662//2
f 269//2 662//2 661//2
f 663//2 664//2 665//2
f 267//2 265//2 658//2
f 658//2 265//2 263//2
f 658//2 263//2 665//2
f 665//2 263//2 261//2
f 665//2 261//2 663//2
f 259//2 258//2 629//2
f 629//2 258//2 628//2
f 625//2 626//2 252//2
f 628//2 258//2 627//2
f 627//2 258//2 256//2
f 627//2 256//2 626//2
f 626//2 256//2 254//2
f 626//2 254//2 252//2
f 666//2 667//2 548//2
f 548//2 667//2 549//2
f 549//2 667//2 668//2
f 549//2 668//2 669//2
f 670//2 671//2 672//2
f 548//2 547//2 666//2
f 666//2 547//2 546//2
f 666//2 546//2 672//2
f 672//2 546//2 545//2
f 672//2 545//2 670//2
f 651//2 539//2 650//2
f 650//2 539//2 538//2
f 650//2 538//2 657//2
f 657//2 538//2 551//2
f 657//2 551//2 669//2
f 669//2 551//2 550//2
f 669//2 550//2 549//2
f 652//2 653//2 543//2
f 543//2 653//2 605//2
f 543//2 605//2 544//2
f 543//2 542//2 652//2
f 652//2 542//2 541//2
f 652//2 541//2 651//2
f 651//2 541//2 540//2
f 651//2 540//2 539//2
f 577//2 576//2 663//2
f 663//2 576//2 589//2
f 673//2 587//2 674//2
f 674//2 587//2 586//2
f 674//2 586//2 675//2
f 675//2 586//2 585//2
f 675//2 585//2 676//2
f 676//2 585//2 584//2
f 676//2 584//2 677//2
f 664//2 663//2 678//2
f 678//2 663//2 589//2
f 678//2 589//2 673//2
f 673//2 589//2 588//2
f 673//2 588//2 587//2
f 584//2 583//2 677//2
f 677//2 583//2 582//2
f 677//2 582//2 633//2
f 633//2 582//2 581//2
f 633//2 581//2 632//2
f 261//2 259//2 663//2
f 663//2 259//2 629//2
f 663//2 629//2 577//2
f 577//2 629//2 630//2
f 577//2 630//2 578//2
f 578//2 630//2 631//2
f 578//2 631//2 579//2
f 579//2 631//2 632//2
f 579//2 632//2 580//2
f 580//2 632//2 581//2
f 591//2 590//2 670//2
f 670//2 590//2 603//2
f 679//2 601//2 680//2
f 680//2 601//2 600//2
f 680//2 600//2 681//2
f 681//2 600//2 599//2
f 681//2 599//2 682//2
f 682//2 599//2 598//2
f 682//2 598//2 683//2
f 683//2 598//2 597//2
f 683//2 597//2 596//2
f 671//2 670//2 684//2
f 684//2 670//2 603//2
f 684//2 603//2 679//2
f 679//2 603//2 602//2
f 679//2 602//2 601//2
f 608//2 596//2 595//2
f 608//2 595//2 607//2
f 607//2 595//2 594//2
f 607//2 594//2 606//2
f 545//2 544//2 670//2
f 670//2 544//2 605//2
f 670//2 605//2 591//2
f 591//2 605//2 604//2
f 591//2 604//2 592//2
f 592//2 604//2 606//2
f 592//2 606//2 593//2
f 593//2 606//2 594//2
f 649//2 657//2 648//2
f 648//2 657//2 669//2
f 648//2 669//2 647//2
f 644//2 645//2 685//2
f 685//2 645//2 646//2
f 685//2 646//2 647//2
f 567//2 566//2 656//2
f 641//2 568//2 640//2
f 640//2 568//2 567//2
f 640//2 567//2 639//2
f 639//2 567//2 656//2
f 639//2 656//2 638//2
f 566//2 565//2 656//2
f 656//2 565//2 564//2
f 656//2 564//2 685//2
f 564//2 575//2 685//2
f 685//2 575//2 574//2
f 685//2 574//2 644//2
f 644//2 574//2 573//2
f 644//2 573//2 643//2
f 643//2 573//2 572//2
f 643//2 572//2 642//2
f 572//2 571//2 642//2
f 642//2 571//2 570//2
f 642//2 570//2 641//2
f 641//2 570//2 569//2
f 641//2 569//2 568//2
f 638//2 656//2 637//2
f 637//2 656//2 655//2
f 637//2 655//2 676//2
f 633//2 634//2 677//2
f 677//2 634//2 635//2
f 677//2 635//2 676//2
f 676//2 635//2 636//2
f 676//2 636//2 637//2
f 252//2 250//2 625//2
f 625//2 250//2 660//2
f 625//2 660//2 624//2
f 624//2 660//2 623//2
f 623//2 660//2 622//2
f 622//2 660//2 661//2
f 622//2 661//2 621//2
f 621//2 686//2 620//2
f 620//2 686//2 619//2
f 561//2 560//2 687//2
f 686//2 556//2 619//2
f 619//2 556//2 555//2
f 619//2 555//2 618//2
f 618//2 555//2 617//2
f 616//2 563//2 615//2
f 615//2 563//2 562//2
f 615//2 562//2 614//2
f 560//2 559//2 687//2
f 687//2 559//2 558//2
f 687//2 558//2 686//2
f 686//2 558//2 557//2
f 686//2 557//2 556//2
f 555//2 554//2 617//2
f 617//2 554//2 553//2
f 617//2 553//2 616//2
f 616//2 553//2 552//2
f 616//2 552//2 563//2
f 687//2 611//2 612//2
f 562//2 561//2 614//2
f 614//2 561//2 687//2
f 614//2 687//2 613//2
f 613//2 687//2 612//2
f 596//2 608//2 683//2
f 683//2 608//2 609//2
f 683//2 609//2 682//2
f 647//2 669//2 685//2
f 685//2 669//2 688//2
f 685//2 688//2 689//2
f 689//2 690//2 685//2
f 685//2 690//2 691//2
f 685//2 691//2 656//2
f 656//2 691//2 692//2
f 656//2 692//2 654//2
f 621//2 661//2 686//2
f 686//2 661//2 693//2
f 686//2 693//2 694//2
f 695//2 687//2 696//2
f 696//2 687//2 686//2
f 696//2 686//2 697//2
f 697//2 686//2 694//2
f 609//2 610//2 682//2
f 682//2 610//2 611//2
f 682//2 611//2 698//2
f 698//2 611//2 687//2
f 698//2 687//2 699//2
f 699//2 687//2 695//2
f 238//306 240//307 676//308
f 676//308 655//308 238//306
f 238//306 655//308 654//306
f 238//306 654//306 236//309
f 236//309 654//306 692//309
f 236//309 692//309 234//163
f 234//163 692//309 691//163
f 234//163 691//163 232//310
f 232//310 691//163 690//310
f 232//310 690//310 230//311
f 690//310 689//311 230//311
f 230//311 689//311 688//312
f 230//311 688//312 228//313
f 688//312 669//312 228//313
f 228//313 669//312 668//313
f 228//313 668//313 226//314
f 226//314 668//313 667//315
f 226//314 667//315 224//316
f 224//316 667//315 666//316
f 224//316 666//316 222//317
f 222//317 666//316 672//317
f 222//317 672//317 220//15
f 220//15 672//317 671//15
f 220//15 671//15 218//318
f 218//318 671//15 684//318
f 218//318 684//318 216//319
f 216//319 684//318 679//319
f 216//319 679//319 214//320
f 214//320 679//319 680//320
f 214//320 680//320 212//321
f 680//320 681//321 212//321
f 212//321 681//321 682//322
f 212//321 682//322 210//323
f 682//322 698//322 210//323
f 210//323 698//322 699//323
f 210//323 699//323 208//324
f 208//324 699//323 695//324
f 208//324 695//324 206//165
f 206//165 695//324 696//165
f 206//165 696//165 204//325
f 204//325 696//165 697//325
f 204//325 697//325 202//326
f 697//325 694//326 202//326
f 202//326 694//326 693//327
f 202//326 693//327 200//328
f 693//327 661//327 200//328
f 200//328 661//327 662//329
f 200//328 662//329 198//330
f 198//330 662//329 659//331
f 198//330 659//331 196//332
f 196//332 659//331 658//332
f 196//332 658//332 194//333
f 194//333 658//332 665//333
f 194//333 665//333 192//164
f 192//164 665//333 664//164
f 192//164 664//164 246//334
f 246//334 664//164 678//334
f 246//334 678//334 244//335
f 244//335 678//334 673//335
f 244//335 673//335 242//336
f 242//336 673//335 674//336
f 242//336 674//336 240//307
f 240//307 674//336 675//337
f 240//307 675//337 676//308
f 537//2 162//2 151//2
f 700//338 701//338 702//338
f 700//338 702//338 703//338
f 703//339 702//339 704//340
f 703//339 704//340 705//341
f 705//341 704//340 706//342
f 706//342 704//340 707//343
f 706//342 707//343 708//344
f 709//345 710//346 711//346
f 711//347 710//347 712//348
f 711//347 712//348 713//349
f 713//349 712//348 714//350
f 713//349 714//350 715//351
f 715//351 714//350 708//344
f 715//351 708//344 716//352
f 716//352 708//344 707//343
f 717//353 718//354 719//355
f 719//355 718//354 720//356
f 719//355 720//356 721//357
f 721//357 720//356 722//358
f 721//357 722//358 709//345
f 709//345 722//358 723//359
f 709//345 723//359 710//346
f 717//353 724//360 718//354
f 718//354 724//360 725//361
f 718//354 725//361 726//362
f 726//362 725//361 727//363
f 726//362 727//363 728//364
f 728//364 727//363 729//365
f 730//366 729//365 731//367
f 731//367 729//365 727//363
f 731//367 727//363 732//368
f 732//368 727//363 733//369
f 733//369 734//370 732//368
f 732//368 734//370 735//371
f 732//368 735//371 736//372
f 736//372 735//371 737//372
f 736//372 737//372 738//372
f 701//373 700//373 738//373
f 738//373 700//373 739//373
f 738//373 739//373 736//373
f 740//374 741//375 742//376
f 742//376 741//375 743//377
f 742//376 743//377 744//378
f 744//378 743//377 745//379
f 744//378 745//379 746//380
f 740//374 747//381 741//375
f 741//375 747//381 748//382
f 741//375 748//382 749//383
f 749//383 748//382 750//384
f 749//383 750//384 751//385
f 751//385 750//384 752//386
f 753//387 752//386 754//388
f 754//388 752//386 750//384
f 754//388 750//384 755//389
f 755//389 750//384 756//390
f 756//390 757//391 755//389
f 755//389 757//391 758//392
f 755//389 758//392 759//347
f 758//392 760//347 759//347
f 759//347 760//347 761//347
f 759//346 761//346 762//346
f 762//346 761//346 763//393
f 761//346 764//394 763//393
f 763//393 764//394 765//395
f 763//393 765//395 766//395
f 766//396 765//396 767//397
f 766//396 767//397 768//398
f 768//398 767//397 769//399
f 769//399 767//397 770//400
f 769//399 770//400 771//401
f 745//379 772//402 746//380
f 746//380 772//402 773//373
f 746//380 773//373 774//373
f 774//372 773//372 775//403
f 774//372 775//403 776//404
f 776//404 775//403 777//405
f 776//404 777//405 778//406
f 778//406 777//405 771//401
f 778//406 771//401 779//407
f 779//407 771//401 770//400
f 780//1 781//1 782//1
f 783//1 784//1 782//1
f 782//1 784//1 785//1
f 782//1 785//1 780//1
f 786//1 787//1 782//1
f 782//1 787//1 788//1
f 782//1 788//1 783//1
f 789//1 790//1 782//1
f 782//1 790//1 791//1
f 782//1 791//1 786//1
f 792//1 793//1 782//1
f 782//1 793//1 794//1
f 782//1 794//1 789//1
f 795//1 796//1 782//1
f 782//1 796//1 797//1
f 782//1 797//1 792//1
f 798//1 799//1 782//1
f 782//1 799//1 800//1
f 782//1 800//1 795//1
f 801//1 802//1 782//1
f 782//1 802//1 803//1
f 782//1 803//1 798//1
f 804//1 805//1 782//1
f 782//1 805//1 806//1
f 782//1 806//1 801//1
f 781//1 807//1 782//1
f 782//1 807//1 808//1
f 782//1 808//1 804//1
f 790//408 25//408 27//409
f 809//410 810//411 798//412
f 798//412 803//413 809//410
f 809//410 803//413 802//414
f 809//410 802//414 811//414
f 811//414 802//414 801//415
f 811//414 801//415 812//415
f 812//415 801//415 806//416
f 812//415 806//416 813//416
f 813//416 806//416 805//417
f 176//418 177//419 814//420
f 711//421 793//422 709//423
f 709//423 793//422 792//424
f 709//423 792//424 721//425
f 711//421 713//426 793//422
f 793//422 713//426 715//427
f 793//422 715//427 716//428
f 707//429 704//430 186//431
f 186//431 704//430 702//432
f 186//431 702//432 181//433
f 181//433 702//432 701//434
f 181//433 701//434 182//435
f 734//436 733//437 183//438
f 701//434 738//439 182//435
f 182//435 738//439 737//440
f 182//435 737//440 183//438
f 183//438 737//440 735//441
f 183//438 735//441 734//436
f 797//442 727//443 725//444
f 725//444 724//445 797//442
f 797//442 724//445 717//446
f 797//442 717//446 792//424
f 792//424 717//446 719//447
f 792//424 719//447 721//425
f 774//448 40//449 746//450
f 746//450 40//449 41//451
f 746//450 41//451 744//452
f 744//452 41//451 742//453
f 774//448 776//454 40//449
f 40//449 776//454 778//455
f 40//449 778//455 779//456
f 770//457 767//458 783//459
f 783//459 767//458 765//460
f 783//459 765//460 784//461
f 784//461 765//460 764//462
f 764//462 761//463 784//461
f 784//461 761//463 760//464
f 784//461 760//464 785//465
f 785//465 760//464 758//466
f 785//465 758//466 757//467
f 757//467 756//468 785//465
f 785//465 756//468 750//469
f 785//465 750//469 748//470
f 742//453 41//451 740//471
f 740//471 41//451 67//472
f 740//471 67//472 747//473
f 44//407 43//474 781//475
f 781//475 43//474 87//474
f 87//474 86//475 781//475
f 781//475 86//475 74//476
f 781//475 74//476 807//476
f 807//476 74//476 72//477
f 807//476 72//477 808//478
f 72//477 175//478 808//478
f 808//478 175//478 176//418
f 808//478 176//418 804//479
f 804//479 176//418 814//420
f 804//479 814//420 805//417
f 805//417 814//420 815//480
f 805//417 815//480 813//416
f 152//481 141//481 810//411
f 810//411 141//481 142//482
f 810//411 142//482 798//412
f 798//412 142//482 131//483
f 798//412 131//483 799//483
f 799//483 131//483 132//484
f 799//483 132//484 800//484
f 800//484 132//484 123//485
f 800//484 123//485 795//486
f 123//485 122//486 795//486
f 795//486 122//486 2//487
f 795//486 2//487 796//488
f 2//487 1//488 796//488
f 796//488 1//488 183//438
f 796//488 183//438 797//442
f 797//442 183//438 733//437
f 797//442 733//437 727//443
f 25//408 790//408 23//489
f 23//489 790//408 789//490
f 23//489 789//490 184//490
f 184//490 789//490 794//491
f 184//490 794//491 185//491
f 185//491 794//491 793//422
f 185//491 793//422 186//431
f 186//431 793//422 716//428
f 186//431 716//428 707//429
f 19//492 786//493 27//409
f 27//409 786//493 791//409
f 27//409 791//409 790//408
f 19//492 189//493 786//493
f 786//493 189//493 188//494
f 786//493 188//494 787//494
f 787//494 188//494 187//495
f 787//494 187//495 788//496
f 187//495 45//496 788//496
f 788//496 45//496 40//449
f 788//496 40//449 783//459
f 783//459 40//449 779//456
f 783//459 779//456 770//457
f 781//475 780//407 44//407
f 44//407 780//407 785//465
f 44//407 785//465 67//472
f 67//472 785//465 748//470
f 67//472 748//470 747//473
f 816//497 723//498 722//499
f 816//497 708//500 714//501
f 723//498 816//497 710//502
f 710//502 816//497 714//501
f 710//502 714//501 712//503
f 703//504 705//505 816//497
f 816//497 705//505 706//506
f 816//497 706//506 708//500
f 817//507 718//508 726//509
f 726//509 728//510 817//507
f 817//507 728//510 729//511
f 817//507 729//511 730//512
f 718//508 817//507 720//513
f 720//513 817//507 818//514
f 720//513 818//514 722//499
f 722//499 818//514 739//515
f 722//499 739//515 816//497
f 816//497 739//515 700//498
f 816//497 700//498 703//504
f 730//512 731//516 817//507
f 817//507 731//516 732//517
f 817//507 732//517 818//514
f 818//514 732//517 736//518
f 818//514 736//518 739//515
f 775//519 773//520 777//521
f 777//521 773//520 819//522
f 768//523 769//524 819//522
f 819//522 769//524 771//525
f 819//522 771//525 777//521
f 762//526 763//527 819//522
f 819//522 763//527 766//528
f 819//522 766//528 768//523
f 752//529 753//530 820//531
f 820//531 753//530 754//532
f 751//533 752//529 749//534
f 749//534 752//529 820//531
f 749//534 820//531 741//535
f 741//535 820//531 821//536
f 741//535 821//536 743//537
f 743//537 821//536 745//538
f 773//520 772//527 819//522
f 819//522 772//527 745//538
f 819//522 745//538 762//526
f 762//526 745//538 821//536
f 762//526 821//536 759//539
f 759//539 821//536 820//531
f 759//539 820//531 755//540
f 755//540 820//531 754//532
f 822//155 823//155 824//155
f 824//155 823//155 825//155
f 824//155 825//155 826//155
f 827//155 828//155 824//155
f 824//155 828//155 829//155
f 824//155 829//155 822//155
f 830//155 831//155 824//155
f 824//155 831//155 832//155
f 824//155 832//155 827//155
f 826//155 833//155 824//155
f 824//155 833//155 834//155
f 824//155 834//155 830//155
f 825//9 835//541 826//541
f 826//192 835//192 836//542
f 826//192 836//542 833//542
f 833//542 836//542 837//1
f 833//542 837//1 834//1
f 834//1 837//1 838//543
f 834//1 838//543 830//543
f 830//544 838//544 839//545
f 830//544 839//545 831//545
f 831//545 839//545 840//546
f 831//545 840//546 832//546
f 832//547 840//547 841//548
f 832//547 841//548 827//548
f 827//548 841//548 842//284
f 827//548 842//284 828//284
f 828//549 842//549 843//2
f 828//549 843//2 829//2
f 829//2 843//2 844//550
f 829//2 844//550 822//550
f 822//551 844//551 845//551
f 822//551 845//551 823//551
f 823//552 845//552 846//9
f 823//552 846//9 825//9
f 825//9 846//9 835//541
f 847//160 842//160 848//160
f 848//160 842//160 841//160
f 848//160 841//160 849//160
f 849//160 841//160 840//160
f 849//160 840//160 850//160
f 850//160 840//160 839//160
f 850//160 839//160 851//160
f 851//160 839//160 838//160
f 851//160 838//160 852//160
f 852//160 838//160 837//160
f 852//160 837//160 853//160
f 853//160 837//160 836//160
f 853//160 836//160 854//160
f 854//160 836//160 835//160
f 854//160 835//160 855//160
f 855//160 835//160 846//160
f 855//160 846//160 856//160
f 856//160 846//160 845//160
f 856//160 845//160 857//160
f 857//160 845//160 844//160
f 857//160 844//160 858//160
f 858//160 844//160 843//160
f 858//160 843//160 847//160
f 847//160 843//160 842//160
f 859//553 860//554 861//555
f 859//553 861//555 862//556
f 851//557 863//558 862//556
f 864//559 865//560 866//561
f 863//558 851//557 867//562
f 867//562 851//557 852//563
f 867//562 852//563 868//564
f 868//564 852//563 853//565
f 868//564 853//565 869//566
f 862//556 861//555 851//557
f 851//557 861//555 870//544
f 851//557 870//544 850//544
f 850//546 870//546 871//18
f 850//546 871//18 849//18
f 849//18 871//18 872//547
f 849//18 872//547 848//547
f 848//284 872//284 873//567
f 848//284 873//567 847//567
f 847//567 873//567 874//549
f 847//567 874//549 858//549
f 858//550 874//550 875//568
f 858//550 875//568 857//568
f 857//568 875//568 876//551
f 857//568 876//551 856//551
f 856//552 876//552 877//9
f 856//552 877//9 855//9
f 855//9 877//9 878//541
f 855//9 878//541 854//541
f 854//192 878//192 864//559
f 854//192 864//559 853//565
f 853//565 864//559 866//561
f 853//565 866//561 869//566
f 863//569 879//570 862//571
f 862//571 879//570 880//572
f 862//571 880//572 859//573
f 859//573 880//572 881//574
f 859//573 881//574 860//574
f 867//160 882//575 863//569
f 863//569 882//575 883//576
f 863//569 883//576 879//570
f 867//160 868//577 882//575
f 882//575 868//577 869//578
f 882//575 869//578 884//579
f 884//579 869//578 866//580
f 884//579 866//580 885//581
f 885//581 866//580 865//582
f 885//581 865//582 886//582
f 886//583 887//584 885//585
f 885//585 887//584 888//586
f 885//585 888//586 884//587
f 884//587 888//586 889//588
f 884//587 889//588 882//589
f 890//590 881//591 891//592
f 891//592 881//591 880//593
f 891//592 880//593 892//594
f 892//594 880//593 879//595
f 892//594 879//595 893//596
f 893//596 879//595 883//597
f 893//596 883//597 894//598
f 894//598 883//597 882//589
f 894//598 882//589 895//599
f 895//599 882//589 889//588
f 887//600 896//601 897//602
f 887//600 897//602 888//603
f 888//603 897//602 898//604
f 888//603 898//604 889//605
f 889//605 898//604 899//606
f 889//605 899//606 895//607
f 895//607 899//606 900//160
f 895//607 900//160 894//160
f 894//160 900//160 901//608
f 894//160 901//608 893//609
f 893//609 901//608 902//610
f 893//609 902//610 892//611
f 892//611 902//610 903//612
f 892//611 903//612 891//613
f 891//613 903//612 904//614
f 891//613 904//614 890//614
f 897//1 896//1 903//1
f 903//1 896//1 904//1
f 901//1 900//1 899//1
f 903//1 902//1 901//1
f 901//1 899//1 903//1
f 903//1 899//1 898//1
f 903//1 898//1 897//1
f 887//155 886//155 865//155
f 865//155 864//155 905//155
f 860//155 881//155 890//155
f 904//155 896//155 890//155
f 890//155 896//155 887//155
f 890//155 887//155 860//155
f 860//155 887//155 865//155
f 905//155 864//155 906//155
f 906//155 864//155 878//155
f 906//155 878//155 907//155
f 907//155 878//155 877//155
f 907//155 877//155 908//155
f 909//155 861//155 860//155
f 865//155 905//155 860//155
f 860//155 905//155 910//155
f 860//155 910//155 909//155
f 861//155 909//155 870//155
f 870//155 909//155 911//155
f 870//155 911//155 871//155
f 871//155 911//155 912//155
f 871//155 912//155 872//155
f 872//155 912//155 913//155
f 872//155 913//155 873//155
f 873//155 913//155 914//155
f 873//155 914//155 874//155
f 874//155 914//155 915//155
f 874//155 915//155 875//155
f 875//155 915//155 916//155
f 875//155 916//155 876//155
f 876//155 916//155 917//155
f 876//155 917//155 877//155
f 877//155 917//155 918//155
f 877//155 918//155 908//155
f 907//615 908//9 919//9
f 919//9 908//9 920//616
f 908//9 918//616 920//616
f 920//616 918//616 917//617
f 920//616 917//617 921//617
f 921//617 917//617 916//618
f 921//617 916//618 922//618
f 922//618 916//618 915//619
f 922//618 915//619 923//619
f 923//619 915//619 914//620
f 923//619 914//620 924//620
f 924//620 914//620 913//621
f 924//620 913//621 925//621
f 925//621 913//621 912//18
f 925//621 912//18 926//18
f 926//18 912//18 911//622
f 926//18 911//622 927//622
f 927//622 911//622 909//623
f 927//622 909//623 928//623
f 928//623 909//623 910//624
f 928//623 910//624 929//624
f 929//624 910//624 905//625
f 929//624 905//625 930//625
f 930//625 905//625 906//626
f 930//625 906//626 931//626
f 931//626 906//626 907//615
f 931//626 907//615 932//615
f 932//615 907//615 919//9
f 153//627 152//9 933//627
f 933//627 152//9 810//9
f 933//1 810//1 809//1
f 934//1 812//1 935//1
f 935//1 812//1 813//1
f 935//1 813//1 815//1
f 936//1 933//1 937//1
f 937//1 933//1 809//1
f 937//1 809//1 934//1
f 934//1 809//1 811//1
f 934//1 811//1 812//1
f 938//1 935//1 939//1
f 939//1 935//1 815//1
f 939//1 815//1 940//1
f 940//1 815//1 814//1
f 940//628 814//18 178//628
f 178//628 814//18 177//18
f 940//628 178//628 179//17
f 940//628 179//17 939//17
f 939//16 179//16 180//15
f 939//16 180//15 938//15
f 938//15 180//15 174//629
f 938//15 174//629 935//629
f 921//155 922//155 164//630
f 935//629 928//155 929//155
f 164//630 922//155 162//155
f 935//629 929//155 934//630
f 934//630 929//155 930//155
f 934//630 930//155 931//155
f 931//155 932//155 934//630
f 934//630 932//155 919//155
f 934//630 919//155 164//630
f 164//630 919//155 920//155
f 164//630 920//155 921//155
f 941//155 942//155 935//629
f 941//155 935//629 943//155
f 943//155 935//629 174//629
f 943//155 174//629 944//155
f 945//155 923//155 924//155
f 925//155 926//155 946//155
f 946//155 926//155 927//155
f 946//155 927//155 947//155
f 947//155 927//155 928//155
f 947//155 928//155 948//155
f 948//155 928//155 935//629
f 948//155 935//629 949//155
f 949//155 935//629 942//155
f 946//155 950//155 925//155
f 925//155 950//155 951//155
f 925//155 951//155 924//155
f 924//155 951//155 952//155
f 924//155 952//155 945//155
f 922//155 923//155 162//155
f 162//155 923//155 945//155
f 162//155 945//155 151//155
f 151//155 945//155 953//155
f 151//155 953//155 148//155
f 148//155 953//155 954//155
f 148//155 954//155 173//155
f 173//155 954//155 955//155
f 173//155 955//155 174//629
f 174//629 955//155 956//155
f 174//629 956//155 944//155
f 153//627 933//627 936//163
f 153//627 936//163 155//163
f 155//163 936//163 937//11
f 155//163 937//11 157//11
f 157//13 937//13 934//630
f 157//13 934//630 164//630
f 957//631 958//631 959//632
f 959//632 958//631 960//632
f 959//632 960//632 961//633
f 961//633 960//632 962//633
f 961//634 962//634 963//635
f 963//635 962//634 964//635
f 963//635 964//635 965//636
f 965//636 964//635 966//636
f 965//636 966//636 967//637
f 967//637 966//636 968//637
f 967//638 968//638 969//639
f 969//639 968//638 970//639
f 971//640 972//640 973//641
f 973//641 972//640 974//641
f 973//642 974//642 975//643
f 975//643 974//642 976//643
f 975//643 976//643 977//644
f 977//644 976//643 978//644
f 977//645 978//645 979//632
f 979//632 978//645 980//632
f 979//632 980//632 981//633
f 981//633 980//632 982//633
f 981//634 982//634 983//646
f 983//646 982//634 984//646
f 985//647 986//647 987//648
f 987//648 986//647 988//648
f 987//648 988//648 989//649
f 989//649 988//648 990//649
f 989//650 990//650 991//651
f 991//651 990//650 992//651
f 991//651 992//651 993//652
f 993//652 992//651 994//652
f 993//652 994//652 995//642
f 995//642 994//652 996//642
f 995//644 996//644 997//653
f 997//653 996//644 998//654
f 999//655 1000//655 1001//636
f 1001//636 1000//655 1002//636
f 1001//636 1002//636 1003//656
f 1003//656 1002//636 1004//656
f 1003//656 1004//656 1005//657
f 1005//657 1004//656 1006//657
f 1005//657 1006//657 1007//658
f 1007//658 1006//657 1008//658
f 1007//649 1008//649 1009//659
f 1009//659 1008//649 1010//659
f 1009//659 1010//659 1011//660
f 1011//660 1010//659 1012//660
f 997//653 998//654 1013//661
f 1013//661 998//654 1014//661
f 997//2 1013//2 1015//2
f 1015//2 1016//2 985//2
f 995//2 997//2 993//2
f 993//2 997//2 1015//2
f 993//2 1015//2 991//2
f 985//2 987//2 1015//2
f 1015//2 987//2 989//2
f 1015//2 989//2 991//2
f 986//647 985//647 1017//657
f 1017//657 985//647 1016//657
f 983//646 984//646 1018//635
f 1018//635 984//646 1019//635
f 983//2 1018//2 1020//2
f 977//2 979//2 1020//2
f 1020//2 979//2 981//2
f 1020//2 981//2 983//2
f 975//2 977//2 973//2
f 973//2 977//2 1020//2
f 973//2 1020//2 971//2
f 971//2 1020//2 1021//2
f 972//640 971//640 1022//651
f 1022//651 971//640 1021//651
f 969//639 970//639 1023//657
f 1023//657 970//639 1024//657
f 969//2 1023//2 1025//2
f 1025//2 1026//2 957//2
f 967//2 969//2 965//2
f 965//2 969//2 1025//2
f 965//2 1025//2 963//2
f 957//2 959//2 1025//2
f 1025//2 959//2 961//2
f 1025//2 961//2 963//2
f 958//631 957//631 1027//661
f 1027//661 957//631 1026//661
f 982//2 980//2 1028//2
f 1029//2 1024//2 970//2
f 1030//2 1014//2 998//2
f 1008//2 1006//2 962//2
f 962//2 1006//2 1004//2
f 962//2 1004//2 1031//2
f 1004//2 1002//2 1031//2
f 1031//2 1002//2 1000//2
f 1031//2 1000//2 1032//2
f 1032//2 1000//2 1033//2
f 1028//2 980//2 966//2
f 1031//2 996//2 962//2
f 962//2 996//2 994//2
f 962//2 994//2 964//2
f 964//2 994//2 992//2
f 964//2 992//2 966//2
f 966//2 992//2 990//2
f 966//2 990//2 1028//2
f 1028//2 990//2 988//2
f 1028//2 988//2 1034//2
f 1008//2 962//2 1010//2
f 1010//2 962//2 960//2
f 1010//2 960//2 1012//2
f 982//2 1028//2 984//2
f 984//2 1028//2 1035//2
f 984//2 1035//2 1019//2
f 1036//2 1037//2 968//2
f 968//2 1037//2 1038//2
f 968//2 1038//2 970//2
f 970//2 1038//2 1039//2
f 970//2 1039//2 1029//2
f 980//2 978//2 966//2
f 966//2 978//2 976//2
f 966//2 976//2 968//2
f 968//2 976//2 974//2
f 968//2 974//2 1036//2
f 1036//2 974//2 972//2
f 1036//2 972//2 1040//2
f 1040//2 972//2 1022//2
f 1027//2 1041//2 958//2
f 958//2 1041//2 1042//2
f 958//2 1042//2 960//2
f 960//2 1042//2 1043//2
f 1043//2 1044//2 960//2
f 960//2 1044//2 1045//2
f 960//2 1045//2 1012//2
f 1012//2 1045//2 1046//2
f 1012//2 1046//2 1047//2
f 1031//2 1048//2 996//2
f 996//2 1048//2 1049//2
f 996//2 1049//2 998//2
f 998//2 1049//2 1050//2
f 998//2 1050//2 1030//2
f 1017//2 1051//2 986//2
f 986//2 1051//2 1052//2
f 986//2 1052//2 988//2
f 988//2 1052//2 1053//2
f 988//2 1053//2 1034//2
f 1011//660 1012//660 1054//651
f 1054//651 1012//660 1047//651
f 1011//2 1054//2 1055//2
f 1056//2 999//2 1055//2
f 1055//2 999//2 1001//2
f 1009//2 1011//2 1007//2
f 1007//2 1011//2 1055//2
f 1007//2 1055//2 1005//2
f 1005//2 1055//2 1001//2
f 1005//2 1001//2 1003//2
f 1000//655 999//655 1033//635
f 1033//635 999//655 1056//635
f 1013//662 193//663 191//664
f 1013//662 191//664 1015//665
f 1015//665 191//664 190//666
f 1015//665 190//666 1016//667
f 1016//667 190//666 245//668
f 1016//667 245//668 1017//669
f 235//670 233//671 1018//672
f 1018//672 233//671 1020//661
f 1020//661 233//671 1021//673
f 1021//673 233//671 231//674
f 1021//673 231//674 1022//675
f 221//676 219//677 1023//678
f 1023//678 219//677 1025//635
f 1025//635 219//677 1026//679
f 1026//679 219//677 217//680
f 1026//679 217//680 1027//681
f 207//682 205//683 1054//684
f 1054//684 205//683 1055//657
f 1055//657 205//683 1056//685
f 1056//685 205//683 203//686
f 1056//685 203//686 1033//687
f 1033//687 203//686 1032//688
f 1032//688 203//686 201//689
f 1032//688 201//689 1031//689
f 1031//689 201//689 199//690
f 1031//689 199//690 1048//690
f 1048//690 199//690 197//691
f 1048//690 197//691 1049//691
f 1049//691 197//691 195//692
f 1049//691 195//692 1050//692
f 1050//692 195//692 193//663
f 1050//692 193//663 1030//693
f 1030//693 193//663 1013//662
f 1030//693 1013//662 1014//694
f 1027//681 217//680 1041//695
f 1041//695 217//680 215//696
f 1041//695 215//696 1042//696
f 1042//696 215//696 213//697
f 1042//696 213//697 1043//697
f 1043//697 213//697 211//698
f 1043//697 211//698 1044//698
f 1044//698 211//698 209//699
f 1044//698 209//699 1045//699
f 1045//699 209//699 207//682
f 1045//699 207//682 1046//700
f 1046//700 207//682 1054//684
f 1046//700 1054//684 1047//701
f 1022//675 231//674 1040//702
f 1040//702 231//674 229//703
f 1040//702 229//703 1036//703
f 1036//703 229//703 227//704
f 1036//703 227//704 1037//704
f 1037//704 227//704 225//705
f 1037//704 225//705 1038//705
f 1038//705 225//705 223//706
f 1038//705 223//706 1039//706
f 1039//706 223//706 221//676
f 1039//706 221//676 1029//707
f 1029//707 221//676 1023//678
f 1029//707 1023//678 1024//708
f 1017//669 245//668 1051//709
f 1051//709 245//668 243//710
f 1051//709 243//710 1052//710
f 1052//710 243//710 241//711
f 1052//710 241//711 1053//711
f 1053//711 241//711 239//712
f 1053//711 239//712 1034//712
f 1034//712 239//712 237//713
f 1034//712 237//713 1028//713
f 1028//713 237//713 235//670
f 1028//713 235//670 1035//714
f 1035//714 235//670 1018//672
f 1035//714 1018//672 1019//715
f 943//716 944//716 1057//716
f 956//717 1058//717 944//717
f 944//718 1058//718 1059//718
f 944//718 1059//718 1057//719
f 955//720 1060//720 956//720
f 956//721 1060//721 1061//721
f 956//721 1061//721 1058//721
f 954//722 1062//722 955//722
f 955//723 1062//723 1063//723
f 955//723 1063//723 1060//723
f 953//724 1064//724 954//724
f 954//725 1064//725 1065//725
f 954//725 1065//725 1062//725
f 945//726 1066//726 953//726
f 953//727 1066//727 1067//727
f 953//727 1067//727 1064//727
f 952//728 1068//728 945//728
f 945//729 1068//730 1069//729
f 945//729 1069//729 1066//729
f 946//731 1070//731 950//731
f 950//732 1070//733 1071//734
f 950//732 1071//734 951//735
f 951//736 1071//737 1072//738
f 951//736 1072//738 952//739
f 952//740 1072//740 1073//740
f 952//740 1073//740 1068//741
f 947//742 1074//742 946//742
f 946//743 1074//743 1075//743
f 946//743 1075//743 1070//743
f 948//744 1076//744 947//744
f 947//745 1076//745 1077//745
f 947//745 1077//745 1074//746
f 949//747 1078//747 948//747
f 948//748 1078//748 1079//748
f 948//748 1079//748 1076//748
f 942//749 1080//749 949//749
f 949//750 1080//750 1081//750
f 949//750 1081//750 1078//750
f 941//751 1082//751 942//751
f 942//752 1082//752 1083//752
f 942//752 1083//752 1080//753
f 1057//754 1084//754 943//754
f 943//754 1084//754 1085//754
f 943//755 1085//755 941//755
f 941//756 1085//756 1086//756
f 941//756 1086//756 1082//756
f 1071//757 1087//757 1072//7
f 1072//7 1087//757 1088//7
f 1072//7 1088//7 1073//758
f 1073//758 1088//7 1089//758
f 1073//758 1089//758 1068//759
f 1068//759 1089//758 1090//759
f 1068//759 1090//759 1069//760
f 1069//760 1090//759 1091//760
f 1069//760 1091//760 1066//761
f 1066//761 1091//760 1092//762
f 1066//761 1092//762 1067//763
f 1067//763 1092//762 1093//763
f 1067//763 1093//763 1064//764
f 1064//764 1093//763 1094//764
f 1064//764 1094//764 1065//765
f 1065//765 1094//764 1095//765
f 1065//765 1095//765 1062//766
f 1062//766 1095//765 1096//766
f 1062//766 1096//766 1063//767
f 1063//767 1096//766 1097//767
f 1063//767 1097//767 1060//768
f 1060//768 1097//767 1098//768
f 1060//768 1098//768 1061//769
f 1061//769 1098//768 1099//770
f 1061//769 1099//770 1058//771
f 1058//771 1099//770 1100//771
f 1058//771 1100//771 1059//772
f 1059//772 1100//771 1101//772
f 1059//772 1101//772 1057//773
f 1057//773 1101//772 1102//773
f 1057//773 1102//773 1084//774
f 1084//774 1102//773 1103//774
f 1084//774 1103//774 1085//775
f 1085//775 1103//774 1104//775
f 1085//775 1104//775 1086//776
f 1086//776 1104//775 1105//776
f 1086//776 1105//776 1082//777
f 1082//777 1105//776 1106//777
f 1082//777 1106//777 1083//778
f 1083//778 1106//777 1107//778
f 1083//778 1107//778 1080//779
f 1080//779 1107//778 1108//779
f 1080//779 1108//779 1081//780
f 1081//780 1108//779 1109//780
f 1081//780 1109//780 1078//781
f 1078//781 1109//780 1110//781
f 1078//781 1110//781 1079//782
f 1079//782 1110//781 1111//782
f 1079//782 1111//782 1076//783
f 1076//783 1111//782 1112//783
f 1076//783 1112//783 1077//784
f 1077//784 1112//783 1113//784
f 1077//784 1113//784 1074//785
f 1074//785 1113//784 1114//785
f 1074//785 1114//785 1075//786
f 1075//786 1114//785 1115//786
f 1075//786 1115//786 1070//787
f 1070//787 1115//786 1116//787
f 1070//787 1116//787 1071//757
f 1071//757 1116//787 1087//757
f 1117//788 1103//789 1118//790
f 1118//790 1103//789 1102//791
f 1102//792 1101//792 1118//793
f 1118//793 1101//792 1100//794
f 1118//793 1100//794 1119//795
f 1100//794 1099//796 1119//795
f 1119//795 1099//796 1098//797
f 1119//795 1098//797 1120//798
f 1098//797 1097//799 1120//798
f 1120//798 1097//799 1096//800
f 1120//798 1096//800 1121//801
f 1096//800 1095//802 1121//801
f 1121//801 1095//802 1094//803
f 1121//801 1094//803 1122//804
f 1094//803 1093//805 1122//804
f 1122//804 1093//805 1092//806
f 1122//804 1092//806 1123//807
f 1092//806 1091//808 1123//807
f 1123//807 1091//808 1090//809
f 1123//807 1090//809 1124//810
f 1090//809 1089//811 1124//810
f 1124//810 1089//811 1088//812
f 1124//810 1088//812 1125//813
f 1088//812 1087//814 1125//813
f 1125//813 1087//814 1116//815
f 1125//813 1116//815 1126//816
f 1116//815 1115//817 1126//816
f 1126//816 1115//817 1114//818
f 1126//816 1114//818 1127//819
f 1114//818 1113//820 1127//819
f 1127//819 1113//820 1112//821
f 1127//819 1112//821 1128//822
f 1128//822 1112//821 1111//823
f 1128//822 1111//823 1129//824
f 1129//824 1111//823 1110//825
f 1110//826 1109//826 1129//827
f 1129//827 1109//826 1108//828
f 1129//827 1108//828 1130//829
f 1130//829 1108//828 1107//830
f 1130//829 1107//830 1131//831
f 1107//830 1106//832 1131//831
f 1131//833 1106//834 1105//835
f 1131//833 1105//835 1117//836
f 1117//836 1105//835 1104//837
f 1117//788 1104//838 1103//789
f 1117//16 1132//839 1131//839
f 1131//839 1132//839 1133//840
f 1131//839 1133//840 1130//840
f 1130//840 1133//840 1134//841
f 1130//840 1134//841 1129//841
f 1129//841 1134//841 1135//842
f 1129//841 1135//842 1128//842
f 1128//842 1135//842 1136//843
f 1128//842 1136//843 1127//843
f 1127//843 1136//843 1137//844
f 1127//843 1137//844 1126//844
f 1126//844 1137//844 1138//845
f 1126//844 1138//845 1125//845
f 1125//845 1138//845 1139//846
f 1125//845 1139//846 1124//846
f 1124//846 1139//846 1140//847
f 1124//846 1140//847 1123//847
f 1123//847 1140//847 1141//848
f 1123//847 1141//848 1122//848
f 1122//848 1141//848 1142//849
f 1122//848 1142//849 1121//849
f 1121//849 1142//849 1143//850
f 1121//849 1143//850 1120//850
f 1120//850 1143//850 1144//851
f 1120//850 1144//851 1119//851
f 1119//851 1144//851 1145//852
f 1119//851 1145//852 1118//852
f 1118//852 1145//852 1146//16
f 1118//852 1146//16 1117//16
f 1117//16 1146//16 1132//839
f 1146//18 1147//853 1132//853
f 1132//853 1147//853 1148//854
f 1132//853 1148//854 1133//854
f 1133//854 1148//854 1149//855
f 1133//854 1149//855 1134//855
f 1134//855 1149//855 1150//856
f 1134//855 1150//856 1135//856
f 1135//856 1150//856 1151//542
f 1135//856 1151//542 1136//542
f 1136//542 1151//542 1152//857
f 1136//542 1152//857 1137//857
f 1137//857 1152//857 1153//737
f 1137//857 1153//737 1138//737
f 1138//737 1153//737 1154//858
f 1138//737 1154//858 1139//858
f 1139//858 1154//858 1155//859
f 1139//858 1155//859 1140//859
f 1140//859 1155//859 1156//568
f 1140//859 1156//568 1141//568
f 1141//568 1156//568 1157//860
f 1141//568 1157//860 1142//860
f 1142//860 1157//860 1158//861
f 1142//860 1158//861 1143//861
f 1143//861 1158//861 1159//862
f 1143//861 1159//862 1144//862
f 1144//862 1159//862 1160//863
f 1144//862 1160//863 1145//863
f 1145//863 1160//863 1161//18
f 1145//863 1161//18 1146//18
f 1146//18 1161//18 1147//853
f 1162//155 1163//155 1164//155
f 1165//155 1153//155 1166//155
f 1166//155 1153//155 1152//155
f 1166//155 1152//155 1167//155
f 1167//155 1152//155 1151//155
f 1167//155 1151//155 1164//155
f 1164//155 1151//155 1150//155
f 1164//155 1150//155 1162//155
f 1162//155 1150//155 1168//155
f 1168//155 1150//155 1169//155
f 1169//155 1150//155 1149//155
f 1169//155 1149//155 1170//155
f 1170//155 1149//155 1148//155
f 1170//155 1148//155 1171//155
f 1171//155 1148//155 1147//155
f 1171//155 1147//155 1172//155
f 1172//155 1147//155 1161//155
f 1172//155 1161//155 1173//155
f 1173//155 1161//155 1160//155
f 1173//155 1160//155 1174//155
f 1160//155 1159//155 1174//155
f 1174//155 1159//155 1158//155
f 1174//155 1158//155 1175//155
f 1175//155 1158//155 1157//155
f 1175//155 1157//155 1176//155
f 1176//155 1157//155 1156//155
f 1176//155 1156//155 1177//155
f 1177//155 1156//155 1155//155
f 1177//155 1155//155 1165//155
f 1165//155 1155//155 1154//155
f 1165//155 1154//155 1153//155
f 1164//864 1163//864 1178//865
f 1164//864 1178//865 1179//866
f 1179//866 1178//865 1180//160
f 1179//866 1180//160 1181//160
f 1181//160 1180//160 1182//867
f 1181//160 1182//867 1183//868
f 1183//868 1182//867 1168//869
f 1183//868 1168//869 1169//869
f 1183//870 1169//871 1170//872
f 1183//870 1184//873 1181//874
f 1181//874 1184//873 1185//875
f 1181//874 1185//875 1179//876
f 1179//876 1185//875 1186//877
f 1183//870 1170//872 1184//873
f 1184//873 1170//872 1171//545
f 1184//873 1171//545 1187//545
f 1187//545 1171//545 1172//18
f 1187//545 1172//18 1188//18
f 1188//18 1172//18 1173//548
f 1188//18 1173//548 1189//548
f 1189//548 1173//548 1174//284
f 1189//548 1174//284 1190//284
f 1190//549 1174//549 1175//2
f 1190//549 1175//2 1191//2
f 1191//2 1175//2 1176//550
f 1191//2 1176//550 1192//550
f 1192//551 1176//551 1177//878
f 1192//551 1177//878 1193//878
f 1193//878 1177//878 1165//552
f 1193//878 1165//552 1194//552
f 1194//541 1165//541 1166//879
f 1194//541 1166//879 1195//879
f 1195//879 1166//879 1167//880
f 1195//879 1167//880 1186//877
f 1186//877 1167//880 1164//881
f 1186//877 1164//881 1179//876
f 1168//882 1182//883 1162//884
f 1162//884 1182//883 1180//885
f 1162//884 1180//885 1163//886
f 1163//886 1180//885 1178//887
f 1196//160 1197//160 1190//160
f 1190//160 1197//160 1198//160
f 1190//160 1198//160 1189//160
f 1189//160 1198//160 1199//160
f 1189//160 1199//160 1188//160
f 1188//160 1199//160 1200//160
f 1188//160 1200//160 1187//160
f 1187//160 1200//160 1201//160
f 1187//160 1201//160 1184//160
f 1184//160 1201//160 1202//160
f 1184//160 1202//160 1185//160
f 1185//160 1202//160 1203//160
f 1185//160 1203//160 1186//160
f 1186//160 1203//160 1204//160
f 1186//160 1204//160 1195//160
f 1195//160 1204//160 1205//160
f 1195//160 1205//160 1194//160
f 1194//160 1205//160 1206//160
f 1194//160 1206//160 1193//160
f 1193//160 1206//160 1207//160
f 1193//160 1207//160 1192//160
f 1192//160 1207//160 1208//160
f 1192//160 1208//160 1191//160
f 1191//160 1208//160 1196//160
f 1191//160 1196//160 1190//160
f 1209//9 1205//888 1210//888
f 1210//888 1205//888 1204//889
f 1210//888 1204//889 1211//889
f 1211//889 1204//889 1203//890
f 1211//889 1203//890 1212//890
f 1212//890 1203//890 1202//891
f 1212//890 1202//891 1213//891
f 1213//891 1202//891 1201//892
f 1213//891 1201//892 1214//892
f 1214//892 1201//892 1200//893
f 1214//892 1200//893 1215//893
f 1215//893 1200//893 1199//894
f 1215//893 1199//894 1216//894
f 1216//894 1199//894 1198//895
f 1216//894 1198//895 1217//895
f 1217//895 1198//895 1197//896
f 1217//895 1197//896 1218//896
f 1218//896 1197//896 1196//897
f 1218//896 1196//897 1219//897
f 1219//897 1196//897 1208//898
f 1219//897 1208//898 1220//898
f 1220//898 1208//898 1207//899
f 1220//898 1207//899 1221//899
f 1221//899 1207//899 1206//9
f 1221//899 1206//9 1209//9
f 1209//9 1206//9 1205//888
f 1209//155 1210//155 1222//155
f 1219//155 1220//155 1222//155
f 1222//155 1220//155 1221//155
f 1222//155 1221//155 1209//155
f 1216//155 1217//155 1222//155
f 1222//155 1217//155 1218//155
f 1222//155 1218//155 1219//155
f 1213//155 1214//155 1222//155
f 1222//155 1214//155 1215//155
f 1222//155 1215//155 1216//155
f 1210//155 1211//155 1222//155
f 1222//155 1211//155 1212//155
f 1222//155 1212//155 1213//155
