# Blender 4.3.2
# www.blender.org
mtllib left_finger_tip.mtl
o left_finger_tip
v 0.004163 0.015148 -0.011489
v 0.004580 0.014955 -0.011568
v 0.004379 0.014955 -0.011985
v 0.003996 0.014955 -0.012246
v 0.004058 0.015083 -0.011946
v 0.003533 0.014955 -0.012281
v 0.003613 0.015148 -0.011862
v 0.003168 0.014955 -0.012121
v 0.003168 0.015083 -0.011778
v 0.002908 0.014955 -0.011819
v 0.002805 0.014955 -0.011434
v 0.003700 0.015215 -0.011401
v 0.003237 0.015148 -0.011313
v 0.002820 0.014955 -0.011234
v 0.003514 0.014565 -0.012384
v 0.003106 0.014565 -0.012206
v 0.003048 0.014565 -0.012159
v 0.002816 0.014565 -0.011868
v 0.002756 0.014565 -0.011731
v 0.002701 0.014565 -0.011438
v 0.002717 0.014565 -0.011215
v 0.002879 0.014955 -0.011043
v 0.002783 0.014565 -0.011001
v 0.002942 0.014565 -0.010749
v 0.003116 0.014955 -0.010722
v 0.003048 0.014565 -0.010643
v 0.003370 0.014565 -0.010457
v 0.003468 0.014955 -0.010536
v 0.003441 0.014565 -0.010435
v 0.003886 0.014565 -0.010419
v 0.003867 0.014955 -0.010521
v 0.003886 0.013015 -0.010419
v 0.003370 0.013015 -0.010457
v 0.002942 0.013015 -0.010749
v 0.002717 0.013015 -0.011215
v 0.002756 0.013015 -0.011731
v 0.003048 0.013015 -0.012159
v 0.003514 0.013015 -0.012384
v -0.004942 0.015083 -0.011946
v -0.005004 0.014955 -0.012246
v -0.005467 0.014955 -0.012281
v -0.004837 0.015148 -0.011489
v -0.004420 0.014955 -0.011568
v -0.004621 0.014955 -0.011985
v -0.005387 0.015148 -0.011862
v -0.005884 0.014955 -0.012080
v -0.005832 0.015083 -0.011778
v -0.006145 0.014955 -0.011697
v -0.006180 0.014955 -0.011234
v -0.005763 0.015148 -0.011313
v -0.005300 0.015215 -0.011401
v -0.005486 0.014565 -0.012384
v -0.005952 0.014565 -0.012159
v -0.006244 0.014565 -0.011731
v -0.006283 0.014565 -0.011215
v -0.006058 0.014565 -0.010749
v -0.005979 0.014955 -0.010817
v -0.005630 0.014565 -0.010457
v -0.005596 0.014955 -0.010556
v -0.005114 0.014565 -0.010419
v -0.005133 0.014955 -0.010521
v -0.005114 0.013015 -0.010419
v -0.005630 0.013015 -0.010457
v -0.006058 0.013015 -0.010749
v -0.006283 0.013015 -0.011215
v -0.006244 0.013015 -0.011731
v -0.005952 0.013015 -0.012159
v -0.005486 0.013015 -0.012384
v 0.008300 0.007959 -0.019942
v 0.012500 0.007959 -0.019942
v 0.012500 0.007068 -0.020339
v 0.008300 0.007068 -0.020339
v 0.012500 0.006093 -0.020365
v 0.008300 0.006093 -0.020365
v 0.012500 0.005182 -0.020016
v 0.008300 0.005182 -0.020016
v 0.012500 0.004475 -0.019345
v 0.008300 0.004475 -0.019345
v 0.012500 0.004077 -0.018454
v 0.008300 0.004077 -0.018454
v 0.012500 0.004051 -0.017479
v 0.008300 0.004051 -0.017479
v 0.012500 0.004400 -0.016568
v 0.008300 0.004400 -0.016568
v 0.012500 0.005072 -0.015860
v 0.008300 0.005072 -0.015860
v 0.012700 0.005187 -0.016024
v 0.012700 0.004570 -0.016675
v 0.012700 0.004248 -0.017513
v 0.012700 0.004272 -0.018410
v 0.012700 0.004638 -0.019229
v 0.012700 0.005289 -0.019847
v 0.012700 0.006127 -0.020168
v 0.012700 0.007024 -0.020144
v 0.012700 0.007844 -0.019779
v 0.012700 0.006007 -0.015658
v 0.012700 0.008782 -0.018290
v 0.012700 0.008758 -0.017392
v 0.012700 0.008461 -0.019127
v 0.012700 0.006904 -0.015634
v 0.012700 0.007742 -0.015955
v 0.012700 0.008393 -0.016573
v 0.008300 0.001456 -0.015744
v 0.008300 0.001053 -0.017257
v 0.008300 0.008954 -0.017348
v 0.008300 0.011459 -0.015490
v 0.008300 0.008556 -0.016457
v 0.008300 0.010579 -0.014195
v 0.008300 0.007848 -0.015786
v 0.008300 0.009371 -0.013200
v 0.008300 0.006938 -0.015437
v 0.008300 0.008630 -0.019234
v 0.008300 0.011575 -0.020058
v 0.008300 0.008980 -0.018323
v 0.008300 0.011978 -0.018545
v 0.008300 0.011938 -0.016980
v 0.008300 0.001093 -0.018822
v 0.008300 0.001572 -0.020312
v 0.008300 0.002452 -0.021607
v 0.008300 0.003660 -0.022602
v 0.008300 0.007931 -0.012586
v 0.008300 0.006376 -0.012403
v 0.008300 0.005963 -0.015463
v 0.008300 0.004833 -0.012665
v 0.008300 0.003425 -0.013351
v 0.008300 0.002269 -0.014406
v 0.008300 0.005100 -0.023216
v 0.008300 0.006655 -0.023399
v 0.008300 0.008198 -0.023137
v 0.008300 0.009605 -0.022451
v 0.008300 0.010762 -0.021396
v 0.007300 0.009605 -0.022451
v 0.007300 0.010762 -0.021396
v 0.007300 0.011575 -0.020058
v 0.007300 0.011978 -0.018545
v 0.007300 0.011938 -0.016980
v 0.007300 0.011459 -0.015490
v 0.007300 0.010579 -0.014195
v 0.007300 0.009371 -0.013200
v 0.007300 0.007931 -0.012586
v 0.007300 0.006376 -0.012403
v 0.007300 0.004833 -0.012665
v 0.007300 0.003425 -0.013351
v 0.007300 0.008307 -0.023101
v 0.007300 0.008198 -0.023137
v 0.007300 0.006515 -0.023101
v 0.007300 0.006655 -0.023399
v 0.007300 0.005257 -0.022947
v 0.007300 0.005100 -0.023216
v 0.007300 0.004074 -0.022492
v 0.007300 0.003660 -0.022602
v 0.007300 0.003036 -0.021765
v 0.007300 0.002452 -0.021607
v 0.007300 0.002204 -0.020809
v 0.007300 0.001572 -0.020312
v 0.007300 0.001629 -0.019680
v 0.007300 0.001093 -0.018822
v 0.007300 0.001016 -0.017996
v -0.009900 0.005404 -0.012515
v -0.008900 0.005404 -0.012515
v -0.008900 0.006967 -0.012420
v -0.009900 0.006967 -0.012420
v -0.008900 0.008493 -0.012769
v -0.009900 0.008493 -0.012769
v -0.008900 0.009858 -0.013534
v -0.009900 0.009858 -0.013534
v -0.008900 0.010953 -0.014652
v -0.009900 0.010953 -0.014652
v -0.008900 0.011689 -0.016034
v -0.009900 0.011689 -0.016034
v -0.008900 0.012005 -0.017568
v -0.009900 0.012005 -0.017568
v -0.008900 0.011877 -0.019128
v -0.009900 0.011877 -0.019128
v -0.008900 0.011314 -0.020589
v -0.009900 0.011314 -0.020589
v -0.008900 0.010363 -0.021832
v -0.009900 0.010363 -0.021832
v -0.008900 0.009099 -0.022756
v -0.009900 0.009099 -0.022756
v -0.009900 0.007627 -0.023288
v -0.008900 0.008307 -0.023101
v -0.008900 0.007627 -0.023288
v -0.008900 0.001016 -0.017996
v -0.008900 0.001026 -0.018235
v -0.008900 0.001629 -0.019680
v -0.008900 0.001342 -0.019768
v -0.008900 0.002204 -0.020809
v -0.008900 0.002077 -0.021150
v -0.008900 0.003036 -0.021765
v -0.008900 0.003172 -0.022269
v -0.008900 0.004074 -0.022492
v -0.008900 0.004538 -0.023033
v -0.008900 0.005257 -0.022947
v -0.008900 0.006064 -0.023383
v -0.008900 0.006515 -0.023101
v -0.009900 0.008954 -0.017348
v -0.009900 0.008980 -0.018323
v -0.009900 0.008630 -0.019234
v -0.009900 0.006938 -0.015437
v -0.009900 0.007848 -0.015786
v -0.009900 0.008556 -0.016457
v -0.009900 0.004400 -0.016568
v -0.009900 0.002668 -0.013971
v -0.009900 0.005072 -0.015860
v -0.009900 0.003931 -0.013046
v -0.009900 0.005963 -0.015463
v -0.009900 0.006093 -0.020365
v -0.009900 0.004538 -0.023033
v -0.009900 0.005182 -0.020016
v -0.009900 0.003172 -0.022269
v -0.009900 0.004475 -0.019345
v -0.009900 0.002077 -0.021150
v -0.009900 0.004077 -0.018454
v -0.009900 0.007959 -0.019942
v -0.009900 0.007068 -0.020339
v -0.009900 0.006064 -0.023383
v -0.009900 0.001342 -0.019768
v -0.009900 0.001026 -0.018235
v -0.009900 0.004051 -0.017479
v -0.009900 0.001154 -0.016675
v -0.009900 0.001717 -0.015214
v -0.014100 0.007959 -0.019942
v -0.014100 0.007068 -0.020339
v -0.014100 0.006093 -0.020365
v -0.014100 0.005182 -0.020016
v -0.014100 0.004475 -0.019345
v -0.014100 0.004077 -0.018454
v -0.014100 0.004051 -0.017479
v -0.014100 0.004400 -0.016568
v -0.014100 0.005072 -0.015860
v -0.014300 0.007844 -0.019779
v -0.014300 0.007024 -0.020144
v -0.014300 0.006127 -0.020168
v -0.014300 0.005289 -0.019847
v -0.014300 0.004638 -0.019229
v -0.014300 0.004272 -0.018410
v -0.014300 0.004248 -0.017513
v -0.014300 0.004570 -0.016675
v -0.014300 0.005187 -0.016024
v -0.014300 0.008461 -0.019127
v -0.014300 0.006007 -0.015658
v -0.014300 0.006904 -0.015634
v -0.014300 0.008758 -0.017392
v -0.014300 0.008782 -0.018290
v -0.014300 0.008393 -0.016573
v -0.014300 0.007742 -0.015955
v -0.000800 0.018337 -0.011401
v 0.001111 0.019515 -0.012119
v 0.000611 0.019515 -0.012878
v 0.001234 0.019515 -0.011219
v -0.000170 0.019515 -0.013343
v -0.001075 0.019515 -0.013425
v 0.000375 0.019515 -0.013071
v -0.002553 0.019515 -0.012448
v -0.002834 0.019515 -0.011583
v -0.001926 0.019515 -0.013105
v -0.001659 0.019515 -0.013254
v -0.002729 0.019515 -0.012758
v -0.000590 0.019515 -0.013750
v 0.001339 0.019515 -0.012393
v 0.000953 0.019515 -0.010355
v 0.001129 0.019515 -0.010045
v 0.000326 0.019515 -0.009697
v 0.000059 0.019515 -0.009549
v -0.000525 0.019515 -0.009378
v -0.001010 0.019515 -0.009053
v -0.001430 0.019515 -0.009459
v -0.001975 0.019515 -0.009731
v -0.002210 0.019515 -0.009925
v -0.002939 0.019515 -0.010409
v -0.002711 0.019515 -0.010683
v -0.000590 0.022015 -0.013750
v -0.002729 0.022015 -0.012758
v -0.002939 0.022015 -0.010409
v -0.001010 0.022015 -0.009053
v 0.001129 0.022015 -0.010045
v 0.001339 0.022015 -0.012393
v -0.004447 0.021765 -0.009220
v -0.004346 0.021765 -0.009058
v -0.004330 0.021861 -0.009069
v -0.003595 0.021765 -0.008199
v -0.002978 0.021765 -0.007752
v -0.002968 0.021861 -0.007768
v 0.002402 0.021765 -0.008606
v 0.002849 0.021765 -0.009223
v 0.002833 0.021861 -0.009233
v 0.003109 0.021765 -0.009732
v 0.003242 0.021765 -0.010090
v 0.003224 0.021861 -0.010095
v 0.001532 0.021861 -0.007871
v 0.001502 0.021942 -0.007916
v 0.000669 0.021942 -0.007491
v 0.001458 0.021996 -0.007984
v 0.000641 0.021996 -0.007567
v -0.004858 0.021996 -0.010850
v -0.004764 0.022015 -0.010863
v -0.004784 0.022015 -0.011758
v 0.001405 0.022015 -0.008064
v 0.000607 0.022015 -0.007657
v 0.003173 0.021942 -0.010112
v 0.003309 0.021982 -0.011033
v 0.003096 0.021996 -0.010137
v 0.003184 0.022015 -0.011044
v 0.003005 0.022015 -0.010167
v -0.000261 0.022015 -0.007438
v -0.000249 0.021996 -0.007343
v -0.001157 0.022015 -0.007417
v -0.001165 0.021996 -0.007322
v -0.002034 0.022015 -0.007596
v -0.002064 0.021996 -0.007505
v -0.000238 0.021942 -0.007262
v -0.001173 0.021942 -0.007241
v -0.002089 0.021942 -0.007428
v -0.004137 0.022015 -0.009196
v -0.004544 0.022015 -0.009994
v -0.004217 0.021996 -0.009143
v -0.004634 0.021996 -0.009960
v -0.004285 0.021942 -0.009099
v -0.004710 0.021942 -0.009932
v -0.004939 0.021942 -0.010839
v 0.003400 0.021890 -0.011025
v 0.003360 0.021942 -0.011028
v 0.000688 0.021861 -0.007441
v -0.000230 0.021861 -0.007209
v -0.001177 0.021861 -0.007187
v -0.002106 0.021861 -0.007377
v -0.004879 0.021996 -0.011766
v -0.004909 0.021982 -0.011769
v -0.004960 0.021942 -0.011774
v -0.005000 0.021890 -0.011777
v -0.004761 0.021861 -0.009913
v -0.004992 0.021861 -0.010831
v -0.005014 0.021861 -0.011779
v 0.003433 0.021765 -0.011022
v 0.003414 0.021861 -0.011024
v 0.002635 0.022015 -0.009351
v 0.002717 0.021996 -0.009302
v 0.002786 0.021942 -0.009260
v 0.002273 0.021765 -0.008465
v 0.002259 0.021861 -0.008479
v 0.002220 0.021942 -0.008516
v 0.002162 0.021996 -0.008572
v 0.002092 0.022015 -0.008638
v 0.001543 0.021765 -0.007855
v -0.002469 0.021765 -0.007492
v -0.002112 0.021765 -0.007359
v -0.001179 0.021765 -0.007168
v -0.000228 0.021765 -0.007190
v 0.000147 0.021765 -0.007258
v 0.000695 0.021765 -0.007423
v 0.001381 0.021765 -0.007754
v -0.002850 0.022015 -0.007966
v -0.002899 0.021996 -0.007884
v -0.002941 0.021942 -0.007815
v -0.003736 0.021765 -0.008328
v -0.003723 0.021861 -0.008342
v -0.003685 0.021942 -0.008381
v -0.003629 0.021996 -0.008440
v -0.003563 0.022015 -0.008509
v -0.004778 0.021765 -0.009906
v -0.004943 0.021765 -0.010454
v -0.005011 0.021765 -0.010829
v -0.005033 0.021765 -0.011780
v -0.003413 0.017000 -0.011635
v -0.003489 0.017015 -0.011642
v -0.003312 0.017015 -0.012390
v 0.001705 0.016892 -0.011177
v 0.001690 0.016815 -0.011178
v 0.001652 0.016815 -0.011889
v 0.001748 0.016957 -0.011173
v 0.001717 0.016915 -0.011176
v 0.001678 0.016915 -0.011894
v 0.001586 0.016815 -0.012148
v 0.001439 0.016915 -0.012572
v 0.001415 0.016815 -0.012560
v 0.001018 0.016915 -0.013156
v 0.001118 0.016815 -0.013004
v 0.000999 0.016815 -0.013137
v 0.000451 0.016915 -0.013597
v 0.000437 0.016815 -0.013573
v -0.000219 0.016915 -0.013860
v -0.002262 0.016815 -0.013429
v -0.002278 0.016915 -0.013451
v -0.001631 0.016815 -0.013759
v -0.001640 0.016915 -0.013784
v -0.000934 0.016815 -0.013898
v -0.000935 0.016915 -0.013924
v -0.000577 0.016815 -0.013891
v -0.000225 0.016815 -0.013834
v -0.002403 0.016815 -0.013320
v -0.002774 0.016815 -0.012935
v -0.002795 0.016915 -0.012951
v -0.003151 0.016915 -0.012326
v -0.003219 0.016989 -0.012353
v -0.003015 0.016815 -0.012560
v -0.003126 0.016815 -0.012317
v -0.003290 0.016815 -0.011624
v 0.001790 0.016989 -0.011169
v 0.001750 0.016989 -0.011908
v 0.001504 0.016989 -0.012606
v 0.001071 0.016989 -0.013206
v 0.000487 0.016989 -0.013660
v -0.000202 0.016989 -0.013931
v -0.000939 0.016989 -0.013997
v -0.001665 0.016989 -0.013853
v -0.002321 0.016989 -0.013510
v -0.002853 0.016989 -0.012996
v -0.003305 0.016892 -0.011626
v -0.003317 0.016915 -0.011627
v -0.003348 0.016957 -0.011629
v -0.003390 0.016989 -0.011633
v 0.001889 0.017015 -0.011160
v 0.001848 0.017015 -0.011928
v 0.001593 0.017015 -0.012652
v 0.001143 0.017015 -0.013276
v 0.000536 0.017015 -0.013747
v -0.000179 0.017015 -0.014029
v -0.000944 0.017015 -0.014097
v -0.001698 0.017015 -0.013947
v -0.002379 0.017015 -0.013591
v -0.002932 0.017015 -0.013058
v -0.000421 0.017015 -0.015634
v -0.001747 0.017015 -0.015544
v -0.002981 0.017015 -0.015049
v -0.004002 0.017015 -0.014196
v -0.004709 0.017015 -0.013070
v -0.005033 0.017015 -0.011780
v -0.004943 0.017015 -0.010454
v -0.003448 0.017015 -0.010875
v -0.004447 0.017015 -0.009220
v -0.003193 0.017015 -0.010150
v -0.003595 0.017015 -0.008199
v -0.002743 0.017015 -0.009526
v -0.002469 0.017015 -0.007492
v -0.002136 0.017015 -0.009055
v -0.001179 0.017015 -0.007168
v -0.001421 0.017015 -0.008774
v -0.000656 0.017015 -0.008705
v 0.000147 0.017015 -0.007258
v 0.000098 0.017015 -0.008855
v 0.001381 0.017015 -0.007754
v 0.000779 0.017015 -0.009211
v 0.002402 0.017015 -0.008606
v 0.001332 0.017015 -0.009745
v 0.003109 0.017015 -0.009732
v 0.001712 0.017015 -0.010412
v 0.003433 0.017015 -0.011022
v 0.003343 0.017015 -0.012349
v 0.002847 0.017015 -0.013582
v 0.001995 0.017015 -0.014603
v 0.000869 0.017015 -0.015310
v 0.003191 0.022015 -0.011672
v 0.003099 0.022015 -0.012293
v 0.002912 0.022015 -0.012892
v 0.002633 0.022015 -0.013454
v -0.004479 0.022015 -0.012972
v -0.004679 0.022015 -0.012377
v -0.003365 0.022015 -0.014471
v -0.003813 0.022015 -0.014032
v -0.004188 0.022015 -0.013528
v 0.000771 0.022015 -0.015080
v 0.000176 0.022015 -0.015280
v -0.000443 0.022015 -0.015385
v -0.001071 0.022015 -0.015392
v -0.001692 0.022015 -0.015300
v -0.002291 0.022015 -0.015113
v -0.002853 0.022015 -0.014834
v 0.002269 0.022015 -0.013966
v 0.001830 0.022015 -0.014415
v 0.001327 0.022015 -0.014789
v 0.001526 0.016815 -0.010486
v 0.001690 0.013015 -0.011178
v 0.001415 0.013015 -0.010242
v 0.001415 0.016815 -0.010242
v 0.001174 0.016815 -0.009867
v 0.000803 0.013015 -0.009483
v 0.000803 0.016815 -0.009483
v 0.000662 0.016815 -0.009373
v -0.000053 0.013015 -0.009015
v 0.000032 0.016815 -0.009043
v -0.000666 0.016815 -0.008905
v -0.001023 0.013015 -0.008911
v -0.001023 0.016815 -0.008911
v -0.001375 0.016815 -0.008968
v -0.001959 0.013015 -0.009186
v -0.002037 0.016815 -0.009229
v -0.002599 0.016815 -0.009665
v -0.002718 0.013015 -0.009798
v -0.002718 0.016815 -0.009798
v -0.003015 0.016815 -0.010243
v -0.003186 0.013015 -0.010654
v -0.003290 0.013015 -0.011624
v -0.003252 0.016815 -0.010914
v -0.003186 0.016815 -0.010654
v -0.004400 0.007560 -0.003229
v 0.002800 0.007560 -0.003229
v 0.002800 0.007583 -0.003375
v -0.004400 0.007583 -0.003375
v 0.002800 0.007548 -0.003519
v -0.004400 0.007548 -0.003519
v 0.002800 0.007460 -0.003639
v -0.004400 0.007460 -0.003639
v 0.002800 0.007333 -0.003716
v -0.004400 0.007333 -0.003716
v -0.004400 -0.003229 -0.007560
v 0.002800 -0.003229 -0.007560
v 0.002800 -0.003375 -0.007583
v -0.004400 -0.003375 -0.007583
v 0.002800 -0.003519 -0.007548
v -0.004400 -0.003519 -0.007548
v 0.002800 -0.003639 -0.007460
v -0.004400 -0.003639 -0.007460
v 0.002800 -0.003716 -0.007333
v -0.004400 -0.003716 -0.007333
v 0.002800 -0.005638 -0.002052
v -0.004400 -0.005638 -0.002052
v -0.004400 0.005638 0.002052
v 0.002800 0.005638 0.002052
v -0.004400 0.007097 -0.001957
v 0.002800 0.007097 -0.001957
v 0.002800 -0.005909 -0.001042
v -0.004400 -0.005977 -0.000523
v 0.002800 -0.005977 -0.000523
v -0.004400 -0.006000 0.000000
v 0.002800 -0.006000 0.000000
v -0.004400 -0.005909 0.001042
v 0.002800 -0.005909 0.001042
v -0.004400 -0.005768 0.001654
v 0.002800 -0.005768 0.001654
v -0.004400 -0.005438 0.002536
v 0.002800 -0.005438 0.002536
v -0.004400 -0.005088 0.003179
v 0.002800 -0.005088 0.003179
v -0.004400 -0.004596 0.003857
v 0.002800 -0.004596 0.003857
v -0.004400 -0.004015 0.004459
v 0.002800 -0.004015 0.004459
v -0.004400 -0.003441 0.004915
v 0.002800 -0.003441 0.004915
v -0.004400 -0.002630 0.005393
v 0.002800 -0.002630 0.005393
v -0.004400 -0.002052 0.005638
v 0.002800 -0.002052 0.005638
v -0.004400 -0.001042 0.005909
v 0.002800 -0.001042 0.005909
v -0.004400 -0.000523 0.005977
v 0.002800 -0.000523 0.005977
v -0.004400 0.000627 0.005967
v 0.002800 0.000627 0.005967
v -0.004400 0.001042 0.005909
v 0.002800 0.001042 0.005909
v -0.004400 0.002248 0.005563
v 0.002800 0.002248 0.005563
v -0.004400 0.002536 0.005438
v 0.002800 0.002536 0.005438
v -0.004400 0.003694 0.004728
v 0.002800 0.003694 0.004728
v -0.004400 0.003857 0.004596
v 0.002800 0.003857 0.004596
v -0.004400 0.004854 0.003527
v 0.002800 0.004854 0.003527
v -0.004400 0.004915 0.003441
v 0.002800 0.004915 0.003441
v 0.008300 0.005447 0.000761
v 0.007300 0.005447 0.000761
v 0.007300 0.005012 0.002265
v 0.008300 0.005012 0.002265
v 0.007300 0.004171 0.003585
v 0.008300 0.004171 0.003585
v 0.007300 0.002992 0.004615
v 0.008300 0.002992 0.004615
v 0.007300 0.001571 0.005271
v 0.008300 0.001571 0.005271
v 0.007300 0.000022 0.005500
v 0.008300 0.000022 0.005500
v 0.007300 -0.001528 0.005283
v 0.008300 -0.001528 0.005283
v 0.007300 -0.002955 0.004639
v 0.008300 -0.002955 0.004639
v 0.007300 -0.004142 0.003618
v 0.008300 -0.004142 0.003618
v 0.007300 -0.004994 0.002305
v 0.008300 -0.004994 0.002305
v 0.007300 -0.005441 0.000805
v 0.008300 -0.005441 0.000805
v 0.007300 -0.005447 -0.000761
v 0.008300 -0.005447 -0.000761
v 0.007300 0.004886 0.001778
v 0.007300 0.005499 0.000095
v 0.007300 0.004260 0.002983
v 0.007300 0.003342 0.003983
v 0.007300 0.002198 0.004713
v 0.007300 0.000903 0.005121
v 0.007300 -0.000453 0.005180
v 0.007300 -0.001778 0.004886
v 0.007300 -0.002983 0.004260
v 0.007300 -0.003983 0.003342
v 0.007300 -0.004713 0.002198
v 0.007300 -0.005121 0.000903
v 0.007300 -0.005180 -0.000453
v 0.007300 -0.005012 -0.002265
v 0.007300 -0.004886 -0.001778
v 0.007300 -0.004274 -0.003462
v 0.008300 0.001243 0.002169
v 0.008300 0.000318 0.002480
v 0.008300 -0.000655 0.002413
v 0.008300 -0.001529 0.001978
v 0.008300 -0.002169 0.001243
v 0.008300 -0.002480 0.000318
v 0.008300 -0.002413 -0.000655
v 0.008300 0.002413 0.000655
v 0.008300 0.001978 0.001529
v 0.008300 0.001529 -0.001978
v 0.008300 0.004142 -0.003618
v 0.008300 0.002169 -0.001243
v 0.008300 0.004994 -0.002305
v 0.008300 0.002480 -0.000318
v 0.008300 0.005441 -0.000805
v 0.008300 -0.001243 -0.002169
v 0.008300 -0.001571 -0.005271
v 0.008300 -0.000318 -0.002480
v 0.008300 -0.000022 -0.005500
v 0.008300 0.000655 -0.002413
v 0.008300 0.001528 -0.005283
v 0.008300 0.002955 -0.004639
v 0.008300 -0.005012 -0.002265
v 0.008300 -0.001978 -0.001529
v 0.008300 -0.004171 -0.003585
v 0.008300 -0.002992 -0.004615
v 0.012500 0.001529 -0.001978
v 0.012500 0.002169 -0.001243
v 0.012500 0.002480 -0.000318
v 0.012500 0.002413 0.000655
v 0.012500 0.001978 0.001529
v 0.012500 0.001243 0.002169
v 0.012500 0.000318 0.002480
v 0.012500 -0.000655 0.002413
v 0.012500 -0.001529 0.001978
v 0.012700 0.001406 -0.001820
v 0.012700 0.001996 -0.001143
v 0.012700 0.002281 -0.000293
v 0.012700 0.002220 0.000603
v 0.012700 0.001820 0.001406
v 0.012700 0.001143 0.001996
v 0.012700 0.000293 0.002281
v 0.012700 -0.000603 0.002220
v 0.012700 -0.001406 0.001820
v 0.012700 -0.001996 0.001143
v 0.012700 -0.002281 0.000293
v 0.012700 0.000603 -0.002220
v 0.012700 -0.000293 -0.002281
v 0.012700 -0.001143 -0.001996
v 0.012700 -0.001820 -0.001406
v 0.012700 -0.002220 -0.000603
v -0.008900 0.005499 0.000095
v -0.008900 0.005490 0.000334
v -0.008900 0.004886 0.001778
v -0.008900 0.005174 0.001867
v -0.008900 0.004207 0.003056
v -0.008900 0.004438 0.003249
v -0.008900 0.003201 0.004098
v -0.008900 0.003343 0.004367
v -0.008900 0.001948 0.004821
v -0.008900 0.001977 0.005132
v -0.008900 0.000544 0.005171
v -0.008900 0.000451 0.005481
v -0.008900 -0.000903 0.005121
v -0.008900 -0.001111 0.005386
v -0.008900 -0.002280 0.004674
v -0.008900 -0.002584 0.004855
v -0.008900 -0.003479 0.003864
v -0.008900 -0.003847 0.003931
v -0.008900 -0.004410 0.002756
v -0.008900 -0.004799 0.002687
v -0.008900 -0.004999 0.001433
v -0.008900 -0.005361 0.001227
v -0.008900 -0.005200 0.000000
v -0.008900 -0.005490 -0.000334
v -0.008900 -0.005121 -0.000903
v -0.008900 -0.005174 -0.001867
v -0.008900 -0.004886 -0.001778
v -0.008900 -0.004438 -0.003249
v -0.008900 -0.004274 -0.003462
v -0.009900 -0.001111 0.005386
v -0.009900 0.000451 0.005481
v -0.009900 0.001977 0.005132
v -0.009900 0.003343 0.004367
v -0.009900 0.004438 0.003249
v -0.009900 0.005174 0.001867
v -0.009900 0.005490 0.000334
v -0.009900 0.005361 -0.001227
v -0.008900 0.005361 -0.001227
v -0.008900 0.004799 -0.002687
v -0.009900 0.004799 -0.002687
v -0.008900 0.003847 -0.003931
v -0.009900 0.003847 -0.003931
v -0.008900 0.002584 -0.004855
v -0.009900 0.002584 -0.004855
v -0.008900 0.001111 -0.005386
v -0.009900 0.001111 -0.005386
v -0.009900 0.002413 0.000655
v -0.009900 0.002480 -0.000318
v -0.009900 0.002169 -0.001243
v -0.009900 0.001529 -0.001978
v -0.009900 0.000318 0.002480
v -0.009900 0.001243 0.002169
v -0.009900 0.001978 0.001529
v -0.009900 -0.001529 0.001978
v -0.009900 -0.002584 0.004855
v -0.009900 -0.000655 0.002413
v -0.009900 -0.002413 -0.000655
v -0.009900 -0.005490 -0.000334
v -0.009900 -0.002480 0.000318
v -0.009900 -0.005361 0.001227
v -0.009900 -0.002169 0.001243
v -0.009900 -0.004799 0.002687
v -0.009900 -0.003847 0.003931
v -0.009900 0.000655 -0.002413
v -0.009900 -0.000318 -0.002480
v -0.009900 -0.000451 -0.005481
v -0.009900 -0.001977 -0.005132
v -0.009900 -0.001243 -0.002169
v -0.009900 -0.003343 -0.004367
v -0.009900 -0.001978 -0.001529
v -0.009900 -0.004438 -0.003249
v -0.009900 -0.005174 -0.001867
v -0.014300 -0.000293 -0.002281
v -0.014300 -0.000603 0.002220
v -0.014300 0.000603 -0.002220
v -0.014300 0.001996 -0.001143
v -0.014300 0.001406 -0.001820
v -0.014300 -0.001143 -0.001996
v -0.014300 -0.001820 -0.001406
v -0.014300 0.001143 0.001996
v -0.014300 0.001820 0.001406
v -0.014300 0.002220 0.000603
v -0.014300 -0.001406 0.001820
v -0.014300 -0.001996 0.001143
v -0.014300 -0.002281 0.000293
v -0.014300 -0.002220 -0.000603
v -0.014300 0.000293 0.002281
v -0.014300 0.002281 -0.000293
v -0.014100 -0.001529 0.001978
v -0.014100 -0.000655 0.002413
v -0.014100 0.000318 0.002480
v -0.014100 0.001243 0.002169
v -0.014100 0.001978 0.001529
v -0.014100 0.002413 0.000655
v -0.014100 0.002480 -0.000318
v -0.014100 0.002169 -0.001243
v -0.014100 0.001529 -0.001978
v -0.008900 0.013015 -0.023101
v -0.008100 0.013015 -0.023901
v -0.008100 0.006515 -0.023901
v -0.008100 0.005064 -0.023723
v -0.008100 0.003699 -0.023199
v -0.008100 0.002501 -0.022360
v -0.008100 0.001541 -0.021256
v -0.008100 0.000877 -0.019953
v -0.008100 -0.005638 -0.002052
v -0.008100 -0.005909 -0.001042
v -0.008100 -0.006000 0.000000
v -0.008100 0.007097 -0.001957
v -0.008900 0.006346 -0.002231
v -0.008100 0.005638 0.002052
v -0.008100 0.013015 -0.006101
v -0.008900 0.013015 -0.006901
v -0.008100 0.011492 -0.005914
v -0.008900 0.011298 -0.006690
v -0.008100 0.010059 -0.005364
v -0.008900 0.009683 -0.006070
v -0.008100 0.008801 -0.004483
v -0.008900 0.008266 -0.005078
v -0.008100 0.007794 -0.003325
v -0.008900 0.007131 -0.003772
v 0.006500 0.013015 -0.023901
v 0.007300 0.013015 -0.023101
v 0.006500 0.006515 -0.023901
v 0.006500 0.000877 -0.019953
v 0.006500 0.001541 -0.021256
v 0.006500 0.002501 -0.022360
v 0.006500 0.003699 -0.023199
v 0.006500 0.005064 -0.023723
v 0.006500 -0.005638 -0.002052
v 0.006500 0.005638 0.002052
v 0.006500 0.004915 0.003441
v 0.006500 0.004854 0.003527
v 0.006500 0.003857 0.004596
v 0.006500 0.003694 0.004728
v 0.006500 0.002536 0.005438
v 0.006500 0.002248 0.005563
v 0.006500 0.001042 0.005909
v 0.006500 0.000627 0.005967
v 0.006500 -0.000523 0.005977
v 0.006500 -0.001042 0.005909
v 0.006500 -0.002052 0.005638
v 0.006500 -0.002630 0.005393
v 0.006500 -0.003441 0.004915
v 0.006500 -0.004015 0.004459
v 0.006500 -0.004596 0.003857
v 0.006500 -0.005088 0.003179
v 0.006500 -0.005438 0.002536
v 0.006500 -0.005768 0.001654
v 0.006500 -0.005909 0.001042
v 0.006500 -0.006000 0.000000
v 0.006500 -0.005977 -0.000523
v 0.007300 0.006346 -0.002231
v 0.006500 0.007097 -0.001957
v 0.006500 0.007794 -0.003325
v 0.007300 0.007131 -0.003772
v 0.006500 0.008801 -0.004483
v 0.007300 0.008266 -0.005078
v 0.006500 0.010059 -0.005364
v 0.007300 0.009683 -0.006070
v 0.006500 0.011492 -0.005914
v 0.007300 0.011298 -0.006690
v 0.006500 0.013015 -0.006101
v 0.007300 0.013015 -0.006901
v 0.002800 0.007919 -0.003503
v -0.004400 0.007919 -0.003503
v 0.002800 0.007794 -0.003325
v -0.004400 0.007794 -0.003325
v 0.007300 0.002955 -0.004639
v 0.007300 0.001053 -0.017257
v 0.007300 0.002269 -0.014406
v 0.007300 -0.001571 -0.005271
v 0.007300 -0.002992 -0.004615
v 0.007300 0.005441 -0.000805
v 0.007300 0.004994 -0.002305
v 0.007300 0.004142 -0.003618
v 0.007300 0.001528 -0.005283
v 0.007300 -0.000022 -0.005500
v 0.007300 0.001456 -0.015744
v 0.007300 -0.004171 -0.003585
v 0.002800 -0.003586 -0.007690
v -0.004400 -0.003586 -0.007690
v 0.003959 0.013015 -0.012367
v -0.002403 0.013015 -0.013320
v -0.001547 0.013015 -0.013787
v -0.004648 0.013015 -0.012159
v -0.005041 0.013015 -0.012367
v 0.004699 0.013015 -0.011364
v 0.004616 0.013015 -0.011801
v 0.004352 0.013015 -0.012159
v 0.004584 0.013015 -0.010934
v 0.004294 0.013015 -0.010597
v -0.000577 0.013015 -0.013891
v 0.000359 0.013015 -0.013616
v 0.001118 0.013015 -0.013004
v 0.001586 0.013015 -0.012148
v -0.003015 0.013015 -0.012560
v -0.004384 0.013015 -0.011801
v -0.004301 0.013015 -0.011364
v -0.004416 0.013015 -0.010934
v -0.004706 0.013015 -0.010597
v -0.008900 -0.003343 -0.004367
v -0.008900 0.001717 -0.015214
v -0.008900 0.001154 -0.016675
v -0.008900 -0.001977 -0.005132
v -0.008900 -0.000451 -0.005481
v -0.008900 0.002668 -0.013971
v -0.008900 0.003931 -0.013046
v -0.008100 -0.005768 0.001654
v -0.008100 -0.005088 0.003179
v -0.008100 -0.004015 0.004459
v -0.008100 -0.002630 0.005393
v -0.008100 -0.001042 0.005909
v -0.008100 0.000627 0.005967
v -0.008100 0.002248 0.005563
v -0.008100 0.003694 0.004728
v -0.008100 0.004854 0.003527
v -0.014100 -0.002169 0.001243
v -0.014100 -0.002480 0.000318
v -0.014100 -0.002413 -0.000655
v -0.014100 -0.001978 -0.001529
v -0.014100 -0.001243 -0.002169
v -0.014100 -0.000318 -0.002480
v -0.014100 0.000655 -0.002413
v 0.012500 -0.002169 0.001243
v 0.012500 -0.002480 0.000318
v 0.012500 -0.002413 -0.000655
v 0.012500 -0.001978 -0.001529
v 0.012500 -0.001243 -0.002169
v 0.012500 -0.000318 -0.002480
v 0.012500 0.000655 -0.002413
v -0.004922 0.021765 -0.012438
v -0.004709 0.021765 -0.013070
v -0.004400 0.021765 -0.013661
v -0.004002 0.021765 -0.014196
v -0.003525 0.021765 -0.014662
v -0.002981 0.021765 -0.015049
v -0.002384 0.021765 -0.015345
v -0.001747 0.021765 -0.015544
v -0.001088 0.021765 -0.015641
v -0.000421 0.021765 -0.015634
v 0.000237 0.021765 -0.015523
v 0.000869 0.021765 -0.015310
v 0.001460 0.021765 -0.015001
v 0.001995 0.021765 -0.014603
v 0.002461 0.021765 -0.014126
v 0.002847 0.021765 -0.013582
v 0.003144 0.021765 -0.012985
v 0.003440 0.021765 -0.011689
v 0.003343 0.021765 -0.012349
v -0.003309 0.016957 -0.010902
v -0.003267 0.016892 -0.010911
v -0.003029 0.016892 -0.010235
v -0.002610 0.016892 -0.009655
v -0.002045 0.016892 -0.009216
v -0.001379 0.016892 -0.008953
v -0.000666 0.016892 -0.008889
v 0.000037 0.016892 -0.009029
v 0.000671 0.016892 -0.009361
v 0.001540 0.016892 -0.010480
v 0.001186 0.016892 -0.009858
v 0.001581 0.016957 -0.010464
v 0.001220 0.016957 -0.009831
v 0.000696 0.016957 -0.009326
v 0.000051 0.016957 -0.008988
v -0.000663 0.016957 -0.008846
v -0.001389 0.016957 -0.008911
v -0.002066 0.016957 -0.009178
v -0.002641 0.016957 -0.009625
v -0.003067 0.016957 -0.010215
v 0.001641 0.017000 -0.010440
v 0.001272 0.017000 -0.009791
v 0.000734 0.017000 -0.009273
v 0.000073 0.017000 -0.008927
v -0.000660 0.017000 -0.008781
v -0.001404 0.017000 -0.008848
v -0.002098 0.017000 -0.009121
v -0.002688 0.017000 -0.009580
v -0.003125 0.017000 -0.010185
v -0.003373 0.017000 -0.010890
v -0.004800 0.021982 -0.012407
v -0.004889 0.021890 -0.012430
v 0.003316 0.021982 -0.011680
v 0.003221 0.021982 -0.012321
v 0.003028 0.021982 -0.012938
v 0.002740 0.021982 -0.013518
v 0.002365 0.021982 -0.014046
v 0.001913 0.021982 -0.014509
v 0.001393 0.021982 -0.014895
v 0.000820 0.021982 -0.015195
v 0.000206 0.021982 -0.015402
v -0.000432 0.021982 -0.015510
v -0.001079 0.021982 -0.015517
v -0.001720 0.021982 -0.015422
v -0.002337 0.021982 -0.015229
v -0.002917 0.021982 -0.014941
v -0.003445 0.021982 -0.014567
v -0.003908 0.021982 -0.014114
v -0.004294 0.021982 -0.013594
v -0.004594 0.021982 -0.013021
v -0.004678 0.021890 -0.013057
v -0.004371 0.021890 -0.013643
v -0.003976 0.021890 -0.014174
v -0.003504 0.021890 -0.014637
v -0.002964 0.021890 -0.015020
v -0.002371 0.021890 -0.015314
v -0.001740 0.021890 -0.015512
v -0.001085 0.021890 -0.015608
v -0.000424 0.021890 -0.015601
v 0.000229 0.021890 -0.015490
v 0.000856 0.021890 -0.015279
v 0.001442 0.021890 -0.014972
v 0.001973 0.021890 -0.014578
v 0.002436 0.021890 -0.014105
v 0.002819 0.021890 -0.013565
v 0.003113 0.021890 -0.012973
v 0.003310 0.021890 -0.012341
v 0.003407 0.021890 -0.011687
v -0.014100 0.005963 -0.015463
v -0.014100 0.006938 -0.015437
v -0.014100 0.007848 -0.015786
v -0.014100 0.008556 -0.016457
v -0.014100 0.008954 -0.017348
v -0.014100 0.008980 -0.018323
v -0.014100 0.008630 -0.019234
v 0.012500 0.008630 -0.019234
v 0.012500 0.008980 -0.018323
v 0.012500 0.008954 -0.017348
v 0.012500 0.008556 -0.016457
v 0.012500 0.007848 -0.015786
v 0.012500 0.006938 -0.015437
v 0.012500 0.005963 -0.015463
v -0.004970 0.014565 -0.012345
v -0.004648 0.014565 -0.012159
v -0.004542 0.014565 -0.012054
v -0.004384 0.014565 -0.011801
v -0.004317 0.014565 -0.011587
v -0.004301 0.014565 -0.011364
v -0.004356 0.014565 -0.011071
v -0.004416 0.014565 -0.010934
v -0.004647 0.014565 -0.010643
v -0.004716 0.014955 -0.010722
v -0.004455 0.014955 -0.011106
v -0.004768 0.015083 -0.011025
v -0.005213 0.015148 -0.010940
v -0.005658 0.015083 -0.010856
v 0.004030 0.014565 -0.012345
v 0.004352 0.014565 -0.012159
v 0.004458 0.014565 -0.012054
v 0.004616 0.014565 -0.011801
v 0.004682 0.014565 -0.011587
v 0.004699 0.014565 -0.011364
v 0.004644 0.014565 -0.011071
v 0.004584 0.014565 -0.010934
v 0.004352 0.014565 -0.010643
v 0.004284 0.014955 -0.010722
v 0.004545 0.014955 -0.011106
v 0.003342 0.015083 -0.010856
v 0.003787 0.015148 -0.010940
v 0.004232 0.015083 -0.011025
v -0.000800 0.026922 -0.015901
v -0.000800 0.017015 -0.015901
v 0.000206 0.026859 -0.015787
v 0.000591 0.017015 -0.015681
v 0.001845 0.017015 -0.015042
v 0.001170 0.026669 -0.015447
v 0.000593 0.026799 -0.015680
v 0.002868 0.025865 -0.014008
v 0.002841 0.025886 -0.014046
v 0.002841 0.017015 -0.014046
v 0.002096 0.026333 -0.014846
v 0.001848 0.026441 -0.015040
v 0.003413 0.025292 -0.012982
v 0.003480 0.017015 -0.012792
v 0.003480 0.025185 -0.012790
v 0.003683 0.024630 -0.011796
v 0.003700 0.017015 -0.011401
v 0.003700 0.024410 -0.011401
v 0.003480 0.017015 -0.010011
v 0.002841 0.017015 -0.008756
v 0.002841 0.022933 -0.008757
v 0.003352 0.023440 -0.009665
v 0.003480 0.023634 -0.010012
v 0.003645 0.024019 -0.010701
v 0.001601 0.022080 -0.007595
v 0.001845 0.022236 -0.007761
v 0.001845 0.017015 -0.007761
v 0.002335 0.022568 -0.008172
v 0.002771 0.022881 -0.008663
v 0.000591 0.017015 -0.007121
v -0.000800 0.017015 -0.006901
v -0.000800 0.021228 -0.006901
v -0.000082 0.021316 -0.006959
v 0.000591 0.021542 -0.007121
v 0.001123 0.021801 -0.007333
v -0.003248 0.017015 -0.010387
v -0.004441 0.017015 -0.008756
v -0.002674 0.017015 -0.009527
v -0.003445 0.017015 -0.007761
v -0.001814 0.017015 -0.008953
v -0.002191 0.017015 -0.007121
v -0.000800 0.017015 -0.008751
v 0.000214 0.017015 -0.008953
v 0.001074 0.017015 -0.009527
v 0.001648 0.017015 -0.012415
v 0.001074 0.017015 -0.013275
v 0.000214 0.017015 -0.013849
v -0.000800 0.017015 -0.014051
v -0.001814 0.017015 -0.013849
v -0.002191 0.017015 -0.015681
v -0.003445 0.017015 -0.015042
v -0.002674 0.017015 -0.013275
v -0.004441 0.017015 -0.014046
v -0.003248 0.017015 -0.012415
v -0.005080 0.017015 -0.012792
v -0.003450 0.017015 -0.011401
v -0.005300 0.017015 -0.011401
v -0.005080 0.017015 -0.010011
v 0.001648 0.017015 -0.010387
v 0.001850 0.017015 -0.011401
v 0.008200 0.047015 -0.018871
v 0.008818 0.047015 -0.018969
v 0.008752 0.047598 -0.018969
v 0.010102 0.047015 -0.020253
v 0.010200 0.047015 -0.020871
v 0.010100 0.047906 -0.020871
v 0.010004 0.047884 -0.020253
v 0.010004 0.048252 -0.020871
v 0.009716 0.048708 -0.020253
v 0.009804 0.048751 -0.020871
v 0.009436 0.049367 -0.020871
v 0.009251 0.049448 -0.020253
v 0.009327 0.049509 -0.020871
v 0.008694 0.050143 -0.020871
v 0.008633 0.050066 -0.020253
v 0.008551 0.050252 -0.020871
v 0.007893 0.050531 -0.020253
v 0.007090 0.050915 -0.020871
v 0.007068 0.050820 -0.020253
v 0.007436 0.050820 -0.020871
v 0.007936 0.050619 -0.020871
v 0.009614 0.047015 -0.019457
v 0.009818 0.047015 -0.019696
v 0.009727 0.047821 -0.019696
v 0.010048 0.047015 -0.020106
v 0.006200 0.051015 -0.020871
v 0.006200 0.050918 -0.020253
v 0.006200 0.050863 -0.020106
v 0.007005 0.050543 -0.019696
v 0.007770 0.050275 -0.019696
v 0.008456 0.049844 -0.019696
v 0.009029 0.049271 -0.019696
v 0.009460 0.048585 -0.019696
v 0.009376 0.047015 -0.019253
v 0.009296 0.047722 -0.019253
v 0.009061 0.048393 -0.019253
v 0.008683 0.048995 -0.019253
v 0.008180 0.049498 -0.019253
v 0.007578 0.049877 -0.019253
v 0.006907 0.050111 -0.019253
v 0.006200 0.050633 -0.019696
v 0.006200 0.050430 -0.019457
v 0.006200 0.050191 -0.019253
v 0.006200 0.049781 -0.019023
v 0.008559 0.048151 -0.018969
v 0.008247 0.048648 -0.018969
v 0.007832 0.049062 -0.018969
v 0.007336 0.049374 -0.018969
v 0.006783 0.049568 -0.018969
v 0.006200 0.049633 -0.018969
v 0.008150 0.047460 -0.018871
v 0.008002 0.047883 -0.018871
v 0.007764 0.048262 -0.018871
v 0.007447 0.048579 -0.018871
v 0.007068 0.048817 -0.018871
v 0.006645 0.048965 -0.018871
v 0.006200 0.049015 -0.018871
v 0.010200 0.015015 -0.020871
v 0.010172 0.014682 -0.020537
v 0.010050 0.014255 -0.020110
v 0.009934 0.014019 -0.019875
v 0.009620 0.013608 -0.019463
v 0.009464 0.013466 -0.019321
v 0.008852 0.013125 -0.018980
v 0.008200 0.013015 -0.018871
v -0.007800 0.049015 -0.018871
v -0.007800 0.049633 -0.018969
v -0.007800 0.049781 -0.019023
v -0.007800 0.050191 -0.019253
v -0.007800 0.050430 -0.019457
v -0.007800 0.050633 -0.019696
v -0.007800 0.050863 -0.020106
v -0.007800 0.050918 -0.020253
v -0.007800 0.051015 -0.020871
v -0.008668 0.050820 -0.020253
v -0.008690 0.050915 -0.020871
v -0.009036 0.050820 -0.020871
v -0.009493 0.050531 -0.020253
v -0.009535 0.050619 -0.020871
v -0.010151 0.050252 -0.020871
v -0.010233 0.050066 -0.020253
v -0.010294 0.050143 -0.020871
v -0.010927 0.049509 -0.020871
v -0.010851 0.049448 -0.020253
v -0.011036 0.049367 -0.020871
v -0.011316 0.048708 -0.020253
v -0.011700 0.047906 -0.020871
v -0.011604 0.047884 -0.020253
v -0.011604 0.048252 -0.020871
v -0.011404 0.048751 -0.020871
v -0.008605 0.050543 -0.019696
v -0.009370 0.050275 -0.019696
v -0.010056 0.049844 -0.019696
v -0.010629 0.049271 -0.019696
v -0.011060 0.048585 -0.019696
v -0.011327 0.047821 -0.019696
v -0.008507 0.050111 -0.019253
v -0.011800 0.047015 -0.020871
v -0.011702 0.047015 -0.020253
v -0.011418 0.047015 -0.019696
v -0.011214 0.047015 -0.019457
v -0.009178 0.049877 -0.019253
v -0.009780 0.049498 -0.019253
v -0.010283 0.048995 -0.019253
v -0.010661 0.048393 -0.019253
v -0.010896 0.047722 -0.019253
v -0.010976 0.047015 -0.019253
v -0.008383 0.049568 -0.018969
v -0.008936 0.049374 -0.018969
v -0.009432 0.049062 -0.018969
v -0.009847 0.048648 -0.018969
v -0.010159 0.048151 -0.018969
v -0.010352 0.047598 -0.018969
v -0.010418 0.047015 -0.018969
v -0.008245 0.048965 -0.018871
v -0.008668 0.048817 -0.018871
v -0.009047 0.048579 -0.018871
v -0.009364 0.048262 -0.018871
v -0.009602 0.047883 -0.018871
v -0.009750 0.047460 -0.018871
v -0.009800 0.047015 -0.018871
v -0.009800 0.013015 -0.018871
v -0.010031 0.013029 -0.018884
v -0.010670 0.013215 -0.019070
v -0.011214 0.013601 -0.019457
v -0.011647 0.014249 -0.020105
v -0.011800 0.015015 -0.020871
v -0.009396 0.031502 -0.018871
v -0.009400 0.031515 -0.018871
v -0.009400 0.013015 -0.018871
v -0.008900 0.013015 -0.018371
v -0.008900 0.028943 -0.018371
v -0.008967 0.013015 -0.018621
v -0.008969 0.029927 -0.018625
v -0.009150 0.013015 -0.018804
v -0.008979 0.030018 -0.018642
v -0.009020 0.030205 -0.018696
v -0.009107 0.030545 -0.018776
v -0.009150 0.030701 -0.018804
v -0.009192 0.030843 -0.018826
v 0.007448 0.030322 -0.018727
v 0.007379 0.030018 -0.018642
v 0.007446 0.013015 -0.018725
v 0.007342 0.029679 -0.018571
v 0.007338 0.013015 -0.018562
v 0.007300 0.028943 -0.018371
v 0.007300 0.013015 -0.018371
v 0.007528 0.030623 -0.018791
v 0.007609 0.013015 -0.018833
v 0.007630 0.030972 -0.018841
v 0.007796 0.031502 -0.018871
v 0.007800 0.013015 -0.018871
v 0.007800 0.031515 -0.018871
v 0.006500 0.026822 -0.015721
v 0.007300 0.026123 -0.016111
v 0.006556 0.027150 -0.016309
v 0.007300 0.026838 -0.017081
v 0.007300 0.027772 -0.017843
v 0.006809 0.027942 -0.017368
v 0.006617 0.027333 -0.016610
v 0.007108 0.028984 -0.018183
v 0.006960 0.028456 -0.017826
v 0.006832 0.028020 -0.017446
v 0.007300 0.028866 -0.018347
v 0.007242 0.029486 -0.018441
v 0.006500 0.022881 -0.008663
v 0.007300 0.022183 -0.009054
v 0.006500 0.022089 -0.007604
v 0.007300 0.021517 -0.008163
v 0.006500 0.021046 -0.006789
v 0.007300 0.020642 -0.007479
v 0.006500 0.019827 -0.006276
v 0.007300 0.019617 -0.007048
v 0.006500 0.018515 -0.006101
v 0.007300 0.018515 -0.006901
v -0.008900 0.026123 -0.016111
v -0.008100 0.026822 -0.015721
v -0.008156 0.027150 -0.016309
v -0.008900 0.026838 -0.017081
v -0.008217 0.027333 -0.016610
v -0.008409 0.027942 -0.017368
v -0.008900 0.027772 -0.017843
v -0.008560 0.028454 -0.017824
v -0.008900 0.028866 -0.018347
v -0.008693 0.028929 -0.018150
v -0.008843 0.029487 -0.018441
v -0.008100 0.022881 -0.008663
v -0.008900 0.022183 -0.009054
v -0.008900 0.018515 -0.006901
v -0.008100 0.018515 -0.006101
v -0.008100 0.019827 -0.006276
v -0.008900 0.019617 -0.007048
v -0.008100 0.021046 -0.006789
v -0.008900 0.020642 -0.007479
v -0.008100 0.022089 -0.007604
v -0.008900 0.021517 -0.008163
v -0.001894 0.026847 -0.015766
v -0.002193 0.026799 -0.015680
v -0.004371 0.022881 -0.008663
v -0.004441 0.022933 -0.008757
v -0.003445 0.026442 -0.015041
v -0.003421 0.026452 -0.015059
v -0.002851 0.026646 -0.015407
v -0.005081 0.025185 -0.012789
v -0.004835 0.025522 -0.013392
v -0.004442 0.025885 -0.014044
v -0.004271 0.026009 -0.014265
v -0.004689 0.023146 -0.009138
v -0.005080 0.023634 -0.010011
v -0.005108 0.023684 -0.010101
v -0.005294 0.024284 -0.011177
v -0.005300 0.024409 -0.011401
v -0.005209 0.024913 -0.012303
v -0.003936 0.022569 -0.008174
v -0.003444 0.022235 -0.007760
v -0.001519 0.021316 -0.006959
v -0.002191 0.021542 -0.007121
v -0.002723 0.021801 -0.007333
v -0.003215 0.022089 -0.007604
v -0.009800 0.013015 -0.025259
v -0.010565 0.013168 -0.025259
v -0.011214 0.013601 -0.025259
v -0.011800 0.015015 -0.025259
v -0.011800 0.047015 -0.025259
v -0.007800 0.051015 -0.025259
v -0.011604 0.048252 -0.025259
v -0.011036 0.049367 -0.025259
v -0.010151 0.050252 -0.025259
v -0.009036 0.050820 -0.025259
v 0.010004 0.048252 -0.025259
v 0.010200 0.047015 -0.025259
v 0.006200 0.051015 -0.025259
v 0.008200 0.013015 -0.025259
v -0.011648 0.014250 -0.025259
v 0.007436 0.050820 -0.025259
v 0.008551 0.050252 -0.025259
v 0.009436 0.049367 -0.025259
v 0.009614 0.013601 -0.025259
v 0.008965 0.013168 -0.025259
v 0.010048 0.014250 -0.025259
v 0.010200 0.015015 -0.025259
vn 0.2725 0.9610 -0.0472
vn 0.3993 0.9143 -0.0683
vn 0.3415 0.9014 -0.2662
vn 0.1127 0.9058 -0.4085
vn 0.1952 0.9317 -0.3063
vn -0.0644 0.9134 -0.4020
vn -0.0462 0.9623 -0.2680
vn -0.2393 0.9043 -0.3536
vn -0.2937 0.9338 -0.2046
vn -0.4070 0.8919 -0.1971
vn -0.4083 0.9122 -0.0345
vn -0.0000 1.0000 -0.0000
vn -0.2610 0.9641 0.0494
vn -0.4056 0.9108 0.0768
vn -0.1613 0.2588 -0.9524
vn -0.1666 0.1280 -0.9777
vn -0.5129 0.1281 -0.8489
vn -0.5625 0.2733 -0.7803
vn -0.7012 0.1329 -0.7005
vn -0.8431 0.2876 -0.4544
vn -0.8498 0.1280 -0.5114
vn -0.9468 0.1359 -0.2916
vn -0.9587 0.2742 -0.0759
vn -0.9902 0.1280 -0.0552
vn -0.9491 0.2589 0.1797
vn -0.9743 0.1294 0.1845
vn -0.8645 0.2742 0.4213
vn -0.9014 0.1280 0.4136
vn -0.7747 0.1359 0.6176
vn -0.6185 0.2876 0.7313
vn -0.6041 0.1280 0.7866
vn -0.3961 0.1329 0.9086
vn -0.2381 0.2733 0.9320
vn -0.1666 0.1280 0.9777
vn 0.2007 0.1302 0.9710
vn 0.1983 0.2588 0.9454
vn 0.1710 -0.0045 0.9853
vn -0.3280 -0.0132 0.9446
vn -0.7570 -0.0185 0.6532
vn -0.9823 -0.0202 0.1861
vn -0.9434 -0.0184 -0.3311
vn -0.6507 -0.0132 -0.7592
vn -0.1975 0.0006 -0.9803
vn -0.0710 0.9135 -0.4007
vn -0.0481 0.9618 -0.2694
vn -0.2676 0.8997 -0.3447
vn -0.3005 0.9318 -0.2037
vn -0.3991 0.9106 -0.1072
vn -0.3994 0.9142 0.0683
vn -0.2725 0.9610 0.0471
vn -0.1798 0.2588 -0.9490
vn -0.1846 0.1278 -0.9745
vn -0.6471 0.1278 -0.7516
vn -0.6302 0.2588 -0.7321
vn -0.9362 0.1278 -0.3274
vn -0.9118 0.2588 -0.3188
vn -0.9745 0.1279 0.1846
vn -0.9490 0.2589 0.1798
vn -0.7516 0.1279 0.6471
vn -0.7320 0.2588 0.6302
vn -0.3274 0.1278 0.9362
vn -0.3189 0.2588 0.9118
vn 0.1829 0.1301 0.9745
vn 0.1798 0.2588 0.9490
vn 0.1677 -0.0000 0.9858
vn -0.3301 -0.0000 0.9440
vn -0.5632 -0.0000 0.8264
vn -0.9009 -0.0000 0.4341
vn -0.9825 -0.0000 0.1862
vn -0.9972 -0.0000 -0.0745
vn -0.8263 -0.0000 -0.5632
vn -0.6524 -0.0000 -0.7578
vn -0.4341 -0.0000 -0.9009
vn 1.0000 -0.0000 -0.0000
vn 0.0029 0.5645 -0.8254
vn -0.0000 0.5661 -0.8243
vn -0.0000 0.7721 -0.6355
vn -0.0000 0.9199 -0.3922
vn -0.0000 0.9931 -0.1171
vn -0.0000 0.9859 0.1674
vn -0.0000 0.8988 0.4384
vn -0.0000 0.7389 0.6738
vn -0.0000 0.5191 0.8547
vn -0.0000 0.2573 0.9663
vn -0.0000 -0.0254 0.9997
vn -0.0000 -0.3060 0.9520
vn -0.0000 -0.5618 0.8273
vn -1.0000 -0.0000 -0.0000
vn -0.0000 -0.2021 0.9794
vn -0.0000 0.0820 0.9966
vn -0.0000 0.3595 0.9332
vn -0.0000 0.6078 0.7941
vn -0.0000 0.8069 0.5907
vn -0.0000 0.9406 0.3394
vn -0.0000 0.9982 0.0606
vn -0.0000 0.9748 -0.2230
vn -0.0000 0.8725 -0.4886
vn -0.0000 0.6995 -0.7146
vn -0.0183 0.4800 -0.8771
vn -0.0000 0.4698 -0.8828
vn -0.0126 0.1948 -0.9808
vn -0.0697 0.3577 -0.9312
vn -0.0000 0.1634 -0.9866
vn -0.3142 -0.9491 -0.0221
vn -0.0887 -0.9960 -0.0079
vn -0.1105 -0.9929 -0.0433
vn 0.9415 -0.3270 0.0810
vn 0.9911 -0.0988 0.0888
vn 0.9804 -0.1305 -0.1477
vn 0.6983 -0.7130 0.0627
vn 0.8449 -0.5301 0.0722
vn 0.8541 -0.4984 -0.1490
vn 0.9464 -0.0351 -0.3210
vn 0.7606 -0.5033 -0.4100
vn 0.8710 -0.1264 -0.4748
vn 0.6139 -0.4976 -0.6128
vn 0.8042 -0.0257 -0.5938
vn 0.6748 -0.1324 -0.7260
vn 0.4256 -0.5104 -0.7472
vn 0.4915 -0.1325 -0.8608
vn 0.2125 -0.5012 -0.8388
vn -0.5349 -0.1325 -0.8344
vn -0.4936 -0.4971 -0.7136
vn -0.3307 -0.1323 -0.9344
vn -0.2860 -0.5103 -0.8110
vn -0.0882 -0.1315 -0.9874
vn -0.0601 -0.5009 -0.8634
vn 0.0892 -0.0276 -0.9956
vn 0.2622 -0.1316 -0.9560
vn -0.6747 -0.0583 -0.7358
vn -0.7856 -0.1239 -0.6062
vn -0.6858 -0.5055 -0.5236
vn -0.8115 -0.4992 -0.3038
vn -0.4485 -0.8762 -0.1763
vn -0.8635 0.0370 -0.5030
vn -0.9378 -0.1319 -0.3212
vn -0.9912 -0.1003 -0.0866
vn 0.4268 -0.9034 0.0402
vn 0.4717 -0.8770 -0.0918
vn 0.6264 -0.7073 -0.3276
vn 0.5090 -0.7070 -0.4910
vn 0.3501 -0.7068 -0.6146
vn 0.1626 -0.7071 -0.6881
vn -0.0378 -0.7068 -0.7064
vn -0.2353 -0.7069 -0.6671
vn -0.4137 -0.7069 -0.5737
vn -0.5586 -0.7068 -0.4340
vn -0.9426 -0.3237 -0.0821
vn -0.8421 -0.5346 -0.0708
vn -0.7007 -0.7110 -0.0585
vn -0.5165 -0.8554 -0.0392
vn 0.1171 -0.9931 0.0118
vn 0.1164 -0.9929 -0.0231
vn 0.1054 -0.9929 -0.0551
vn 0.2296 -0.9659 -0.1200
vn 0.0854 -0.9929 -0.0824
vn 0.1863 -0.9659 -0.1798
vn 0.0587 -0.9929 -0.1031
vn 0.1280 -0.9660 -0.2246
vn 0.0274 -0.9929 -0.1157
vn 0.0596 -0.9659 -0.2520
vn -0.0064 -0.9929 -0.1185
vn -0.0138 -0.9659 -0.2584
vn -0.0395 -0.9929 -0.1119
vn -0.0861 -0.9659 -0.2440
vn -0.0694 -0.9929 -0.0963
vn -0.1512 -0.9660 -0.2097
vn -0.0937 -0.9929 -0.0728
vn -0.2041 -0.9660 -0.1586
vn -0.0000 -1.0000 -0.0000
vn -0.0874 -0.9960 0.0174
vn -0.0789 -0.9960 0.0413
vn -0.0641 -0.9960 0.0618
vn -0.0441 -0.9960 0.0774
vn -0.0205 -0.9960 0.0867
vn 0.0048 -0.9960 0.0889
vn 0.0296 -0.9960 0.0840
vn 0.0523 -0.9960 0.0725
vn 0.0703 -0.9960 0.0546
vn 0.0829 -0.9960 0.0326
vn 0.9414 -0.0991 0.3224
vn 0.9960 -0.0090 0.0892
vn 0.8864 -0.0108 0.4629
vn 0.8740 0.0350 0.4846
vn 0.7803 -0.0988 0.6176
vn 0.6400 -0.0095 0.7683
vn 0.6770 0.0045 0.7360
vn 0.5371 -0.0995 0.8376
vn 0.3000 -0.0087 0.9539
vn 0.3319 -0.0992 0.9381
vn 0.0884 -0.0984 0.9912
vn -0.0892 -0.0112 0.9960
vn -0.0891 0.0450 0.9950
vn -0.2632 -0.0985 0.9597
vn -0.4647 -0.0087 0.8854
vn -0.4933 -0.0993 0.8642
vn -0.6775 -0.0993 0.7288
vn -0.7663 -0.0095 0.6424
vn -0.8048 0.0463 0.5917
vn -0.8740 -0.0937 0.4767
vn -0.9545 -0.0108 0.2980
vn -0.9960 -0.0090 -0.0892
vn -0.9837 -0.0991 0.1500
vn -0.9462 0.0348 0.3216
vn -0.0000 0.9687 0.2484
vn -0.0000 0.9990 -0.0438
vn -0.0000 0.9991 -0.0435
vn -0.0000 0.9063 -0.4226
vn -0.0000 0.6756 -0.7373
vn -0.0000 0.5189 -0.8549
vn -0.0000 0.1520 -0.9884
vn -0.0000 0.1523 -0.9883
vn -0.0000 -0.0435 -0.9991
vn -0.0000 -0.4226 -0.9063
vn -0.0000 -0.7373 -0.6756
vn -0.0000 -0.9218 -0.3877
vn 0.0034 -0.9545 -0.2980
vn -0.0014 -0.9598 -0.2808
vn -0.0000 0.9153 0.4027
vn -0.0000 0.9288 0.3705
vn 0.0048 -0.9802 -0.1980
vn -0.0041 -0.9918 -0.1275
vn -0.0000 -0.9962 -0.0872
vn -0.0026 -0.9998 0.0199
vn -0.0000 -0.9998 0.0218
vn -0.0010 -0.9877 0.1564
vn -0.0000 -0.9877 0.1565
vn -0.0000 -0.9576 0.2882
vn -0.0011 -0.9100 0.4147
vn -0.0000 -0.9100 0.4147
vn -0.0000 -0.8457 0.5336
vn -0.0011 -0.7660 0.6428
vn -0.0000 -0.7660 0.6428
vn -0.0000 -0.6724 0.7402
vn -0.0011 -0.5664 0.8241
vn -0.0000 -0.5664 0.8241
vn -0.0000 -0.4501 0.8930
vn -0.0010 -0.3255 0.9455
vn -0.0000 -0.3256 0.9455
vn -0.0000 -0.1951 0.9808
vn -0.0010 -0.0610 0.9981
vn -0.0000 -0.0611 0.9981
vn -0.0000 0.0741 0.9973
vn -0.0008 0.2079 0.9781
vn -0.0000 0.2079 0.9782
vn -0.0000 0.3380 0.9412
vn -0.0007 0.4618 0.8870
vn -0.0000 0.4618 0.8870
vn -0.0000 0.5771 0.8167
vn -0.0005 0.6820 0.7314
vn -0.0000 0.6820 0.7314
vn -0.0000 0.7744 0.6327
vn -0.0003 0.8527 0.5225
vn -0.0000 0.8526 0.5225
vn 0.0127 0.9893 0.1456
vn -0.0000 0.9839 0.1788
vn -0.0000 0.9113 0.4117
vn -0.0000 0.7584 0.6518
vn -0.0000 0.5440 0.8391
vn -0.0000 0.2856 0.9584
vn -0.0000 0.0040 1.0000
vn -0.0000 -0.2779 0.9606
vn -0.0000 -0.5372 0.8434
vn -0.0000 -0.7531 0.6579
vn -0.0000 -0.9080 0.4191
vn -0.0000 -0.9892 0.1463
vn -0.0000 -0.9904 -0.1383
vn -0.0000 0.3595 0.9331
vn -0.0000 0.9927 0.1209
vn -0.0124 0.9975 0.0696
vn -0.0107 0.9993 -0.0350
vn -0.0060 0.9734 -0.2292
vn -0.0000 0.9723 -0.2336
vn -0.0000 0.2021 -0.9794
vn -0.7071 -0.0000 -0.7071
vn -0.7065 -0.0421 -0.7065
vn -0.7064 -0.0445 -0.7064
vn -0.7071 -0.1711 -0.6861
vn -0.7071 -0.3320 -0.6244
vn -0.7071 -0.4732 -0.5255
vn -0.7071 -0.5862 -0.3954
vn -0.7065 -0.6495 -0.2812
vn -0.7064 -0.6486 -0.2834
vn -0.7068 -0.6745 -0.2133
vn -0.7067 -0.6749 -0.2121
vn -0.7071 -0.6645 -0.2418
vn -0.7071 -0.6645 -0.2419
vn -0.7071 -0.6964 -0.1228
vn -0.7070 -0.7070 0.0176
vn -0.7070 -0.7070 0.0196
vn -0.7064 0.6486 0.2834
vn -0.7065 0.6495 0.2811
vn -0.7063 0.6473 0.2866
vn -0.7071 0.6645 0.2419
vn -0.7062 0.6462 0.2895
vn -0.7044 0.0865 0.7045
vn -0.7071 0.1711 0.6861
vn -0.7071 0.3320 0.6243
vn -0.7071 0.4731 0.5255
vn -0.7071 0.5862 0.3954
vn -0.7065 0.6495 0.2812
vn 0.7071 -0.0000 -0.7071
vn 0.7065 -0.0421 -0.7065
vn 0.7064 -0.0445 -0.7064
vn 0.7064 -0.6486 -0.2834
vn 0.7065 -0.6495 -0.2812
vn 0.7071 -0.5862 -0.3954
vn 0.7071 -0.4732 -0.5255
vn 0.7071 -0.3320 -0.6244
vn 0.7071 -0.1711 -0.6861
vn 0.7071 -0.6645 -0.2419
vn 0.7064 -0.6792 -0.1993
vn 0.7071 -0.6645 -0.2418
vn 0.7063 -0.6800 -0.1967
vn 0.7063 0.6474 0.2864
vn 0.7064 0.6484 0.2839
vn 0.7065 0.6028 0.3709
vn 0.7098 0.5786 0.4018
vn 0.7079 0.5473 0.4464
vn 0.7129 0.4531 0.5352
vn 0.7067 0.4817 0.5183
vn 0.7094 0.4068 0.5756
vn 0.7154 0.2981 0.6320
vn 0.7068 0.3259 0.6279
vn 0.7107 0.2374 0.6622
vn 0.7172 0.1238 0.6857
vn 0.7069 0.1463 0.6920
vn 0.7119 0.0516 0.7004
vn 0.7186 -0.0583 0.6929
vn 0.7070 -0.0437 0.7059
vn 0.7127 -0.1373 0.6879
vn 0.7196 -0.2359 0.6531
vn 0.7070 -0.2306 0.6685
vn 0.7133 -0.3157 0.6257
vn 0.7202 -0.3972 0.5688
vn 0.7071 -0.4007 0.5827
vn 0.7137 -0.4711 0.5184
vn 0.7204 -0.5313 0.4458
vn 0.7071 -0.5417 0.4545
vn 0.7137 -0.5924 0.3739
vn 0.7202 -0.6292 0.2924
vn 0.7071 -0.6434 0.2934
vn 0.7133 -0.6710 0.2023
vn 0.7196 -0.6841 0.1189
vn 0.7071 -0.6984 0.1110
vn 0.7127 -0.7012 0.0158
vn 0.7143 -0.6963 -0.0701
vn 0.7068 -0.7015 -0.0912
vn 0.7065 0.6495 0.2812
vn 0.7064 0.6486 0.2834
vn 0.7071 0.6645 0.2418
vn 0.7071 0.5862 0.3954
vn 0.7071 0.4732 0.5255
vn 0.7071 0.4731 0.5255
vn 0.7071 0.3320 0.6243
vn 0.7071 0.1711 0.6861
vn 0.7044 0.0865 0.7045
vn 0.7071 0.1710 0.6861
vn -0.0000 -0.3420 0.9397
vn 0.0069 -0.9554 -0.2954
vn -0.0000 -0.9600 -0.2798
vn -0.0000 -0.9397 -0.3420
vn -0.0000 -0.9171 -0.3987
vn -0.0000 -0.0611 -0.9981
vn -0.0000 -0.0610 -0.9981
vn -0.0000 -0.2419 -0.9703
vn -0.0000 -0.4695 -0.8829
vn -0.0000 -0.6691 -0.7432
vn -0.0000 -0.8290 -0.5592
vn -0.0000 -0.0000 -1.0000
vn -0.0000 1.0000 -0.0001
vn -0.0000 0.9171 0.3988
vn -0.0000 0.8572 0.5149
vn -0.0030 0.8301 0.5576
vn -0.0005 0.7699 0.6382
vn -0.0024 0.6677 0.7444
vn 0.0177 0.7754 0.6312
vn -0.0000 0.8290 0.5592
vn 0.0164 0.8503 0.5260
vn 0.0007 0.6690 0.7433
vn -0.0000 0.4695 0.8829
vn -0.0000 0.2419 0.9703
vn -0.0000 0.2420 0.9703
vn -0.0000 0.1219 0.9925
vn 0.0015 -0.9915 -0.1303
vn 0.0095 -0.9837 -0.1795
vn -0.0061 -0.9997 0.0216
vn -0.0014 0.9140 0.4057
vn -0.0000 -0.3421 0.9397
vn -0.0133 -0.9612 0.2754
vn -0.0137 -0.8480 0.5298
vn -0.0137 -0.6690 0.7431
vn -0.0133 -0.4382 0.8988
vn -0.0124 -0.1733 0.9848
vn -0.0111 0.1049 0.9944
vn -0.0093 0.3751 0.9269
vn -0.0071 0.6162 0.7875
vn -0.0045 0.8096 0.5870
vn -0.7071 -0.6797 0.1949
vn -0.7071 -0.5997 0.3747
vn -0.7071 -0.4732 0.5255
vn -0.7071 -0.3100 0.6356
vn -0.7071 -0.1228 0.6964
vn -0.7071 0.0739 0.7032
vn -0.7071 0.2649 0.6556
vn -0.7071 0.4353 0.5572
vn -0.7071 0.5721 0.4156
vn -0.0000 -0.0820 -0.9966
vn -0.0000 -0.3595 -0.9331
vn -0.0000 -0.5981 -0.8015
vn -0.0067 -0.6021 -0.7984
vn -0.0119 -0.7448 -0.6672
vn -0.0134 -0.8127 -0.5826
vn -0.0000 -0.8404 -0.5419
vn -0.0000 -0.9406 -0.3394
vn -0.0000 -0.9982 -0.0606
vn -0.0000 -0.9748 0.2230
vn -0.0000 -0.8725 0.4886
vn -0.0000 -0.6995 0.7146
vn -0.0000 -0.4698 0.8828
vn -0.0000 -0.9143 -0.4051
vn 0.0041 -0.9131 -0.4077
vn 0.0072 -0.8128 -0.5826
vn 0.0093 -0.7541 -0.6567
vn -0.0000 -0.7151 -0.6990
vn -0.0000 -0.5440 -0.8391
vn -0.0000 -0.2856 -0.9584
vn -0.0000 -0.0040 -1.0000
vn -0.0000 0.2779 -0.9606
vn -0.0000 0.5372 -0.8434
vn -0.0000 0.7531 -0.6579
vn -0.0000 0.9080 -0.4191
vn 0.0174 0.9874 -0.1571
vn -0.0000 0.9892 -0.1463
vn 0.0652 0.9977 -0.0199
vn -0.8864 -0.0108 -0.4629
vn -0.6400 -0.0095 -0.7683
vn -0.3000 -0.0087 -0.9539
vn 0.0892 -0.0112 -0.9960
vn 0.4647 -0.0087 -0.8854
vn 0.7663 -0.0095 -0.6424
vn 0.9545 -0.0108 -0.2980
vn -0.6852 -0.7160 0.1339
vn -0.9124 -0.3758 0.1622
vn -0.8138 -0.3814 0.4385
vn -0.6551 -0.3747 0.6561
vn -0.4559 -0.3893 0.8004
vn -0.2272 -0.3787 0.8972
vn 0.0642 -0.3787 0.9233
vn 0.3064 -0.3893 0.8687
vn 0.5268 -0.3744 0.7631
vn 0.8684 -0.3763 0.3229
vn 0.7740 -0.1674 0.6107
vn 0.6506 -0.7155 0.2545
vn 0.6566 -0.5555 0.5102
vn 0.5512 -0.7161 0.4282
vn 0.4083 -0.7160 0.5663
vn 0.2322 -0.7161 0.6583
vn 0.0373 -0.7161 0.6970
vn -0.1607 -0.7159 0.6794
vn -0.3455 -0.7160 0.6066
vn -0.5024 -0.7160 0.4847
vn -0.6186 -0.7160 0.3235
vn 0.3415 -0.9303 0.1335
vn 0.2902 -0.9300 0.2255
vn 0.2149 -0.9301 0.2980
vn 0.1222 -0.9301 0.3464
vn 0.0196 -0.9301 0.3668
vn -0.0845 -0.9301 0.3575
vn -0.1818 -0.9301 0.3192
vn -0.2644 -0.9301 0.2551
vn -0.3254 -0.9301 0.1702
vn -0.3598 -0.9304 0.0705
vn -0.0000 -0.3595 -0.9332
vn -0.0000 -0.6078 -0.7941
vn -0.0000 -0.8069 -0.5907
vn -0.0000 -0.9927 -0.1209
vn -0.0124 -0.9975 -0.0696
vn -0.0107 -0.9993 0.0351
vn -0.0060 -0.9733 0.2293
vn -0.0000 -0.9723 0.2336
vn -0.0000 -0.7721 0.6355
vn -0.0000 -0.9199 0.3922
vn -0.0000 -0.9880 0.1545
vn 0.0167 -0.9911 0.1323
vn 0.0236 -0.9995 -0.0217
vn 0.0157 -0.9832 -0.1820
vn 0.0052 0.3843 -0.9232
vn 0.0071 0.3014 -0.9535
vn -0.0000 0.2424 -0.9702
vn -0.0000 0.0254 -0.9997
vn -0.0000 -0.2573 -0.9663
vn -0.0000 -0.5191 -0.8547
vn -0.0000 -0.7389 -0.6738
vn -0.0000 -0.8988 -0.4384
vn -0.0000 -0.9797 -0.2005
vn 0.0449 0.0099 -0.9989
vn 0.2945 0.1259 -0.9473
vn 0.0448 0.0099 -0.9989
vn 0.2547 0.0058 -0.9670
vn 0.6010 0.1359 -0.7876
vn 0.6487 -0.0069 -0.7610
vn 0.7750 0.1286 -0.6187
vn 0.9161 -0.0140 -0.4006
vn 0.8997 0.1405 -0.4133
vn 0.9744 0.1286 -0.1846
vn 0.9992 -0.0140 0.0378
vn 0.9885 0.1405 0.0556
vn 0.9476 0.1286 0.2924
vn 0.8833 -0.0108 0.4686
vn 0.8481 0.1381 0.5116
vn 0.6202 0.1303 0.7735
vn 0.5916 -0.0033 0.8062
vn 0.6132 0.2760 0.7401
vn 0.8977 0.3072 0.3158
vn 0.9336 0.3116 -0.1769
vn 0.7201 0.3072 -0.6222
vn 0.3000 0.2761 -0.9131
vn 0.3006 0.9318 0.2037
vn 0.3991 0.9106 0.1072
vn 0.2677 0.8997 0.3447
vn 0.0481 0.9618 0.2694
vn 0.0710 0.9135 0.4007
vn -0.1952 0.9317 0.3063
vn -0.1127 0.9058 0.4085
vn -0.3415 0.9014 0.2662
vn 0.6011 0.1359 -0.7875
vn 0.7751 0.1286 -0.6187
vn 0.8997 0.1405 -0.4134
vn 0.8834 -0.0108 0.4686
vn -0.3067 0.8919 0.3323
vn -0.0763 0.9153 0.3954
vn -0.1928 0.9338 0.3014
vn 0.0730 0.9153 0.3961
vn -0.3673 0.9122 0.1814
vn 0.0813 0.0047 0.9967
vn 0.3139 0.0179 0.9493
vn 0.3110 0.0710 0.9477
vn 0.9663 0.0543 0.2515
vn 0.9954 0.0559 0.0780
vn 0.9789 0.1891 0.0777
vn 0.9276 0.2104 0.3088
vn 0.9439 0.3190 0.0853
vn 0.8546 0.4139 0.3136
vn 0.8933 0.4426 0.0776
vn 0.8260 0.5576 0.0825
vn 0.7405 0.5958 0.3108
vn 0.7504 0.6565 0.0767
vn 0.6566 0.7503 0.0767
vn 0.5958 0.7405 0.3108
vn 0.5577 0.8259 0.0825
vn 0.4139 0.8546 0.3136
vn 0.1891 0.9789 0.0777
vn 0.2104 0.9276 0.3088
vn 0.3189 0.9439 0.0853
vn 0.4426 0.8934 0.0777
vn 0.7076 0.0438 0.7053
vn 0.8206 0.0462 0.5696
vn 0.7911 0.1903 0.5813
vn 0.9072 0.0533 0.4173
vn 0.0557 0.9954 0.0781
vn 0.0541 0.9664 0.2513
vn 0.0532 0.9072 0.4174
vn 0.1903 0.7912 0.5813
vn 0.3527 0.7323 0.5825
vn 0.5068 0.6355 0.5825
vn 0.6355 0.5068 0.5825
vn 0.7323 0.3526 0.5825
vn 0.5582 0.0316 0.8291
vn 0.5746 0.1383 0.8066
vn 0.5361 0.2582 0.8037
vn 0.4652 0.3710 0.8037
vn 0.3710 0.4652 0.8037
vn 0.2582 0.5361 0.8037
vn 0.1426 0.5768 0.8043
vn 0.0461 0.8207 0.5696
vn 0.0438 0.7076 0.7052
vn 0.0324 0.5739 0.8183
vn 0.0279 0.4209 0.9067
vn 0.2875 0.1384 0.9477
vn 0.2494 0.1989 0.9477
vn 0.1989 0.2494 0.9477
vn 0.1384 0.2874 0.9477
vn 0.0772 0.3050 0.9492
vn 0.0146 0.2557 0.9666
vn 0.0819 0.0187 0.9965
vn 0.0757 0.0365 0.9965
vn 0.0657 0.0524 0.9965
vn 0.0524 0.0657 0.9965
vn 0.0365 0.0757 0.9965
vn 0.0187 0.0819 0.9965
vn 0.0047 0.0812 0.9967
vn 0.9989 -0.0404 0.0255
vn 0.9869 -0.1150 0.1128
vn 0.9551 -0.2167 0.2021
vn 0.8266 -0.0004 0.5628
vn 0.7107 -0.0002 0.7035
vn 0.5505 -0.0003 0.8348
vn 0.2953 -0.0002 0.9554
vn 0.0784 -0.0000 0.9969
vn -0.0047 0.0812 0.9967
vn -0.0146 0.2557 0.9666
vn -0.0279 0.4209 0.9067
vn -0.0324 0.5739 0.8183
vn -0.0438 0.7076 0.7052
vn -0.0461 0.8206 0.5696
vn -0.0532 0.9072 0.4174
vn -0.0541 0.9664 0.2513
vn -0.0557 0.9954 0.0781
vn -0.2104 0.9276 0.3088
vn -0.1891 0.9789 0.0777
vn -0.3189 0.9439 0.0853
vn -0.4139 0.8546 0.3136
vn -0.4426 0.8933 0.0777
vn -0.5577 0.8260 0.0825
vn -0.5958 0.7405 0.3108
vn -0.6565 0.7504 0.0767
vn -0.7504 0.6565 0.0767
vn -0.7405 0.5958 0.3108
vn -0.8260 0.5576 0.0825
vn -0.8546 0.4139 0.3136
vn -0.9789 0.1892 0.0777
vn -0.9276 0.2058 0.3119
vn -0.9439 0.3189 0.0853
vn -0.8934 0.4426 0.0777
vn -0.1903 0.7912 0.5813
vn -0.3527 0.7323 0.5825
vn -0.5068 0.6355 0.5825
vn -0.6355 0.5068 0.5825
vn -0.7323 0.3527 0.5825
vn -0.7939 0.1868 0.5787
vn -0.1426 0.5768 0.8043
vn -0.9954 0.0555 0.0783
vn -0.9503 0.0530 0.3068
vn -0.8318 0.0468 0.5531
vn -0.7076 0.0438 0.7053
vn -0.2582 0.5361 0.8037
vn -0.3710 0.4652 0.8037
vn -0.4652 0.3710 0.8037
vn -0.5361 0.2582 0.8037
vn -0.5746 0.1383 0.8067
vn -0.5583 0.0317 0.8291
vn -0.0772 0.3050 0.9492
vn -0.1384 0.2874 0.9477
vn -0.1989 0.2494 0.9477
vn -0.2494 0.1989 0.9477
vn -0.2874 0.1384 0.9477
vn -0.3110 0.0710 0.9477
vn -0.3140 0.0183 0.9493
vn -0.0187 0.0819 0.9965
vn -0.0365 0.0757 0.9965
vn -0.0524 0.0657 0.9965
vn -0.0657 0.0524 0.9965
vn -0.0757 0.0364 0.9965
vn -0.0819 0.0187 0.9965
vn -0.0811 0.0049 0.9967
vn -0.0284 -0.0000 0.9996
vn -0.1568 -0.0003 0.9876
vn -0.3932 -0.0008 0.9195
vn -0.6632 -0.0009 0.7485
vn -0.9362 -0.2489 0.2480
vn -0.9945 -0.0738 0.0738
vn -0.0143 0.0132 0.9998
vn -0.0009 0.0005 1.0000
vn -0.1306 -0.0000 0.9914
vn -0.9914 -0.0000 0.1305
vn -0.9711 -0.0001 0.2388
vn -0.8660 -0.0000 0.5000
vn -0.8239 0.0167 0.5665
vn -0.5000 -0.0000 0.8660
vn -0.8019 0.0035 0.5974
vn -0.6918 0.0007 0.7221
vn -0.5584 0.0001 0.8296
vn -0.2369 0.0846 0.9678
vn -0.1222 0.0512 0.9912
vn 0.6446 -0.0000 0.7646
vn 0.7844 0.0033 0.6203
vn 0.7072 0.0003 0.7070
vn 0.8241 0.0349 0.5654
vn 0.9239 0.0001 0.3826
vn 0.9828 -0.0001 0.1849
vn 0.9952 -0.0000 0.0981
vn 0.2400 0.0878 0.9668
vn 0.3826 0.0003 0.9239
vn 0.2400 0.0877 0.9668
vn 0.3825 -0.0000 0.9240
vn 0.1026 0.0467 0.9936
vn 0.0106 0.0117 0.9999
vn 0.0981 -0.0000 0.9952
vn -0.0000 -0.0000 1.0000
vn 0.7036 0.2369 0.6699
vn 0.7148 0.2546 0.6513
vn 0.7041 0.1845 0.6857
vn 0.6704 0.1545 0.7257
vn -0.6985 0.2433 0.6730
vn -0.7098 0.2222 0.6685
vn -0.7036 0.1816 0.6870
vn -0.6086 0.1623 0.7767
vn 0.0018 0.3042 0.9526
vn 0.0012 0.2354 0.9719
vn -0.0008 0.3997 0.9167
vn -0.0009 0.3124 0.9499
vn -0.0000 0.5076 0.8616
vn -0.0000 0.5018 0.8650
vn -0.0000 0.3979 0.9174
vn 0.0001 0.1994 0.9799
vn -0.0000 0.2510 0.9680
vn 0.0756 0.9971 -0.0040
vn -0.0756 0.9971 -0.0040
vn -0.9971 0.0756 -0.0040
vn -0.9512 0.3085 -0.0095
vn -0.8080 0.5892 -0.0077
vn -0.5892 0.8080 -0.0077
vn -0.3084 0.9512 -0.0095
vn -0.9952 -0.0980 -0.0000
vn -0.9239 -0.3827 -0.0000
vn -0.7071 -0.7071 -0.0000
vn -0.6607 -0.7506 -0.0024
vn -0.3841 -0.9233 -0.0025
vn -0.3945 -0.9189 0.0003
vn -0.1564 -0.9877 0.0009
vn -0.0964 -0.9953 -0.0025
vn -0.0284 -0.9996 -0.0000
vn 0.0980 -0.9952 -0.0000
vn 0.0794 -0.9968 -0.0016
vn 0.3828 -0.9238 -0.0001
vn 0.2933 -0.9560 -0.0012
vn 0.7071 -0.7071 -0.0001
vn 0.7004 -0.7136 -0.0121
vn 0.5535 -0.8328 -0.0047
vn 0.9238 -0.3828 -0.0004
vn 0.9952 -0.0980 -0.0000
vn 0.8270 -0.5621 -0.0055
vn 0.9971 0.0756 -0.0040
vn 0.3084 0.9512 -0.0095
vn 0.5892 0.8080 -0.0077
vn 0.8080 0.5892 -0.0077
vn 0.9512 0.3085 -0.0095
vn -0.0000 0.5775 -0.8164
vn -0.0000 0.2212 -0.9752
vn -0.0000 -0.1689 -0.9856
vn -0.0000 -0.5332 -0.8460
vn -0.0000 -0.8164 -0.5775
vn -0.0000 -0.8164 -0.5776
vn -0.0000 -0.9752 -0.2212
vn -0.0000 -0.9856 0.1689
vn -0.0000 -0.8460 0.5332
vn -0.0000 -0.5775 0.8164
vn 0.7072 -0.4083 0.5772
vn 0.7072 -0.5982 0.3770
vn 0.7071 -0.6969 0.1194
vn 0.7071 -0.6896 -0.1564
vn 0.7071 -0.5772 -0.4084
vn 0.7071 -0.3771 -0.5982
vn 0.7072 -0.1194 -0.6969
vn 0.7071 0.1564 -0.6896
vn 0.7072 0.4083 -0.5772
vn 0.7072 0.4084 -0.5771
vn -0.7071 0.4084 -0.5773
vn -0.7070 0.1564 -0.6897
vn -0.7071 -0.1194 -0.6969
vn -0.7070 -0.3771 -0.5983
vn -0.7070 -0.5773 -0.4084
vn -0.7070 -0.6897 -0.1564
vn -0.7070 -0.6970 0.1194
vn -0.7071 -0.5982 0.3770
vn -0.7071 -0.4084 0.5773
vn -0.7071 -0.4084 0.5772
vn -0.4680 0.8660 0.1759
vn -0.3703 0.8655 0.3373
vn -0.4980 0.8660 -0.0446
vn -0.1381 0.8659 0.4808
vn 0.0504 0.8659 0.4977
vn -0.2732 0.8659 0.4190
vn 0.4293 0.8660 0.2563
vn 0.4980 0.8660 0.0446
vn 0.3044 0.8655 0.3978
vn 0.1943 0.8659 0.4609
vn -0.0000 1.0000 0.0001
vn 0.4207 -0.0000 0.9072
vn 0.4208 -0.0000 0.9072
vn 0.9960 -0.0000 0.0892
vn 0.5753 -0.0000 -0.8180
vn -0.4207 -0.0000 -0.9072
vn -0.9960 -0.0000 -0.0892
vn -0.5753 -0.0000 0.8179
vn -0.5753 -0.0000 0.8180
vn -0.5752 -0.0000 0.8180
vn -0.8690 0.1816 0.4603
vn -0.8046 0.0961 0.5860
vn -0.7601 0.3896 0.5200
vn -0.6159 0.1626 0.7709
vn -0.5196 0.0971 0.8489
vn -0.4768 0.3874 0.7890
vn 0.7709 0.1626 0.6159
vn 0.8489 0.0969 0.5196
vn 0.7891 0.3871 0.4769
vn 0.8954 0.1991 0.3983
vn 0.9565 0.0969 0.2752
vn 0.8814 0.3865 0.2717
vn 0.5200 0.3896 0.7601
vn 0.3935 0.7003 0.5956
vn 0.2511 0.7002 0.6683
vn 0.2174 0.9190 0.3290
vn 0.1387 0.9190 0.3691
vn -0.3898 0.9193 0.0543
vn -0.1040 0.9945 0.0141
vn -0.1037 0.9946 -0.0074
vn 0.0578 0.9945 0.0876
vn 0.0369 0.9945 0.0982
vn 0.6784 0.7002 0.2224
vn 0.4502 0.8917 0.0467
vn 0.3741 0.9192 0.1226
vn 0.1366 0.9905 0.0128
vn 0.0998 0.9945 0.0324
vn 0.0141 0.9945 0.1040
vn 0.0531 0.9190 0.3907
vn -0.0094 0.9945 0.1045
vn -0.0352 0.9189 0.3928
vn -0.0324 0.9945 0.0998
vn -0.1217 0.9189 0.3751
vn 0.0961 0.7001 0.7075
vn -0.0637 0.7003 0.7111
vn -0.2203 0.7003 0.6791
vn -0.0875 0.9945 0.0578
vn -0.0982 0.9945 0.0369
vn -0.3291 0.9189 0.2174
vn -0.3692 0.9190 0.1387
vn -0.5956 0.7002 0.3935
vn -0.6683 0.7002 0.2511
vn -0.7071 0.7003 0.0983
vn 0.8462 0.5251 0.0903
vn 0.7070 0.7032 0.0750
vn 0.3345 0.3842 0.8605
vn 0.1096 0.3872 0.9154
vn -0.0826 0.3779 0.9221
vn -0.2706 0.3874 0.8813
vn -0.3279 0.9444 -0.0240
vn -0.5308 0.8466 -0.0384
vn -0.7092 0.7031 -0.0519
vn -0.8487 0.5253 -0.0615
vn -0.8605 0.3843 0.3345
vn -0.9156 0.3865 0.1107
vn -0.9451 0.3193 -0.0690
vn 0.9897 0.0974 0.1053
vn 0.9424 0.3193 0.1000
vn 0.0901 0.9945 0.0538
vn 0.3385 0.9190 0.2021
vn 0.6130 0.7002 0.3659
vn 0.6877 0.0961 0.7196
vn 0.6545 0.3900 0.6477
vn 0.5163 0.7002 0.4932
vn 0.2851 0.9190 0.2724
vn 0.0758 0.9945 0.0724
vn 0.5860 0.0961 0.8046
vn -0.3983 0.1991 0.8954
vn -0.2753 0.0971 0.9564
vn -0.0888 0.0974 0.9913
vn 0.1009 0.0969 0.9902
vn 0.2328 0.1993 0.9519
vn 0.3651 0.1005 0.9255
vn 0.4602 0.1816 0.8690
vn -0.0538 0.9945 0.0901
vn -0.2021 0.9190 0.3386
vn -0.3659 0.7003 0.6130
vn -0.7196 0.0961 0.6877
vn -0.6477 0.3898 0.6546
vn -0.4931 0.7003 0.5162
vn -0.2724 0.9190 0.2851
vn -0.0725 0.9945 0.0759
vn -0.9255 0.1006 0.3651
vn -0.9519 0.1992 0.2328
vn -0.9902 0.0970 0.1009
vn -0.9926 0.0974 -0.0722
vn 0.9959 -0.0090 0.0899
vn 0.9199 -0.0094 0.3921
vn 0.7522 -0.0076 0.6589
vn 0.5147 -0.0076 0.8573
vn 0.2224 -0.0094 0.9749
vn -0.0892 -0.0080 0.9960
vn -0.3921 -0.0094 0.9199
vn -0.6589 -0.0076 0.7522
vn -0.8573 -0.0076 0.5147
vn -0.9749 -0.0094 0.2224
vn -0.9960 -0.0091 -0.0886
vn 0.1367 0.9906 -0.0093
vn 0.1335 0.9906 -0.0305
vn 0.1271 0.9906 -0.0511
vn 0.1176 0.9906 -0.0703
vn -0.1259 0.9906 -0.0538
vn -0.1307 0.9908 -0.0355
vn -0.0878 0.9906 -0.1051
vn -0.1032 0.9906 -0.0901
vn -0.1160 0.9906 -0.0728
vn 0.0538 0.9906 -0.1260
vn 0.0334 0.9906 -0.1328
vn 0.0122 0.9906 -0.1364
vn -0.0093 0.9906 -0.1367
vn -0.0305 0.9906 -0.1335
vn -0.0510 0.9906 -0.1271
vn -0.0703 0.9906 -0.1175
vn 0.1051 0.9906 -0.0878
vn 0.0901 0.9906 -0.1032
vn 0.0728 0.9906 -0.1160
vn -0.0000 0.6114 -0.7913
vn -0.0000 0.8677 -0.4971
vn -0.0000 0.9919 -0.1272
vn -0.0000 0.9651 0.2620
vn -0.0000 0.7913 0.6114
vn -0.0000 0.4971 0.8677
vn -0.0000 0.1272 0.9919
vn -0.0000 -0.2620 0.9651
vn -0.0000 -0.6114 0.7913
vn 0.7072 0.4323 -0.5594
vn 0.7071 0.6135 -0.3515
vn 0.7071 0.7013 -0.0899
vn 0.7071 0.6824 0.1853
vn 0.7072 0.5594 0.4323
vn 0.7069 0.5598 0.4324
vn 0.7071 0.3515 0.6135
vn 0.7071 0.0899 0.7013
vn 0.7071 0.0900 0.7013
vn 0.7071 -0.1853 0.6824
vn 0.7072 -0.4323 0.5595
vn 0.7071 -0.4323 0.5595
vn -0.7071 -0.4323 0.5596
vn -0.7071 -0.4324 0.5596
vn -0.7070 -0.1853 0.6825
vn -0.7070 0.0900 0.7014
vn -0.7070 0.3516 0.6136
vn -0.7070 0.3515 0.6136
vn -0.7071 0.5595 0.4323
vn -0.7070 0.6825 0.1853
vn -0.7070 0.7014 -0.0900
vn -0.7070 0.6136 -0.3516
vn -0.7070 0.6136 -0.3515
vn -0.7071 0.4323 -0.5595
vn -0.0000 -0.8677 0.4971
vn -0.0000 -0.9919 0.1272
vn -0.0000 -0.9651 -0.2620
vn -0.0000 -0.7913 -0.6114
vn -0.0000 -0.4971 -0.8677
vn -0.0000 -0.1272 -0.9919
vn -0.0000 0.2620 -0.9651
vn -0.7070 0.1853 -0.6825
vn -0.7070 -0.0900 -0.7014
vn -0.7070 -0.3516 -0.6136
vn -0.7070 -0.3515 -0.6136
vn -0.7071 -0.5596 -0.4324
vn -0.7071 -0.5596 -0.4323
vn -0.7070 -0.6825 -0.1853
vn -0.7070 -0.7014 0.0900
vn -0.7070 -0.6136 0.3516
vn -0.7070 -0.6136 0.3515
vn 0.7071 -0.6135 0.3515
vn 0.7071 -0.6136 0.3515
vn 0.7071 -0.7013 0.0899
vn 0.7071 -0.6824 -0.1853
vn 0.7072 -0.5595 -0.4323
vn 0.7071 -0.5595 -0.4323
vn 0.7071 -0.3515 -0.6135
vn 0.7071 -0.3515 -0.6136
vn 0.7071 -0.0899 -0.7013
vn 0.7071 -0.0900 -0.7013
vn 0.7071 0.1853 -0.6824
vn -0.9613 0.1277 -0.2440
vn -0.9196 -0.0102 -0.3926
vn -0.9119 0.1296 -0.3893
vn -0.8399 0.1293 -0.5272
vn -0.7533 -0.0102 -0.6576
vn -0.7470 0.1297 -0.6521
vn -0.6358 0.1292 -0.7609
vn -0.5132 -0.0101 -0.8582
vn -0.5089 0.1299 -0.8510
vn -0.3695 0.1291 -0.9202
vn -0.2229 -0.0102 -0.9748
vn -0.2211 0.1297 -0.9666
vn -0.0671 0.1293 -0.9893
vn 0.0892 -0.0102 -0.9960
vn 0.0885 0.1297 -0.9876
vn 0.2419 0.1292 -0.9617
vn 0.3926 -0.0102 -0.9196
vn 0.3893 0.1298 -0.9119
vn 0.5272 0.1293 -0.8398
vn 0.6576 -0.0102 -0.7533
vn 0.6521 0.1296 -0.7470
vn 0.7609 0.1293 -0.6358
vn 0.8582 -0.0102 -0.5132
vn 0.8510 0.1296 -0.5089
vn 0.9202 0.1292 -0.3696
vn 0.9748 -0.0102 -0.2229
vn 0.9894 0.1279 -0.0692
vn 0.9666 0.1295 -0.2210
vn -0.4923 0.8607 -0.1297
vn -0.8418 0.4941 -0.2173
vn 0.5064 0.8615 -0.0378
vn 0.2524 0.9659 -0.0577
vn 0.2403 0.9659 -0.0965
vn 0.2223 0.9659 -0.1329
vn 0.1986 0.9659 -0.1660
vn 0.1703 0.9659 -0.1951
vn 0.1376 0.9659 -0.2193
vn 0.1017 0.9659 -0.2381
vn 0.0631 0.9659 -0.2510
vn 0.0231 0.9659 -0.2578
vn -0.0175 0.9659 -0.2583
vn -0.0577 0.9659 -0.2524
vn -0.0965 0.9659 -0.2402
vn -0.1329 0.9659 -0.2222
vn -0.1660 0.9659 -0.1987
vn -0.1950 0.9659 -0.1702
vn -0.2193 0.9659 -0.1377
vn -0.2380 0.9659 -0.1016
vn -0.6503 0.7071 -0.2777
vn -0.7994 0.4944 -0.3413
vn -0.5987 0.7073 -0.3759
vn -0.7361 0.4946 -0.4621
vn -0.5327 0.7071 -0.4650
vn -0.6548 0.4945 -0.5716
vn -0.4533 0.7072 -0.5425
vn -0.5573 0.4945 -0.6670
vn -0.3629 0.7071 -0.6069
vn -0.4461 0.4946 -0.7459
vn -0.2635 0.7072 -0.6560
vn -0.3239 0.4945 -0.8066
vn -0.1576 0.7073 -0.6892
vn -0.1938 0.4943 -0.8474
vn -0.0479 0.7073 -0.7053
vn -0.0588 0.4947 -0.8671
vn 0.0631 0.7072 -0.7042
vn 0.0776 0.4946 -0.8657
vn 0.1725 0.7070 -0.6859
vn 0.2121 0.4944 -0.8430
vn 0.2776 0.7072 -0.6503
vn 0.3412 0.4946 -0.7993
vn 0.3760 0.7071 -0.5989
vn 0.4621 0.4945 -0.7361
vn 0.4649 0.7073 -0.5326
vn 0.5716 0.4945 -0.6548
vn 0.5426 0.7071 -0.4534
vn 0.6670 0.4945 -0.5573
vn 0.6067 0.7073 -0.3629
vn 0.7460 0.4945 -0.4461
vn 0.6560 0.7073 -0.2635
vn 0.8065 0.4945 -0.3239
vn 0.6892 0.7073 -0.1576
vn 0.8473 0.4944 -0.1938
vn 0.8671 0.4940 -0.0643
vn 0.4680 0.8660 -0.1759
vn 0.3703 0.8655 -0.3374
vn 0.1381 0.8659 -0.4808
vn -0.0504 0.8659 -0.4977
vn 0.2732 0.8659 -0.4191
vn -0.4293 0.8660 -0.2562
vn -0.3044 0.8655 -0.3978
vn -0.1943 0.8659 -0.4609
vn -0.7070 -0.1564 0.6897
vn -0.7071 0.1194 0.6970
vn -0.7071 0.1194 0.6969
vn -0.7070 0.3771 0.5983
vn -0.7070 0.5773 0.4084
vn -0.7071 0.6896 0.1564
vn -0.7070 0.6970 -0.1194
vn -0.7070 0.5983 -0.3771
vn -0.7073 0.5981 -0.3770
vn -0.0000 -0.2212 0.9752
vn -0.0000 0.1689 0.9856
vn -0.0000 0.5332 0.8460
vn -0.0000 0.8163 0.5776
vn -0.0000 0.9752 0.2212
vn -0.0000 0.9856 -0.1689
vn -0.0000 0.8460 -0.5332
vn 0.7071 0.5982 -0.3771
vn 0.7071 0.6969 -0.1194
vn 0.7072 0.6895 0.1564
vn 0.7071 0.5772 0.4084
vn 0.7071 0.3771 0.5982
vn 0.7071 0.3770 0.5982
vn 0.7072 0.1194 0.6969
vn 0.7071 -0.1564 0.6896
vn 0.0048 -0.0000 1.0000
vn 0.0002 0.0040 1.0000
vn -0.1849 0.0002 0.9828
vn -0.3087 0.0050 0.9511
vn -0.5882 0.0048 0.8087
vn -0.4350 0.0003 0.9004
vn -0.3150 -0.0000 0.9491
vn -0.8392 0.0003 0.5438
vn -0.7628 -0.0000 0.6466
vn -0.8092 0.0030 0.5875
vn -0.8092 0.0035 0.5876
vn -0.6626 0.0002 0.7490
vn -0.5568 -0.0000 0.8307
vn -0.9065 0.0006 0.4223
vn -0.9508 0.0043 0.3098
vn -0.9582 -0.0000 0.2859
vn -0.9891 0.0004 0.1472
vn -1.0000 0.0034 -0.0018
vn -1.0000 -0.0000 0.0026
vn -0.9511 0.0005 -0.3090
vn -0.8108 0.0047 -0.5852
vn -0.8508 0.0049 -0.5255
vn -0.9165 0.0032 -0.3999
vn -0.9647 0.0088 -0.2632
vn -0.9911 0.0055 -0.1330
vn -0.5331 0.0019 -0.8460
vn -0.6159 -0.0000 -0.7878
vn -0.5854 0.0059 -0.8107
vn -0.7132 0.0018 -0.7009
vn -0.7824 0.0006 -0.6228
vn -0.3092 0.0013 -0.9510
vn -0.0041 0.0058 -1.0000
vn -0.0085 0.0100 -0.9999
vn -0.1622 0.0119 -0.9867
vn -0.3318 0.0133 -0.9433
vn -0.4413 0.0136 -0.8973
vn 0.7068 0.6030 0.3698
vn 0.7023 0.6019 0.3800
vn 0.7014 0.5689 0.4295
vn 0.6998 0.5152 0.4949
vn 0.6956 0.3843 0.6070
vn 0.7025 0.4298 0.5672
vn 0.7070 0.5002 0.4999
vn 0.6607 0.3114 0.6830
vn 0.7070 0.3632 0.6068
vn 0.7064 0.5945 0.3842
vn 0.7063 0.5931 0.3866
vn 0.7071 0.5054 0.4946
vn 0.7071 0.3579 0.6098
vn 0.7071 0.1855 0.6824
vn 0.7064 0.0456 0.7064
vn 0.7063 0.0484 0.7063
vn 0.7071 -0.0000 0.7071
vn -0.7023 0.6019 0.3800
vn -0.7068 0.6030 0.3698
vn -0.7014 0.5689 0.4295
vn -0.6998 0.5152 0.4949
vn -0.7070 0.5002 0.4999
vn -0.7051 0.4144 0.5754
vn -0.6964 0.3862 0.6049
vn -0.6845 0.3146 0.6576
vn -0.7064 0.5945 0.3842
vn -0.7063 0.5931 0.3866
vn -0.7063 0.0484 0.7063
vn -0.7063 0.0456 0.7064
vn -0.7071 0.1855 0.6824
vn -0.7071 0.3579 0.6098
vn -0.7071 0.5054 0.4946
vn -0.7071 -0.0000 0.7071
vn -0.0000 0.6026 0.7980
vn -0.0001 0.6095 0.7928
vn -0.0000 0.8637 0.5040
vn -0.0000 0.8637 0.5041
vn -0.0000 0.8147 0.5799
vn -0.0000 0.7172 0.6969
vn 0.0014 0.7389 0.6738
vn 0.0011 0.6793 0.7339
vn -0.0000 0.8730 0.4877
vn 0.0122 0.8437 0.5366
vn -0.0000 0.8389 0.5443
vn -0.0000 0.8732 0.4874
vn -0.0000 0.8731 0.4876
vn -0.0000 0.8731 0.4875
vn -0.0047 0.8406 0.5416
vn -0.0000 0.8529 0.5221
vn -0.0000 0.8732 0.4873
vn -0.0001 0.8731 0.4875
vn -0.0032 0.7960 0.6052
vn -0.0081 0.7139 0.7002
vn -0.0009 0.7426 0.6697
vn 0.0037 0.5868 0.8098
vn 0.0010 0.5508 0.8346
vn 0.0009 0.5060 0.8625
vn -0.0000 0.5269 0.8499
vn -0.0033 0.5043 0.8635
vn -0.0010 0.5509 0.8346
vn -0.0037 0.5868 0.8097
vn -0.0065 0.6335 0.7737
vn -0.0000 0.6967 0.7173
vn 0.0014 0.7146 0.6995
vn 0.0093 0.7971 0.6038
vn 0.0009 0.7420 0.6704
vn 0.0128 0.6787 0.7343
vn 0.0108 0.6339 0.7733
vn -0.0000 0.2623 0.9650
vn -0.0000 0.0663 0.9978
vn 0.1683 0.0012 -0.9857
vn 0.3095 0.0111 -0.9508
vn 0.3180 -0.0000 -0.9481
vn 0.4456 0.0040 -0.8952
vn 0.5881 0.0098 -0.8087
vn 0.5347 0.0018 -0.8450
vn 0.8249 -0.0000 -0.5652
vn 0.7824 0.0006 -0.6228
vn 0.8094 0.0084 -0.5873
vn 0.7133 0.0018 -0.7008
vn 0.6164 -0.0000 -0.7874
vn 0.8886 0.0006 -0.4587
vn 0.9516 0.0046 -0.3073
vn 0.9413 -0.0000 -0.3376
vn 0.9773 0.0028 -0.2120
vn 1.0000 0.0042 -0.0014
vn 0.9972 0.0016 -0.0752
vn 0.9510 0.0062 0.3090
vn 0.9792 0.0004 0.2029
vn 1.0000 0.0059 -0.0013
vn 0.9983 -0.0000 0.0583
vn 0.9983 -0.0000 0.0582
vn 0.8085 0.0050 0.5884
vn 0.8833 0.0004 0.4688
vn 0.9421 -0.0000 0.3352
vn 0.5869 0.0020 0.8096
vn 0.7266 0.0002 0.6870
vn 0.8156 -0.0000 0.5786
vn 0.3243 -0.0000 0.9459
vn 0.4444 0.0050 0.8958
vn 0.3100 0.0024 0.9507
vn 0.5424 0.0062 0.8401
vn 0.6253 -0.0000 0.7804
vn 0.1945 0.0002 0.9809
s 1
usemtl black.004
f 1//1 2//2 3//3
f 3//3 4//4 5//5
f 5//5 4//4 6//6
f 5//5 6//6 7//7
f 7//7 6//6 8//8
f 7//7 8//8 9//9
f 9//9 8//8 10//10
f 9//9 10//10 11//11
f 3//3 5//5 1//1
f 1//1 5//5 7//7
f 1//1 7//7 12//12
f 12//12 7//7 9//9
f 12//12 9//9 13//13
f 13//13 9//9 11//11
f 13//13 11//11 14//14
f 6//15 15//16 16//17
f 6//15 16//17 8//18
f 8//18 16//17 17//19
f 8//18 17//19 10//20
f 17//19 18//21 10//20
f 10//20 18//21 19//22
f 10//20 19//22 11//23
f 11//23 19//22 20//24
f 11//23 20//24 14//25
f 14//25 20//24 21//26
f 14//25 21//26 22//27
f 21//26 23//28 22//27
f 22//27 23//28 24//29
f 22//27 24//29 25//30
f 24//29 26//31 25//30
f 25//30 26//31 27//32
f 25//30 27//32 28//33
f 27//32 29//34 28//33
f 28//33 29//34 30//35
f 28//33 30//35 31//36
f 30//35 29//34 32//37
f 32//37 29//34 33//38
f 29//34 27//32 33//38
f 33//38 27//32 26//31
f 33//38 26//31 34//39
f 26//31 24//29 34//39
f 34//39 24//29 23//28
f 34//39 23//28 35//40
f 23//28 21//26 35//40
f 35//40 21//26 20//24
f 35//40 20//24 36//41
f 20//24 19//22 36//41
f 36//41 19//22 18//21
f 36//41 18//21 37//42
f 15//16 38//43 16//17
f 16//17 38//43 37//42
f 16//17 37//42 17//19
f 17//19 37//42 18//21
f 39//5 40//4 41//44
f 42//1 43//2 44//3
f 39//5 41//44 45//45
f 45//45 41//44 46//46
f 45//45 46//46 47//47
f 47//47 46//46 48//48
f 47//47 48//48 49//49
f 49//49 50//50 47//47
f 47//47 50//50 51//12
f 47//47 51//12 45//45
f 45//45 51//12 42//1
f 45//45 42//1 39//5
f 39//5 42//1 44//3
f 39//5 44//3 40//4
f 41//51 52//52 53//53
f 41//51 53//53 46//54
f 46//54 53//53 54//55
f 46//54 54//55 48//56
f 48//56 54//55 55//57
f 48//56 55//57 49//58
f 49//58 55//57 56//59
f 49//58 56//59 57//60
f 57//60 56//59 58//61
f 57//60 58//61 59//62
f 59//62 58//61 60//63
f 59//62 60//63 61//64
f 62//65 60//63 58//61
f 62//65 58//61 63//66
f 63//66 58//61 56//59
f 63//66 56//59 64//67
f 64//68 56//59 55//57
f 64//68 55//57 65//69
f 65//69 55//57 54//55
f 65//69 54//55 66//70
f 66//71 54//55 53//53
f 66//71 53//53 67//72
f 67//72 53//53 52//52
f 67//72 52//52 68//73
s 0
f 84//74 103//74 82//74
f 82//74 103//74 104//74
f 82//74 104//74 80//74
f 105//74 106//74 107//74
f 107//74 106//74 108//74
f 107//74 108//74 109//74
f 109//74 108//74 110//74
f 109//74 110//74 111//74
f 112//74 113//74 114//74
f 114//74 113//74 115//74
f 114//74 115//74 105//74
f 105//74 115//74 116//74
f 105//74 116//74 106//74
f 104//74 117//74 80//74
f 80//74 117//74 118//74
f 80//74 118//74 78//74
f 78//74 118//74 119//74
f 78//74 119//74 76//74
f 76//74 119//74 120//74
f 76//74 120//74 74//74
f 110//74 121//74 111//74
f 111//74 121//74 122//74
f 111//74 122//74 123//74
f 123//74 122//74 124//74
f 123//74 124//74 86//74
f 86//74 124//74 125//74
f 86//74 125//74 84//74
f 84//74 125//74 126//74
f 84//74 126//74 103//74
f 120//74 127//74 74//74
f 74//74 127//74 128//74
f 74//74 128//74 72//74
f 72//74 128//74 129//74
f 72//74 129//74 69//74
f 69//74 129//74 130//74
f 69//74 130//74 112//74
f 112//74 130//74 131//74
f 112//74 131//74 113//74
s 1
f 130//75 132//76 133//77
f 130//75 133//77 131//77
f 131//77 133//77 134//78
f 131//77 134//78 113//78
f 113//78 134//78 135//79
f 113//78 135//79 115//79
f 115//79 135//79 136//80
f 115//79 136//80 116//80
f 116//80 136//80 137//81
f 116//80 137//81 106//81
f 106//81 137//81 138//82
f 106//81 138//82 108//82
f 108//82 138//82 139//83
f 108//82 139//83 110//83
f 110//83 139//83 140//84
f 110//83 140//84 121//84
f 121//84 140//84 141//85
f 121//84 141//85 122//85
f 122//85 141//85 142//86
f 122//85 142//86 124//86
f 124//86 142//86 143//87
f 124//86 143//87 125//87
s 0
f 144//88 145//88 146//88
f 146//88 145//88 147//88
f 146//88 147//88 148//88
f 148//88 147//88 149//88
f 148//88 149//88 150//88
f 150//88 149//88 151//88
f 150//88 151//88 152//88
f 152//88 151//88 153//88
f 152//88 153//88 154//88
f 154//88 153//88 155//88
f 154//88 155//88 156//88
f 156//88 155//88 157//88
f 156//88 157//88 158//88
s 1
f 159//89 160//89 161//90
f 159//89 161//90 162//90
f 162//90 161//90 163//91
f 162//90 163//91 164//91
f 164//91 163//91 165//92
f 164//91 165//92 166//92
f 166//92 165//92 167//93
f 166//92 167//93 168//93
f 168//93 167//93 169//94
f 168//93 169//94 170//94
f 170//94 169//94 171//95
f 170//94 171//95 172//95
f 172//95 171//95 173//96
f 172//95 173//96 174//96
f 174//96 173//96 175//97
f 174//96 175//97 176//97
f 176//97 175//97 177//98
f 176//97 177//98 178//98
f 178//98 177//98 179//99
f 178//98 179//99 180//100
f 180//100 179//99 181//101
f 181//101 179//99 182//102
f 181//101 182//102 183//103
s 0
f 184//74 185//74 186//74
f 186//74 185//74 187//74
f 186//74 187//74 188//74
f 188//74 187//74 189//74
f 188//74 189//74 190//74
f 190//74 189//74 191//74
f 190//74 191//74 192//74
f 192//74 191//74 193//74
f 192//74 193//74 194//74
f 194//74 193//74 195//74
f 194//74 195//74 196//74
f 196//74 195//74 183//74
f 196//74 183//74 182//74
f 197//88 172//88 198//88
f 198//88 172//88 174//88
f 198//88 174//88 199//88
f 200//88 164//88 201//88
f 201//88 164//88 166//88
f 201//88 166//88 202//88
f 202//88 166//88 168//88
f 202//88 168//88 197//88
f 197//88 168//88 170//88
f 197//88 170//88 172//88
f 203//88 204//88 205//88
f 205//88 204//88 206//88
f 205//88 206//88 207//88
f 207//88 206//88 159//88
f 207//88 159//88 200//88
f 200//88 159//88 162//88
f 200//88 162//88 164//88
f 208//88 209//88 210//88
f 210//88 209//88 211//88
f 210//88 211//88 212//88
f 212//88 211//88 213//88
f 212//88 213//88 214//88
f 174//88 176//88 199//88
f 199//88 176//88 178//88
f 199//88 178//88 215//88
f 215//88 178//88 180//88
f 215//88 180//88 216//88
f 216//88 180//88 181//88
f 216//88 181//88 208//88
f 208//88 181//88 217//88
f 208//88 217//88 209//88
f 213//88 218//88 214//88
f 214//88 218//88 219//88
f 214//88 219//88 220//88
f 220//88 219//88 221//88
f 220//88 221//88 203//88
f 203//88 221//88 222//88
f 203//88 222//88 204//88
s 1
f 365//104 366//105 367//106
f 368//107 369//108 370//109
f 371//110 372//111 373//112
f 373//112 372//111 368//107
f 368//107 370//109 373//112
f 373//112 370//109 374//113
f 373//112 374//113 375//114
f 375//114 374//113 376//115
f 375//114 376//115 377//116
f 376//115 378//117 377//116
f 377//116 378//117 379//118
f 377//116 379//118 380//119
f 380//119 379//118 381//120
f 380//119 381//120 382//121
f 383//122 384//123 385//124
f 385//124 384//123 386//125
f 385//124 386//125 387//126
f 387//126 386//125 388//127
f 387//126 388//127 389//128
f 389//128 388//127 382//121
f 389//128 382//121 390//129
f 390//129 382//121 381//120
f 391//130 392//131 393//132
f 393//132 392//131 394//133
f 393//132 394//133 395//134
f 392//131 396//135 394//133
f 394//133 396//135 397//136
f 394//133 397//136 398//137
f 399//138 371//110 400//139
f 400//139 371//110 373//112
f 400//139 373//112 401//140
f 401//140 373//112 375//114
f 401//140 375//114 402//141
f 402//141 375//114 377//116
f 402//141 377//116 403//142
f 403//142 377//116 380//119
f 403//142 380//119 404//143
f 404//143 380//119 382//121
f 404//143 382//121 405//144
f 405//144 382//121 388//127
f 405//144 388//127 406//145
f 406//145 388//127 386//125
f 406//145 386//125 407//146
f 407//146 386//125 384//123
f 407//146 384//123 408//147
f 398//137 409//148 394//133
f 394//133 409//148 410//149
f 394//133 410//149 395//134
f 395//134 410//149 411//150
f 395//134 411//150 412//151
f 413//152 399//138 414//153
f 414//153 399//138 400//139
f 414//153 400//139 415//154
f 415//154 400//139 401//155
f 415//154 401//155 416//156
f 416//156 401//155 402//157
f 416//156 402//157 417//158
f 417//158 402//157 403//159
f 417//158 403//159 418//160
f 418//160 403//159 404//161
f 418//160 404//161 419//162
f 419//162 404//161 405//163
f 419//162 405//163 420//164
f 420//164 405//163 406//165
f 420//164 406//165 421//166
f 421//166 406//165 407//167
f 421//166 407//167 422//168
f 422//168 407//167 408//169
f 422//168 408//169 367//106
f 383//122 391//130 384//123
f 384//123 391//130 393//132
f 384//123 393//132 408//147
f 408//147 393//132 395//134
f 408//169 395//134 367//106
f 367//106 395//134 412//151
f 367//106 412//151 365//104
f 423//170 419//162 424//170
f 424//170 419//162 420//164
f 424//170 420//164 425//170
f 425//170 420//164 421//166
f 425//170 421//166 426//170
f 426//170 421//166 422//168
f 426//170 422//168 427//170
f 427//170 422//168 367//106
f 427//170 367//106 428//170
f 428//170 367//106 366//105
f 428//170 366//105 429//170
f 429//170 366//105 430//171
f 429//170 430//171 431//170
f 431//170 430//171 432//172
f 431//170 432//172 433//170
f 433//170 432//172 434//173
f 433//170 434//173 435//170
f 435//170 434//173 436//174
f 435//170 436//174 437//170
f 436//174 438//175 437//170
f 437//170 438//175 439//176
f 437//170 439//176 440//170
f 440//170 439//176 441//177
f 440//170 441//177 442//170
f 442//170 441//177 443//178
f 442//170 443//178 444//170
f 444//170 443//178 445//179
f 444//170 445//179 446//170
f 446//170 445//179 447//180
f 446//170 447//180 448//170
f 448//170 447//180 413//152
f 448//170 413//152 449//170
f 449//170 413//152 414//153
f 449//170 414//153 450//170
f 450//170 414//153 415//154
f 450//170 415//154 451//170
f 451//170 415//154 416//156
f 451//170 416//156 452//170
f 452//170 416//156 417//158
f 452//170 417//158 423//170
f 423//170 417//158 418//160
f 423//170 418//160 419//162
f 369//108 472//181 473//182
f 473//182 472//181 474//183
f 472//181 475//184 474//183
f 474//183 475//184 476//185
f 474//183 476//185 477//186
f 476//185 478//187 477//186
f 477//186 478//187 479//188
f 477//186 479//188 480//189
f 479//188 481//190 480//189
f 480//189 481//190 482//191
f 480//189 482//191 483//192
f 482//191 484//193 483//192
f 483//192 484//193 485//194
f 483//192 485//194 486//195
f 485//194 487//196 486//195
f 486//195 487//196 488//197
f 486//195 488//197 489//198
f 488//197 490//199 489//198
f 489//198 490//199 491//200
f 489//198 491//200 492//201
f 398//137 493//202 494//203
f 494//203 493//202 492//201
f 494//203 492//201 495//204
f 495//204 492//201 491//200
f 496//205 497//205 498//206
f 496//205 498//206 499//207
f 499//207 498//206 500//208
f 499//207 500//208 501//208
f 501//208 500//208 502//209
f 501//208 502//209 503//209
f 503//209 502//209 504//210
f 503//209 504//210 505//210
f 506//211 507//212 508//213
f 506//211 508//213 509//213
f 509//213 508//213 510//214
f 509//213 510//214 511//214
f 511//214 510//214 512//215
f 511//214 512//215 513//215
f 513//215 512//215 514//216
f 513//215 514//216 515//216
f 514//216 516//217 515//216
f 515//216 516//217 517//218
f 518//219 519//219 520//220
f 520//220 519//219 521//220
f 520//220 521//220 496//205
f 496//205 521//220 497//205
f 517//218 516//217 522//221
f 517//218 522//221 523//222
f 523//222 522//221 524//223
f 523//222 524//223 525//224
f 525//224 524//223 526//225
f 525//224 526//225 527//226
f 527//226 526//225 528//227
f 527//226 528//227 529//228
f 529//228 528//227 530//228
f 529//228 530//228 531//229
f 531//229 530//228 532//230
f 531//229 532//230 533//231
f 533//231 532//230 534//231
f 533//231 534//231 535//232
f 535//232 534//231 536//233
f 535//232 536//233 537//234
f 537//234 536//233 538//234
f 537//234 538//234 539//235
f 539//235 538//234 540//236
f 539//235 540//236 541//237
f 541//237 540//236 542//237
f 541//237 542//237 543//238
f 543//238 542//237 544//239
f 543//238 544//239 545//240
f 545//240 544//239 546//240
f 545//240 546//240 547//241
f 547//241 546//240 548//242
f 547//241 548//242 549//243
f 549//243 548//242 550//243
f 549//243 550//243 551//244
f 551//244 550//243 552//245
f 551//244 552//245 553//246
f 553//246 552//245 554//246
f 553//246 554//246 555//247
f 555//247 554//246 556//248
f 555//247 556//248 557//249
f 557//249 556//248 558//249
f 557//249 558//249 559//250
f 559//250 558//249 560//251
f 559//250 560//251 561//252
f 561//252 560//251 562//252
f 561//252 562//252 563//253
f 562//252 564//254 563//253
f 563//253 564//254 519//219
f 563//253 519//219 518//219
f 565//255 566//256 567//257
f 565//255 567//257 568//257
f 568//257 567//257 569//258
f 568//257 569//258 570//258
f 570//258 569//258 571//259
f 570//258 571//259 572//259
f 572//259 571//259 573//260
f 572//259 573//260 574//260
f 574//260 573//260 575//261
f 574//260 575//261 576//261
f 576//261 575//261 577//262
f 576//261 577//262 578//262
f 578//262 577//262 579//263
f 578//262 579//263 580//263
f 580//263 579//263 581//264
f 580//263 581//264 582//264
f 582//264 581//264 583//265
f 582//264 583//265 584//265
f 584//265 583//265 585//266
f 584//265 585//266 586//266
f 586//266 585//266 587//267
f 586//266 587//267 588//267
s 0
f 569//88 567//88 589//88
f 589//88 567//88 566//88
f 589//88 566//88 590//88
f 589//88 591//88 569//88
f 569//88 591//88 592//88
f 569//88 592//88 571//88
f 571//88 592//88 593//88
f 571//88 593//88 573//88
f 573//88 593//88 594//88
f 573//88 594//88 575//88
f 575//88 594//88 595//88
f 575//88 595//88 577//88
f 577//88 595//88 596//88
f 577//88 596//88 579//88
f 579//88 596//88 597//88
f 579//88 597//88 581//88
f 581//88 597//88 598//88
f 581//88 598//88 583//88
f 583//88 598//88 599//88
f 583//88 599//88 585//88
f 585//88 599//88 600//88
f 585//88 600//88 587//88
f 587//88 600//88 601//88
f 587//88 601//88 602//88
f 602//88 601//88 603//88
f 602//88 603//88 604//88
f 605//74 574//74 606//74
f 606//74 574//74 576//74
f 606//74 576//74 607//74
f 607//74 576//74 578//74
f 607//74 578//74 608//74
f 578//74 580//74 608//74
f 608//74 580//74 582//74
f 608//74 582//74 609//74
f 609//74 582//74 584//74
f 609//74 584//74 610//74
f 610//74 584//74 586//74
f 610//74 586//74 611//74
f 612//74 568//74 613//74
f 613//74 568//74 570//74
f 613//74 570//74 605//74
f 605//74 570//74 572//74
f 605//74 572//74 574//74
f 614//74 615//74 616//74
f 616//74 615//74 617//74
f 616//74 617//74 618//74
f 618//74 617//74 619//74
f 618//74 619//74 612//74
f 612//74 619//74 565//74
f 612//74 565//74 568//74
f 620//74 621//74 622//74
f 622//74 621//74 623//74
f 622//74 623//74 624//74
f 624//74 623//74 625//74
f 624//74 625//74 614//74
f 614//74 625//74 626//74
f 614//74 626//74 615//74
f 586//74 588//74 611//74
f 611//74 588//74 627//74
f 611//74 627//74 628//74
f 628//74 627//74 629//74
f 628//74 629//74 620//74
f 620//74 629//74 630//74
f 620//74 630//74 621//74
f 656//74 657//74 658//74
f 658//74 657//74 659//74
f 658//74 659//74 660//74
f 660//74 659//74 661//74
f 660//74 661//74 662//74
f 662//74 661//74 663//74
f 662//74 663//74 664//74
f 664//74 663//74 665//74
f 664//74 665//74 666//74
f 666//74 665//74 667//74
f 666//74 667//74 668//74
f 668//74 667//74 669//74
f 668//74 669//74 670//74
f 670//74 669//74 671//74
f 670//74 671//74 672//74
f 672//74 671//74 673//74
f 672//74 673//74 674//74
f 674//74 673//74 675//74
f 674//74 675//74 676//74
f 676//74 675//74 677//74
f 676//74 677//74 678//74
f 678//74 677//74 679//74
f 678//74 679//74 680//74
f 680//74 679//74 681//74
f 680//74 681//74 682//74
f 682//74 681//74 683//74
f 682//74 683//74 684//74
s 1
f 685//89 669//89 667//90
f 685//89 667//90 686//90
f 686//90 667//90 665//268
f 686//90 665//268 687//268
f 687//268 665//268 663//92
f 687//268 663//92 688//92
f 688//92 663//92 661//93
f 688//92 661//93 689//93
f 689//93 661//93 659//94
f 689//93 659//94 690//94
f 690//94 659//94 657//269
f 690//94 657//269 691//270
f 691//270 657//269 656//271
f 691//270 656//271 692//272
f 656//271 693//273 692//272
f 692//272 693//273 694//97
f 692//272 694//97 695//97
f 695//97 694//97 696//98
f 695//97 696//98 697//98
f 697//98 696//98 698//100
f 697//98 698//100 699//100
f 699//100 698//100 700//274
f 699//100 700//274 701//274
s 0
f 702//88 691//88 703//88
f 703//88 691//88 692//88
f 703//88 692//88 704//88
f 704//88 692//88 695//88
f 704//88 695//88 705//88
f 706//88 687//88 707//88
f 707//88 687//88 688//88
f 707//88 688//88 708//88
f 708//88 688//88 689//88
f 708//88 689//88 702//88
f 702//88 689//88 690//88
f 702//88 690//88 691//88
f 709//88 710//88 711//88
f 711//88 710//88 685//88
f 711//88 685//88 706//88
f 706//88 685//88 686//88
f 706//88 686//88 687//88
f 712//88 713//88 714//88
f 714//88 713//88 715//88
f 714//88 715//88 716//88
f 716//88 715//88 717//88
f 716//88 717//88 709//88
f 709//88 717//88 718//88
f 709//88 718//88 710//88
f 695//88 697//88 705//88
f 705//88 697//88 699//88
f 705//88 699//88 719//88
f 719//88 699//88 701//88
f 719//88 701//88 720//88
f 701//88 721//88 720//88
f 720//88 721//88 722//88
f 720//88 722//88 723//88
f 723//88 722//88 724//88
f 723//88 724//88 725//88
f 725//88 724//88 726//88
f 725//88 726//88 712//88
f 712//88 726//88 727//88
f 712//88 727//88 713//88
f 753//275 754//275 182//275
s 1
f 182//275 754//275 755//276
f 182//275 755//276 196//277
f 196//277 755//276 756//278
f 196//277 756//278 194//278
f 194//278 756//278 757//279
f 194//278 757//279 192//279
f 192//279 757//279 758//280
f 192//279 758//280 190//280
f 190//280 758//280 759//281
f 190//280 759//281 188//281
f 188//281 759//281 760//282
f 188//281 760//282 186//283
f 761//284 682//285 684//286
f 761//284 684//286 760//282
f 760//282 684//286 184//287
f 760//282 184//287 186//283
f 682//285 761//284 762//288
f 682//285 762//288 680//288
f 680//288 762//288 763//289
f 680//288 763//289 678//290
s 0
f 764//291 765//292 766//293
s 1
f 766//293 765//292 656//294
f 766//293 656//294 658//295
f 767//296 768//296 769//297
f 769//297 768//296 770//297
f 769//297 770//297 771//298
f 771//298 770//297 772//298
f 771//298 772//298 773//299
f 773//299 772//298 774//299
f 773//299 774//299 775//300
f 775//300 774//299 776//300
f 775//300 776//300 764//291
f 764//291 776//300 765//301
f 777//302 778//302 779//303
f 779//303 778//302 144//302
f 779//303 144//302 146//304
f 156//305 780//306 781//307
f 156//305 781//307 154//307
f 154//307 781//307 782//308
f 154//307 782//308 152//308
f 152//308 782//308 783//309
f 152//308 783//309 150//309
f 150//309 783//309 784//310
f 150//309 784//310 148//310
f 148//310 784//310 779//303
f 148//310 779//303 146//304
f 780//306 156//305 158//311
f 780//306 158//311 785//312
f 785//312 158//311 604//313
f 785//312 604//313 603//314
f 589//315 786//316 787//317
f 589//315 787//317 591//318
f 591//318 787//317 788//319
f 591//318 788//319 592//320
f 788//319 789//321 592//320
f 592//320 789//321 790//322
f 592//320 790//322 593//323
f 790//322 791//324 593//323
f 593//323 791//324 792//325
f 593//323 792//325 594//326
f 792//325 793//327 594//326
f 594//326 793//327 794//328
f 594//326 794//328 595//329
f 794//328 795//330 595//329
f 595//329 795//330 796//331
f 595//329 796//331 596//332
f 796//331 797//333 596//332
f 596//332 797//333 798//334
f 596//332 798//334 597//335
f 798//334 799//336 597//335
f 597//335 799//336 800//337
f 597//335 800//337 598//338
f 800//337 801//339 598//338
f 598//338 801//339 802//340
f 598//338 802//340 599//341
f 802//340 803//342 599//341
f 599//341 803//342 804//343
f 599//341 804//343 600//344
f 804//343 805//345 600//344
f 600//344 805//345 806//346
f 600//344 806//346 601//347
f 806//346 807//348 601//347
f 601//347 807//348 785//312
f 601//347 785//312 603//314
f 808//349 809//350 590//351
f 590//351 809//350 786//316
f 590//351 786//316 589//315
f 809//350 808//349 810//352
f 810//352 808//349 811//352
f 810//352 811//352 812//353
f 812//353 811//352 813//354
f 812//353 813//354 814//355
f 814//355 813//354 815//355
f 814//355 815//355 816//356
f 816//356 815//355 817//356
f 816//356 817//356 818//357
f 818//357 817//358 819//357
s 0
f 504//359 820//359 505//359
f 505//359 820//359 821//359
f 497//88 521//88 822//88
f 504//88 502//88 820//88
f 820//88 502//88 500//88
f 820//88 500//88 822//88
f 822//88 500//88 498//88
f 822//88 498//88 497//88
f 503//74 505//74 821//74
f 520//74 496//74 823//74
f 823//74 496//74 499//74
f 823//74 499//74 821//74
f 821//74 499//74 501//74
f 821//74 501//74 503//74
f 134//74 133//74 778//74
f 778//74 133//74 132//74
f 778//74 132//74 144//74
f 142//74 141//74 824//74
f 811//74 808//74 141//74
f 604//74 158//74 825//74
f 826//74 827//74 828//74
f 138//74 819//74 139//74
f 139//74 819//74 817//74
f 139//74 817//74 140//74
f 140//74 817//74 815//74
f 140//74 815//74 141//74
f 141//74 815//74 813//74
f 141//74 813//74 811//74
f 138//74 137//74 819//74
f 819//74 137//74 136//74
f 819//74 136//74 778//74
f 778//74 136//74 135//74
f 778//74 135//74 134//74
f 590//74 829//74 808//74
f 808//74 829//74 830//74
f 808//74 830//74 141//74
f 141//74 830//74 831//74
f 141//74 831//74 824//74
f 142//74 824//74 143//74
f 143//74 824//74 832//74
f 143//74 832//74 826//74
f 826//74 832//74 833//74
f 826//74 833//74 827//74
f 825//74 834//74 604//74
f 604//74 834//74 826//74
f 604//74 826//74 835//74
f 835//74 826//74 828//74
s 1
f 515//216 517//218 761//360
f 516//217 514//216 785//361
f 785//361 514//216 836//362
f 515//216 761//360 837//362
f 837//362 761//360 760//363
f 837//362 760//363 836//362
f 836//362 760//363 780//363
f 836//362 780//363 785//361
f 755//364 779//365 784//366
f 755//364 784//366 756//366
f 756//366 784//366 783//367
f 756//366 783//367 757//367
f 757//367 783//367 782//368
f 757//367 782//368 758//368
f 758//368 782//368 781//369
f 758//368 781//369 759//369
f 759//369 781//369 780//363
f 759//369 780//363 760//363
f 779//365 755//364 777//370
f 777//370 755//365 754//370
s 0
f 68//12 754//12 67//12
f 67//12 754//12 753//12
f 67//12 753//12 66//12
f 66//12 753//12 768//12
f 66//12 768//12 65//12
f 754//12 37//12 777//12
f 777//12 37//12 38//12
f 777//12 38//12 778//12
f 778//12 38//12 838//12
f 839//371 840//371 841//371
f 841//12 840//12 754//12
f 841//12 754//12 842//12
f 842//12 754//12 68//12
f 34//12 477//12 33//12
f 33//12 477//12 480//12
f 33//12 480//12 818//12
f 818//12 480//12 483//12
f 818//12 483//12 767//12
f 767//12 483//12 486//12
f 843//12 819//12 844//12
f 844//12 819//12 778//12
f 844//12 778//12 845//12
f 845//12 778//12 838//12
f 843//12 846//12 819//12
f 819//12 846//12 847//12
f 819//12 847//12 818//12
f 818//12 847//12 32//12
f 818//12 32//12 33//12
f 840//12 848//12 754//12
f 754//12 848//12 849//12
f 754//12 849//12 37//12
f 37//12 849//12 850//12
f 37//12 850//12 36//12
f 36//12 850//12 851//12
f 36//12 851//12 35//12
f 35//12 851//12 473//12
f 35//12 473//12 34//12
f 34//12 473//12 474//12
f 34//12 474//12 477//12
f 839//12 841//12 852//12
f 852//12 841//12 853//12
f 852//12 853//12 493//12
f 493//12 853//12 854//12
f 493//12 854//12 492//12
f 492//12 854//12 855//12
f 492//12 855//12 489//12
f 489//12 855//12 856//12
f 489//12 856//12 486//12
f 486//12 856//12 62//12
f 486//12 62//12 767//12
f 767//12 62//12 63//12
f 767//12 63//12 768//12
f 768//12 63//12 64//12
f 768//12 64//12 65//12
s 1
f 521//220 809//372 822//373
f 822//373 809//372 810//374
f 822//373 810//374 820//375
f 820//375 810//374 812//376
f 820//375 812//376 821//377
f 764//372 520//220 775//378
f 775//378 520//220 823//379
f 775//378 823//379 773//380
f 823//379 821//377 773//380
f 773//380 821//377 812//376
f 773//380 812//376 771//381
f 771//381 812//376 814//381
f 771//381 814//381 769//382
f 769//382 814//381 816//383
f 769//382 816//383 767//384
f 767//384 816//382 818//384
f 809//372 521//220 786//219
f 786//219 521//220 519//219
f 522//221 516//217 807//385
f 807//385 516//217 785//361
f 522//221 807//385 524//223
f 524//223 807//385 806//225
f 524//223 806//225 526//225
f 761//360 517//218 523//222
f 761//360 523//222 762//386
f 762//386 523//222 525//224
f 762//386 525//224 763//387
f 766//388 518//219 764//372
f 764//372 518//219 520//220
s 0
f 837//389 836//389 506//389
f 506//389 836//389 507//389
f 836//88 514//88 512//88
f 512//88 510//88 836//88
f 836//88 510//88 508//88
f 836//88 508//88 507//88
f 513//74 515//74 837//74
f 506//74 509//74 837//74
f 837//74 509//74 511//74
f 837//74 511//74 513//74
f 182//88 179//88 753//88
f 753//88 179//88 177//88
f 753//88 177//88 175//88
f 857//88 858//88 684//88
f 684//88 858//88 859//88
f 684//88 859//88 184//88
f 700//88 698//88 160//88
f 160//88 698//88 696//88
f 160//88 696//88 161//88
f 161//88 696//88 776//88
f 776//88 696//88 694//88
f 776//88 694//88 765//88
f 765//88 694//88 693//88
f 765//88 693//88 656//88
f 175//88 173//88 753//88
f 753//88 173//88 171//88
f 753//88 171//88 768//88
f 768//88 171//88 169//88
f 776//88 774//88 161//88
f 161//88 774//88 772//88
f 161//88 772//88 163//88
f 163//88 772//88 770//88
f 163//88 770//88 165//88
f 165//88 770//88 768//88
f 165//88 768//88 167//88
f 167//88 768//88 169//88
f 857//88 860//88 858//88
f 858//88 860//88 861//88
f 858//88 861//88 862//88
f 862//88 861//88 700//88
f 862//88 700//88 863//88
f 863//88 700//88 160//88
s 1
f 525//224 527//226 763//387
f 763//387 527//226 864//390
f 527//226 529//228 864//390
f 864//390 529//228 531//229
f 864//390 531//229 865//391
f 531//229 533//231 865//391
f 865//391 533//231 535//232
f 865//391 535//232 866//392
f 535//232 537//234 866//392
f 866//392 537//234 539//235
f 866//392 539//235 867//393
f 539//235 541//237 867//393
f 867//393 541//237 543//238
f 867//393 543//238 868//394
f 543//238 545//240 868//394
f 868//394 545//240 547//241
f 868//394 547//241 869//395
f 547//241 549//243 869//395
f 869//395 549//243 551//244
f 869//395 551//244 870//396
f 551//244 553//246 870//396
f 870//396 553//246 555//247
f 870//396 555//247 871//397
f 555//247 557//249 871//397
f 871//397 557//249 559//250
f 871//397 559//250 872//398
f 518//219 766//388 563//253
f 563//253 766//388 872//398
f 563//253 872//398 561//252
f 561//252 872//398 559//250
f 786//219 519//219 787//254
f 787//254 519//219 564//254
f 787//254 564//254 788//252
f 788//252 564//254 562//252
f 788//252 562//252 789//251
f 789//251 562//252 560//251
f 789//251 560//251 790//249
f 790//249 560//251 558//249
f 790//249 558//249 791//248
f 791//248 558//249 556//248
f 791//248 556//248 792//246
f 792//246 556//248 554//246
f 792//246 554//246 793//245
f 793//245 554//246 552//245
f 793//245 552//245 794//243
f 794//243 552//245 550//243
f 794//243 550//243 795//242
f 795//242 550//243 548//242
f 795//242 548//242 796//240
f 796//240 548//242 546//240
f 796//240 546//240 797//239
f 797//239 546//240 544//239
f 797//239 544//239 798//237
f 798//237 544//239 542//237
f 798//237 542//237 799//236
f 799//236 542//237 540//236
f 799//236 540//236 800//234
f 800//234 540//236 538//234
f 800//234 538//234 801//233
f 801//233 538//234 536//233
f 801//233 536//233 802//231
f 802//231 536//233 534//231
f 802//231 534//231 803//230
f 803//230 534//231 532//230
f 803//230 532//230 804//228
f 804//228 532//230 530//228
f 804//228 530//228 805//227
f 805//227 530//228 528//227
f 805//227 528//227 806//225
f 806//225 528//227 526//225
f 678//290 763//289 864//399
f 678//290 864//399 676//399
f 676//399 864//399 865//400
f 676//399 865//400 674//400
f 674//400 865//400 866//401
f 674//400 866//401 672//401
f 672//401 866//401 867//402
f 672//401 867//402 670//402
f 670//402 867//402 868//403
f 670//402 868//403 668//403
f 668//403 868//403 869//404
f 668//403 869//404 666//404
f 666//404 869//404 870//405
f 666//404 870//405 664//405
f 664//405 870//405 871//406
f 664//405 871//406 662//406
f 662//406 871//406 872//407
f 662//406 872//407 660//407
f 660//407 872//407 766//293
f 660//407 766//293 658//295
f 701//274 700//274 861//408
f 701//274 861//408 721//408
f 721//408 861//408 860//409
f 721//408 860//409 722//409
f 722//409 860//409 857//410
f 722//409 857//410 724//411
f 724//411 857//410 684//412
f 724//411 684//412 726//413
f 684//412 683//414 726//413
f 726//413 683//414 681//415
f 726//413 681//415 727//415
f 727//415 681//415 679//416
f 727//415 679//416 713//416
f 713//416 679//416 677//417
f 713//416 677//417 715//417
f 715//417 677//417 675//418
f 715//417 675//418 717//418
f 717//418 675//418 673//419
f 717//418 673//419 718//419
f 718//419 673//419 671//420
f 718//419 671//420 710//420
f 710//420 671//420 669//89
f 710//420 669//89 685//89
f 588//267 587//267 602//421
f 588//267 602//421 627//422
f 627//422 602//421 604//423
f 627//422 604//423 629//424
f 604//423 835//425 629//424
f 629//424 835//425 828//426
f 629//424 828//426 630//426
f 630//426 828//426 827//427
f 630//426 827//427 621//427
f 621//427 827//427 833//428
f 621//427 833//428 623//428
f 623//428 833//428 832//429
f 623//428 832//429 625//429
f 625//429 832//429 824//430
f 625//429 824//430 626//430
f 626//430 824//430 831//431
f 626//430 831//431 615//431
f 615//431 831//431 830//432
f 615//431 830//432 617//432
f 617//432 830//432 829//433
f 617//432 829//433 619//434
f 619//434 829//433 565//255
f 565//255 829//433 590//435
f 565//255 590//435 566//256
f 398//137 397//136 493//202
f 493//202 397//136 852//436
f 397//136 396//135 852//436
f 852//436 396//135 392//131
f 852//436 392//131 839//437
f 392//131 391//130 839//437
f 839//437 391//130 383//122
f 839//437 383//122 840//438
f 383//122 385//124 840//438
f 840//438 385//124 387//126
f 840//438 387//126 848//439
f 387//126 389//128 848//439
f 848//439 389//128 390//129
f 848//439 390//129 849//440
f 390//129 381//120 849//440
f 849//440 381//120 379//118
f 849//440 379//118 850//441
f 379//118 378//117 850//441
f 850//441 378//117 376//115
f 850//441 376//115 851//442
f 369//108 473//182 370//109
f 370//109 473//182 851//442
f 370//109 851//442 374//113
f 374//113 851//442 376//115
f 412//151 411//150 906//443
f 472//181 369//108 368//107
f 410//149 409//148 907//444
f 907//444 409//148 398//137
f 398//137 494//203 907//444
f 907//444 494//203 495//204
f 907//444 495//204 908//445
f 908//445 495//204 491//200
f 908//445 491//200 909//446
f 491//200 490//199 909//446
f 909//446 490//199 488//197
f 909//446 488//197 910//447
f 910//447 488//197 487//196
f 910//447 487//196 911//448
f 487//196 485//194 911//448
f 911//448 485//194 484//193
f 911//448 484//193 912//449
f 912//449 484//193 482//191
f 912//449 482//191 913//450
f 913//450 482//191 481//190
f 913//450 481//190 914//451
f 475//184 915//452 916//453
f 481//190 479//188 914//451
f 914//451 479//188 478//187
f 914//451 478//187 916//453
f 916//453 478//187 476//185
f 916//453 476//185 475//184
f 915//452 917//454 916//455
f 916//455 917//454 918//456
f 916//455 918//456 914//451
f 914//451 918//456 919//457
f 914//451 919//457 913//450
f 913//450 919//457 920//458
f 913//450 920//458 912//449
f 912//449 920//458 921//459
f 912//449 921//459 911//448
f 911//448 921//459 922//460
f 911//448 922//460 910//447
f 910//447 922//460 923//461
f 910//447 923//461 909//446
f 909//446 923//461 924//462
f 909//446 924//462 908//445
f 908//445 924//462 925//463
f 908//445 925//463 907//444
f 907//444 925//463 906//443
f 907//444 906//443 410//149
f 410//149 906//443 411//150
f 475//184 472//181 915//452
f 915//452 472//181 368//107
f 915//452 368//107 917//454
f 917//454 368//107 372//111
f 917//454 372//111 371//110
f 371//110 399//138 917//454
f 917//454 399//138 926//464
f 917//454 926//464 918//456
f 918//456 926//464 927//465
f 918//456 927//465 919//457
f 919//457 927//465 928//466
f 919//457 928//466 920//458
f 920//458 928//466 929//467
f 920//458 929//467 921//459
f 921//459 929//467 930//468
f 921//459 930//468 922//460
f 922//460 930//468 931//469
f 922//460 931//469 923//461
f 923//461 931//469 932//470
f 923//461 932//470 924//462
f 924//462 932//470 933//471
f 924//462 933//471 925//463
f 925//463 933//471 934//472
f 925//463 934//472 906//443
f 906//443 934//472 935//473
f 906//443 935//473 412//151
f 412//151 935//473 365//104
f 399//138 413//152 926//464
f 926//464 413//152 447//180
f 926//464 447//180 927//465
f 927//465 447//180 445//179
f 927//465 445//179 928//466
f 928//466 445//179 443//178
f 928//466 443//178 929//467
f 929//467 443//178 441//177
f 929//467 441//177 930//468
f 930//468 441//177 439//176
f 930//468 439//176 931//469
f 931//469 439//176 438//175
f 931//469 438//175 932//470
f 932//470 438//175 436//174
f 932//470 436//174 933//471
f 933//471 436//174 434//173
f 933//471 434//173 934//472
f 934//472 434//173 432//172
f 934//472 432//172 935//473
f 935//473 432//172 430//171
f 935//473 430//171 365//104
f 365//104 430//171 366//105
f 181//101 183//103 195//408
f 181//101 195//408 217//408
f 217//408 195//408 193//474
f 217//408 193//474 209//409
f 209//409 193//474 191//475
f 209//409 191//475 211//475
f 211//475 191//475 189//476
f 211//475 189//476 213//476
f 213//476 189//476 187//415
f 213//476 187//415 218//415
f 218//415 187//415 185//477
f 218//415 185//477 219//478
f 219//478 185//477 184//479
f 219//478 184//479 221//480
f 184//479 859//481 221//480
f 221//480 859//481 858//418
f 221//480 858//418 222//418
f 222//418 858//418 862//419
f 222//418 862//419 204//419
f 204//419 862//419 863//420
f 204//419 863//420 206//420
f 206//420 863//420 160//89
f 206//420 160//89 159//89
f 125//87 143//87 826//482
f 125//87 826//482 126//482
f 126//482 826//482 834//483
f 126//482 834//483 103//483
f 103//483 834//483 825//484
f 103//483 825//484 104//485
f 104//485 825//484 158//486
f 104//485 158//486 117//487
f 132//76 130//75 144//488
f 144//488 130//75 129//489
f 144//488 129//489 145//490
f 145//490 129//489 128//491
f 145//490 128//491 147//491
f 147//491 128//491 127//492
f 147//491 127//492 149//492
f 149//492 127//492 120//493
f 149//492 120//493 151//493
f 151//493 120//493 119//494
f 151//493 119//494 153//494
f 153//494 119//494 118//495
f 153//494 118//495 155//495
f 155//495 118//495 117//487
f 155//495 117//487 157//496
f 157//496 117//487 158//486
f 68//497 52//52 988//498
f 68//499 988//498 842//500
f 842//500 988//498 989//501
f 842//500 989//501 841//502
f 841//502 989//501 990//503
f 841//502 990//503 853//504
f 990//503 991//505 853//504
f 853//504 991//505 992//506
f 853//504 992//506 854//507
f 992//506 993//508 854//507
f 854//507 993//508 994//509
f 854//507 994//509 855//510
f 994//509 995//511 855//510
f 855//510 995//511 996//512
f 855//510 996//512 856//513
f 856//513 996//512 60//63
f 856//513 60//63 62//65
f 61//64 60//63 996//512
f 61//64 996//512 997//514
f 997//514 996//512 995//511
f 997//514 995//511 998//515
f 995//511 994//509 998//515
f 998//515 994//509 993//508
f 998//515 993//508 43//516
f 993//508 992//506 43//516
f 43//516 992//506 991//505
f 43//516 991//505 44//517
f 991//505 990//503 44//517
f 44//517 990//503 989//501
f 44//517 989//501 40//518
f 989//501 988//498 40//518
f 40//518 988//498 52//52
f 40//518 52//52 41//51
f 999//519 998//520 43//2
f 998//520 999//519 997//521
f 997//521 999//519 1000//522
f 997//521 1000//522 61//523
f 61//523 1000//522 1001//524
f 61//523 1001//524 59//525
f 50//50 49//49 57//526
f 43//2 42//1 999//519
f 999//519 42//1 51//12
f 999//519 51//12 1000//522
f 1000//522 51//12 50//50
f 1000//522 50//50 1001//524
f 1001//524 50//50 57//526
f 1001//524 57//526 59//525
f 38//43 15//16 1002//498
f 38//43 1002//498 838//500
f 838//500 1002//498 1003//527
f 838//500 1003//527 845//502
f 845//502 1003//527 1004//528
f 845//502 1004//528 844//504
f 1004//528 1005//529 844//504
f 844//504 1005//529 1006//506
f 844//504 1006//506 843//507
f 1006//506 1007//508 843//507
f 843//507 1007//508 1008//509
f 843//507 1008//509 846//530
f 1008//509 1009//511 846//530
f 846//530 1009//511 1010//512
f 846//530 1010//512 847//513
f 847//513 1010//512 30//35
f 847//513 30//35 32//37
f 31//36 30//35 1010//512
f 31//36 1010//512 1011//514
f 1011//514 1010//512 1009//511
f 1011//514 1009//511 1012//515
f 1009//511 1008//509 1012//515
f 1012//515 1008//509 1007//508
f 1012//515 1007//508 2//516
f 1007//508 1006//506 2//516
f 2//516 1006//506 1005//529
f 2//516 1005//529 3//517
f 1005//529 1004//528 3//517
f 3//517 1004//528 1003//527
f 3//517 1003//527 4//518
f 1003//527 1002//498 4//518
f 4//518 1002//498 15//16
f 4//518 15//16 6//15
f 25//531 28//532 1013//533
f 1013//533 28//532 31//534
f 1013//533 31//534 1014//522
f 1014//522 31//534 1011//521
f 1014//522 1011//521 1015//519
f 1015//519 1011//521 1012//520
f 1015//519 1012//520 2//2
f 13//13 14//14 22//535
f 2//2 1//1 1015//519
f 1015//519 1//1 12//12
f 1015//519 12//12 1014//522
f 1014//522 12//12 13//13
f 1014//522 13//13 1013//533
f 1013//533 13//13 22//535
f 1013//533 22//535 25//531
f 1076//536 1077//537 1078//538
f 1079//539 1080//540 1081//541
f 1079//539 1081//541 1082//542
f 1082//542 1081//541 1083//543
f 1082//542 1083//543 1084//544
f 1083//543 1085//545 1084//544
f 1084//544 1085//545 1086//546
f 1084//544 1086//546 1087//547
f 1086//546 1088//548 1087//547
f 1087//547 1088//548 1089//549
f 1087//547 1089//549 1090//550
f 1090//550 1089//549 1091//551
f 1090//550 1091//551 1092//552
f 1093//553 1094//554 1095//555
f 1095//555 1094//554 1092//552
f 1095//555 1092//552 1096//556
f 1096//556 1092//552 1091//551
f 1097//557 1098//558 1099//559
f 1099//559 1098//558 1100//560
f 1093//553 1101//561 1094//554
f 1094//554 1101//561 1102//562
f 1094//554 1102//562 1103//563
f 1103//563 1104//564 1094//554
f 1094//554 1104//564 1105//565
f 1094//554 1105//565 1092//552
f 1092//552 1105//565 1106//566
f 1092//552 1106//566 1090//550
f 1090//550 1106//566 1107//567
f 1090//550 1107//567 1087//547
f 1087//547 1107//567 1108//568
f 1087//547 1108//568 1084//544
f 1084//544 1108//568 1099//559
f 1084//544 1099//559 1082//542
f 1082//542 1099//559 1100//560
f 1082//542 1100//560 1079//539
f 1077//537 1109//569 1110//570
f 1110//570 1109//569 1097//557
f 1097//557 1099//559 1110//570
f 1110//570 1099//559 1108//568
f 1110//570 1108//568 1111//571
f 1111//571 1108//568 1107//567
f 1111//571 1107//567 1112//572
f 1112//572 1107//567 1106//566
f 1112//572 1106//566 1113//573
f 1113//573 1106//566 1105//565
f 1113//573 1105//565 1114//574
f 1114//574 1105//565 1104//564
f 1114//574 1104//564 1115//575
f 1103//563 1116//576 1104//564
f 1104//564 1116//576 1117//577
f 1104//564 1117//577 1115//575
f 1115//575 1117//577 1118//578
f 1115//575 1118//578 1119//579
f 1077//537 1110//570 1078//538
f 1078//538 1110//570 1111//571
f 1078//538 1111//571 1120//580
f 1120//580 1111//571 1112//572
f 1120//580 1112//572 1121//581
f 1121//581 1112//572 1113//573
f 1121//581 1113//573 1122//582
f 1122//582 1113//573 1114//574
f 1122//582 1114//574 1123//583
f 1123//583 1114//574 1115//575
f 1123//583 1115//575 1124//584
f 1124//584 1115//575 1119//579
f 1124//584 1119//579 1125//585
f 1076//536 1078//538 1126//586
f 1126//586 1078//538 1120//580
f 1126//586 1120//580 1127//587
f 1127//587 1120//580 1121//581
f 1127//587 1121//581 1128//588
f 1128//588 1121//581 1122//582
f 1128//588 1122//582 1129//589
f 1129//589 1122//582 1123//583
f 1129//589 1123//583 1130//590
f 1130//590 1123//583 1124//584
f 1130//590 1124//584 1131//591
f 1131//591 1124//584 1125//585
f 1131//591 1125//585 1132//592
f 1133//593 1080//540 1134//594
f 1134//594 1080//540 1079//539
f 1134//594 1079//539 1135//595
f 1135//595 1079//539 1100//560
f 1135//595 1100//560 1136//596
f 1136//596 1100//560 1098//558
f 1136//596 1098//558 1137//597
f 1137//597 1098//558 1097//557
f 1137//597 1097//557 1138//598
f 1138//598 1097//557 1109//569
f 1138//598 1109//569 1139//599
f 1109//569 1077//537 1139//599
f 1139//599 1077//537 1076//536
f 1139//599 1076//536 1140//600
f 1141//601 1132//592 1142//602
f 1142//602 1132//592 1125//585
f 1142//602 1125//585 1143//603
f 1143//603 1125//585 1119//579
f 1143//603 1119//579 1144//604
f 1144//604 1119//579 1118//578
f 1144//604 1118//578 1145//605
f 1145//605 1118//578 1117//577
f 1145//605 1117//577 1146//606
f 1146//606 1117//577 1116//576
f 1146//606 1116//576 1147//607
f 1147//607 1116//576 1103//563
f 1147//607 1103//563 1148//608
f 1148//608 1103//563 1102//562
f 1148//608 1102//562 1149//609
f 1149//609 1102//562 1101//561
f 1147//607 1148//608 1150//610
f 1148//608 1149//609 1151//611
f 1148//608 1151//611 1150//610
f 1150//610 1151//611 1152//612
f 1150//610 1152//612 1153//613
f 1152//612 1154//614 1153//613
f 1153//613 1154//614 1155//615
f 1153//613 1155//615 1156//616
f 1155//615 1157//617 1156//616
f 1156//616 1157//617 1158//618
f 1156//616 1158//618 1159//619
f 1159//619 1158//618 1160//620
f 1159//619 1160//620 1161//621
f 1162//622 1163//623 1164//624
f 1164//624 1163//623 1161//621
f 1164//624 1161//621 1165//625
f 1165//625 1161//621 1160//620
f 1145//605 1146//606 1166//626
f 1166//626 1146//606 1147//607
f 1147//607 1150//610 1166//626
f 1166//626 1150//610 1153//613
f 1166//626 1153//613 1167//627
f 1167//627 1153//613 1156//616
f 1167//627 1156//616 1168//628
f 1168//628 1156//616 1159//619
f 1168//628 1159//619 1169//629
f 1169//629 1159//619 1161//621
f 1169//629 1161//621 1170//630
f 1170//630 1161//621 1163//623
f 1170//630 1163//623 1171//631
f 1143//603 1144//604 1172//632
f 1172//632 1144//604 1145//605
f 1162//622 1173//633 1163//623
f 1163//623 1173//633 1174//634
f 1163//623 1174//634 1171//631
f 1171//631 1174//634 1175//635
f 1171//631 1175//635 1176//636
f 1145//605 1166//626 1172//632
f 1172//632 1166//626 1167//627
f 1172//632 1167//627 1177//637
f 1177//637 1167//627 1168//628
f 1177//637 1168//628 1178//638
f 1178//638 1168//628 1169//629
f 1178//638 1169//629 1179//639
f 1179//639 1169//629 1170//630
f 1179//639 1170//630 1180//640
f 1180//640 1170//630 1171//631
f 1180//640 1171//631 1181//641
f 1181//641 1171//631 1176//636
f 1181//641 1176//636 1182//642
f 1141//601 1142//602 1183//643
f 1183//643 1142//602 1143//603
f 1143//603 1172//632 1183//643
f 1183//643 1172//632 1177//637
f 1183//643 1177//637 1184//644
f 1184//644 1177//637 1178//638
f 1184//644 1178//638 1185//645
f 1185//645 1178//638 1179//639
f 1185//645 1179//639 1186//646
f 1186//646 1179//639 1180//640
f 1186//646 1180//640 1187//647
f 1187//647 1180//640 1181//641
f 1187//647 1181//641 1188//648
f 1188//648 1181//641 1182//642
f 1188//648 1182//642 1189//649
f 1141//601 1183//643 1190//650
f 1190//650 1183//643 1184//644
f 1190//650 1184//644 1191//651
f 1191//651 1184//644 1185//645
f 1191//651 1185//645 1192//652
f 1192//652 1185//645 1186//646
f 1192//652 1186//646 1193//653
f 1193//653 1186//646 1187//647
f 1193//653 1187//647 1194//654
f 1194//654 1187//647 1188//648
f 1194//654 1188//648 1195//655
f 1195//655 1188//648 1189//649
f 1195//655 1189//649 1196//656
f 1197//657 1196//656 1198//658
f 1198//658 1196//656 1189//649
f 1198//658 1189//649 1199//659
f 1199//659 1189//649 1182//642
f 1199//659 1182//642 1200//660
f 1182//642 1176//636 1200//660
f 1200//660 1176//636 1175//635
f 1200//660 1175//635 1201//661
f 1175//635 1174//634 1201//661
f 1201//661 1174//634 1173//633
f 1201//661 1173//633 1202//662
f 1203//663 1204//664 1205//665
f 1206//666 1207//667 1208//668
f 1208//668 1207//667 1209//669
f 1208//668 1209//669 1210//670
f 1210//670 1209//669 1211//671
f 1210//670 1211//671 1212//672
f 1212//672 1213//673 1210//670
f 1210//670 1213//673 1214//674
f 1210//670 1214//674 1205//665
f 1205//665 1214//674 1215//675
f 1205//665 1215//675 1203//663
f 1216//676 1217//677 1218//678
f 1218//678 1217//677 1219//679
f 1218//678 1219//679 1220//680
f 1220//680 1219//679 1221//681
f 1220//680 1221//681 1222//682
f 1216//676 1218//678 1223//683
f 1223//683 1218//678 1224//684
f 1223//685 1224//686 1225//687
f 1225//687 1224//686 1226//688
f 1226//688 1224//686 1227//689
f 1226//688 1227//689 1228//690
f 1236//691 1239//692 1221//693
f 1236//691 1221//693 1240//694
f 1240//694 1221//693 1219//679
f 1240//694 1219//679 1217//677
f 1259//695 1260//696 1207//697
f 1207//697 1260//696 1261//698
f 1207//697 1261//698 1209//669
f 1209//669 1261//698 1211//671
f 1226//688 1228//690 1204//664
f 1217//699 1216//700 1261//701
f 1261//701 1216//700 1211//702
f 1260//703 1236//704 1261//701
f 1261//701 1236//704 1240//705
f 1261//701 1240//705 1217//699
f 1203//663 1215//675 1223//685
f 1215//675 1214//674 1223//685
f 1223//685 1214//674 1213//706
f 1223//685 1213//706 1216//700
f 1216//700 1213//706 1212//707
f 1216//700 1212//707 1211//702
f 1203//663 1223//685 1204//664
f 1204//664 1223//685 1225//687
f 1204//664 1225//687 1226//688
f 1206//666 1259//88 1207//667
f 1221//681 1239//74 1222//682
f 1228//690 1227//689 1140//600
f 1196//656 1197//657 1204//664
f 1204//664 1197//657 1205//665
f 1131//591 1132//592 1076//536
f 1191//651 1192//652 1196//656
f 1127//587 1128//588 1129//589
f 1127//587 1129//589 1126//586
f 1140//600 1076//536 1228//690
f 1228//690 1076//536 1132//592
f 1228//690 1132//592 1204//664
f 1204//664 1132//592 1141//601
f 1204//664 1141//601 1196//656
f 1196//656 1141//601 1190//650
f 1196//656 1190//650 1191//651
f 1192//652 1193//653 1196//656
f 1196//656 1193//653 1194//654
f 1196//656 1194//654 1195//655
f 1126//586 1129//589 1076//536
f 1076//536 1129//589 1130//590
f 1076//536 1130//590 1131//591
s 0
f 1295//370 1296//370 1297//370
f 1298//370 1299//370 1300//370
f 1300//370 1299//370 1301//370
f 1301//370 1302//370 1300//370
f 1300//370 1302//370 1303//370
f 1300//370 1303//370 1304//370
f 1305//370 1306//370 1307//370
f 1307//370 1306//370 1308//370
f 1307//370 1308//370 1300//370
f 1300//370 1308//370 1295//370
f 1300//370 1295//370 1298//370
f 1298//370 1295//370 1297//370
f 1298//370 1297//370 1309//370
f 1310//370 1311//370 1307//370
f 1307//370 1311//370 1312//370
f 1307//370 1312//370 1305//370
f 1313//370 1314//370 1315//370
f 1315//370 1314//370 1308//370
f 1315//370 1308//370 1316//370
f 1316//370 1308//370 1306//370
s 1
f 1101//561 1307//708 1149//609
f 1149//609 1307//708 1300//709
f 1173//633 1162//622 1299//710
f 1299//710 1162//622 1301//711
f 1160//620 1302//712 1165//625
f 1165//625 1302//712 1301//711
f 1165//625 1301//711 1164//624
f 1164//624 1301//711 1162//622
f 1160//620 1158//618 1302//712
f 1302//712 1158//618 1157//617
f 1302//712 1157//617 1303//713
f 1157//617 1155//615 1303//713
f 1303//713 1155//615 1154//614
f 1303//713 1154//614 1304//714
f 1149//609 1300//709 1151//611
f 1151//611 1300//709 1304//714
f 1151//611 1304//714 1152//612
f 1152//612 1304//714 1154//614
f 1173//633 1299//710 1202//662
f 1202//662 1299//710 1298//715
f 1202//662 1298//715 1309//716
f 1202//662 1309//716 1201//661
f 1201//661 1309//716 1297//717
f 1201//661 1297//717 1200//718
f 1200//718 1297//717 1296//719
f 1200//718 1296//719 1199//720
f 1199//720 1296//719 1198//721
f 1198//721 1296//719 1295//722
f 1198//721 1295//722 1197//723
s 0
f 1206//170 1208//170 1220//170
s 1
f 1295//722 1308//724 1208//170
f 1208//170 1210//170 1295//722
f 1295//722 1210//170 1205//170
f 1295//722 1205//170 1197//723
f 1140//725 1227//170 1308//724
f 1308//724 1227//170 1224//170
f 1308//724 1224//170 1208//170
s 0
f 1208//170 1224//170 1218//170
f 1208//170 1218//170 1220//170
f 819//170 818//170 767//170
f 1220//170 1222//170 1206//170
f 1206//170 1222//170 819//170
f 1206//170 819//170 768//170
f 768//170 819//170 767//170
s 1
f 1308//724 1314//726 1140//725
f 1140//725 1314//726 1139//727
f 1313//728 1137//729 1314//726
f 1314//726 1137//729 1138//730
f 1314//726 1138//730 1139//727
f 1315//731 1316//732 1133//593
f 1133//593 1134//594 1315//731
f 1315//731 1134//594 1135//595
f 1315//731 1135//595 1313//728
f 1313//728 1135//595 1136//733
f 1313//728 1136//733 1137//729
f 1133//593 1316//732 1080//540
f 1080//540 1316//732 1306//734
f 1101//561 1093//553 1307//708
f 1307//708 1093//553 1310//735
f 1093//553 1095//555 1310//735
f 1310//735 1095//555 1096//556
f 1310//735 1096//556 1311//736
f 1088//548 1312//737 1089//549
f 1089//549 1312//737 1311//736
f 1089//549 1311//736 1091//551
f 1091//551 1311//736 1096//556
f 1088//548 1086//546 1312//737
f 1312//737 1086//546 1085//545
f 1312//737 1085//545 1305//738
f 1080//540 1306//734 1081//541
f 1081//541 1306//734 1305//738
f 1081//541 1305//738 1083//543
f 1083//543 1305//738 1085//545
usemtl grey.004
f 69//739 70//739 71//740
f 69//739 71//740 72//740
f 72//740 71//740 73//741
f 72//740 73//741 74//741
f 74//741 73//741 75//742
f 74//741 75//742 76//742
f 76//742 75//742 77//743
f 76//742 77//743 78//744
f 78//744 77//743 79//745
f 78//744 79//745 80//745
f 80//745 79//745 81//746
f 80//745 81//746 82//746
f 82//746 81//746 83//747
f 82//746 83//747 84//747
f 84//747 83//747 85//748
f 84//747 85//748 86//748
f 87//749 85//749 83//750
f 87//749 83//750 88//750
f 88//750 83//750 81//751
f 88//750 81//751 89//751
f 89//751 81//751 79//752
f 89//751 79//752 90//752
f 90//752 79//752 77//753
f 90//752 77//753 91//753
f 91//753 77//753 75//754
f 91//753 75//754 92//754
f 92//754 75//754 73//755
f 92//754 73//755 93//755
f 93//755 73//755 71//756
f 93//755 71//756 94//756
f 94//756 71//756 70//757
f 94//756 70//757 95//758
s 0
f 96//74 87//74 94//74
f 94//74 87//74 88//74
f 90//74 91//74 92//74
f 97//74 98//74 99//74
f 99//74 98//74 94//74
f 99//74 94//74 95//74
f 100//74 96//74 101//74
f 101//74 96//74 94//74
f 101//74 94//74 102//74
f 102//74 94//74 98//74
f 88//74 89//74 94//74
f 94//74 89//74 90//74
f 94//74 90//74 93//74
f 93//74 90//74 92//74
s 1
f 223//739 215//739 216//740
f 223//739 216//740 224//740
f 224//740 216//740 208//741
f 224//740 208//741 225//741
f 225//741 208//741 210//742
f 225//741 210//742 226//742
f 226//742 210//742 212//743
f 226//742 212//743 227//744
f 227//744 212//743 214//745
f 227//744 214//745 228//745
f 228//745 214//745 220//746
f 228//745 220//746 229//746
f 229//746 220//746 203//747
f 229//746 203//747 230//747
f 230//747 203//747 205//748
f 230//747 205//748 231//748
f 232//759 223//759 224//760
f 232//759 224//760 233//760
f 233//760 224//760 225//761
f 233//760 225//761 234//761
f 234//761 225//761 226//762
f 234//761 226//762 235//762
f 235//762 226//762 227//763
f 235//762 227//763 236//763
f 236//763 227//763 228//764
f 236//763 228//764 237//764
f 237//764 228//764 229//765
f 237//764 229//765 238//765
f 238//765 229//765 230//766
f 238//765 230//766 239//766
f 239//766 230//766 231//767
f 239//766 231//767 240//768
s 0
f 239//88 240//88 238//88
f 238//88 240//88 232//88
f 232//88 240//88 241//88
f 241//88 240//88 242//88
f 241//88 242//88 243//88
f 232//88 233//88 234//88
f 244//88 245//88 246//88
f 246//88 245//88 241//88
f 246//88 241//88 247//88
f 247//88 241//88 243//88
f 237//88 238//88 236//88
f 236//88 238//88 232//88
f 236//88 232//88 235//88
f 235//88 232//88 234//88
s 1
f 248//12 249//769 250//770
f 251//771 249//769 248//12
f 248//12 252//772 253//773
f 254//774 252//772 248//12
f 248//12 255//775 256//776
f 257//777 255//775 248//12
f 258//778 257//777 248//12
f 253//773 258//778 248//12
f 250//770 254//774 248//12
s 0
f 256//12 255//12 259//12
f 259//12 255//12 257//12
f 259//779 257//779 258//779
f 258//12 253//12 260//12
f 260//12 253//12 252//12
f 260//12 252//12 254//12
f 254//371 250//371 261//371
f 261//12 250//12 249//12
f 261//12 249//12 251//12
f 251//12 262//12 263//12
f 263//12 262//12 264//12
f 263//12 264//12 265//12
f 265//12 266//12 267//12
f 267//12 266//12 268//12
f 267//12 268//12 269//12
f 269//12 270//12 271//12
f 271//12 270//12 272//12
f 271//12 272//12 256//12
f 260//780 273//780 258//780
f 258//780 273//780 274//780
f 258//781 274//781 259//781
f 259//782 274//782 256//782
f 256//782 274//782 275//782
f 256//782 275//782 271//782
f 271//783 275//783 269//783
f 269//783 275//783 276//783
f 269//783 276//783 267//783
f 267//784 276//784 265//784
f 265//784 276//784 277//784
f 265//784 277//784 263//784
f 263//785 277//785 251//785
f 251//785 277//785 278//785
f 251//785 278//785 261//785
f 261//786 278//786 254//786
f 254//787 278//787 273//787
f 254//788 273//788 260//788
s 1
f 279//789 280//790 281//791
f 282//792 283//793 284//794
f 285//795 286//796 287//797
f 288//798 289//799 290//800
f 291//801 292//802 293//803
f 292//802 294//804 295//805
f 296//806 297//807 298//808
f 294//804 299//809 300//810
f 301//811 302//812 303//813
f 303//813 302//812 304//814
f 303//813 304//814 305//815
f 294//804 300//810 295//805
f 295//805 300//810 306//816
f 295//805 306//816 307//817
f 307//817 306//816 308//818
f 307//817 308//818 309//819
f 309//819 308//818 310//820
f 309//819 310//820 311//821
f 292//802 295//805 293//803
f 293//803 295//805 307//817
f 293//803 307//817 312//822
f 312//822 307//817 309//819
f 312//822 309//819 313//823
f 313//823 309//819 311//821
f 313//823 311//821 314//824
f 315//825 316//826 317//827
f 317//827 316//826 318//828
f 317//827 318//828 319//829
f 319//829 318//828 320//830
f 319//829 320//830 281//791
f 316//826 297//807 318//828
f 318//828 297//807 296//806
f 318//828 296//806 320//830
f 320//830 296//806 321//831
f 290//800 322//832 301//811
f 301//811 322//832 323//833
f 301//811 323//833 302//812
f 291//801 293//803 324//834
f 324//834 293//803 312//822
f 324//834 312//822 325//835
f 325//835 312//822 313//823
f 325//835 313//823 326//836
f 326//836 313//823 314//824
f 326//836 314//824 327//837
f 298//808 328//838 296//806
f 296//806 328//838 329//839
f 296//806 329//839 321//831
f 321//831 329//839 330//840
f 321//831 330//840 331//841
f 281//791 320//830 332//842
f 332//842 320//830 321//831
f 332//842 321//831 333//843
f 333//843 321//831 331//841
f 333//843 331//841 334//844
f 289//799 335//845 290//800
f 290//800 335//845 336//846
f 290//800 336//846 322//832
f 305//815 337//847 303//813
f 303//813 337//847 338//848
f 303//813 338//848 301//811
f 301//811 338//848 339//849
f 301//811 339//849 290//800
f 290//800 339//849 287//797
f 290//800 287//797 288//798
f 288//798 287//797 286//796
f 340//850 285//795 341//851
f 341//851 285//795 287//797
f 341//851 287//797 342//852
f 342//852 287//797 339//849
f 342//852 339//849 343//853
f 343//853 339//849 338//848
f 343//853 338//848 344//854
f 344//854 338//848 337//847
f 344//854 299//809 343//853
f 343//853 299//809 294//804
f 343//853 294//804 342//852
f 342//852 294//804 292//802
f 342//852 292//802 341//851
f 341//851 292//802 291//801
f 341//851 291//801 340//850
f 340//850 291//801 345//855
f 346//856 347//857 327//837
f 327//837 347//857 348//858
f 327//837 348//858 326//836
f 326//836 348//858 349//859
f 326//836 349//859 325//835
f 325//835 349//859 350//860
f 325//835 350//860 324//834
f 324//834 350//860 351//861
f 324//834 351//861 291//801
f 291//801 351//861 352//862
f 291//801 352//862 345//855
f 310//820 353//863 311//821
f 311//821 353//863 354//864
f 311//821 354//864 314//824
f 314//824 354//864 355//865
f 314//824 355//865 327//837
f 327//837 355//865 284//794
f 327//837 284//794 346//856
f 346//856 284//794 283//793
f 356//866 282//792 357//867
f 357//867 282//792 284//794
f 357//867 284//794 358//868
f 358//868 284//794 355//865
f 358//868 355//865 359//869
f 359//869 355//865 354//864
f 359//869 354//864 360//870
f 360//870 354//864 353//863
f 360//870 315//825 359//869
f 359//869 315//825 317//827
f 359//869 317//827 358//868
f 358//868 317//827 319//829
f 358//868 319//829 357//867
f 357//867 319//829 281//791
f 357//867 281//791 356//866
f 356//866 281//791 280//790
f 279//789 281//791 361//871
f 361//871 281//791 332//842
f 361//871 332//842 362//872
f 362//872 332//842 333//843
f 362//872 333//843 363//873
f 363//873 333//843 334//844
f 363//873 334//844 364//874
f 335//845 289//799 448//875
f 448//875 289//799 446//876
f 285//795 444//877 286//796
f 286//796 444//877 446//876
f 286//796 446//876 288//798
f 288//798 446//876 289//799
f 285//795 340//850 444//877
f 444//877 340//850 345//855
f 444//877 345//855 442//878
f 345//855 352//862 442//878
f 442//878 352//862 351//861
f 442//878 351//861 440//879
f 351//861 350//860 440//879
f 440//879 350//860 349//859
f 440//879 349//859 437//880
f 349//859 348//858 437//880
f 437//880 348//858 347//857
f 437//880 347//857 435//881
f 282//792 433//882 283//793
f 283//793 433//882 435//881
f 283//793 435//881 346//856
f 346//856 435//881 347//857
f 282//792 356//866 433//882
f 433//882 356//866 280//790
f 433//882 280//790 431//883
f 280//790 279//789 431//883
f 431//883 279//789 361//871
f 431//883 361//871 429//884
f 364//874 428//885 363//873
f 363//873 428//885 429//884
f 363//873 429//884 362//872
f 362//872 429//884 361//871
f 306//816 300//810 276//12
f 276//12 300//810 277//12
f 277//12 300//810 299//809
f 277//12 299//809 344//854
f 353//863 310//820 276//12
f 276//12 310//820 308//818
f 276//12 308//818 306//816
f 453//886 454//887 278//12
f 278//12 454//887 455//888
f 278//12 455//888 456//889
f 353//863 276//12 360//870
f 360//870 276//12 275//12
f 360//870 275//12 315//825
f 274//12 457//890 458//891
f 459//892 460//893 274//12
f 274//12 460//893 461//894
f 274//12 461//894 457//890
f 462//895 463//896 273//12
f 273//12 463//896 464//897
f 273//12 464//897 465//898
f 458//891 298//808 274//12
f 274//12 298//808 297//807
f 274//12 297//807 275//12
f 275//12 297//807 316//826
f 275//12 316//826 315//825
f 465//898 466//899 273//12
f 273//12 466//899 467//900
f 273//12 467//900 274//12
f 274//12 467//900 468//901
f 274//12 468//901 459//892
f 456//889 469//902 278//12
f 278//12 469//902 470//903
f 278//12 470//903 273//12
f 273//12 470//903 471//904
f 273//12 471//904 462//895
f 344//854 337//847 277//12
f 277//12 337//847 305//815
f 277//12 305//815 278//12
f 278//12 305//815 304//814
f 278//12 304//814 453//886
f 631//905 614//905 616//906
f 631//905 616//906 632//906
f 632//906 616//906 618//907
f 632//906 618//907 633//907
f 633//907 618//907 612//908
f 633//907 612//908 634//908
f 634//908 612//908 613//909
f 634//908 613//909 635//909
f 635//909 613//909 605//910
f 635//909 605//910 636//910
f 636//910 605//910 606//911
f 636//910 606//911 637//911
f 637//911 606//911 607//912
f 637//911 607//912 638//912
f 638//912 607//912 608//913
f 638//912 608//913 639//913
f 640//914 631//914 632//915
f 640//914 632//915 641//915
f 641//915 632//915 633//916
f 641//915 633//916 642//916
f 642//916 633//916 634//917
f 642//916 634//917 643//917
f 643//917 634//917 635//918
f 643//917 635//918 644//919
f 644//919 635//918 636//920
f 644//919 636//920 645//920
f 645//920 636//920 637//921
f 645//920 637//921 646//922
f 646//922 637//921 638//923
f 646//922 638//923 647//923
f 647//923 638//923 639//924
f 647//923 639//924 648//925
s 0
f 646//74 647//74 648//74
f 642//74 643//74 644//74
f 648//74 649//74 650//74
f 651//74 640//74 648//74
f 648//74 640//74 641//74
f 648//74 641//74 642//74
f 642//74 644//74 648//74
f 648//74 644//74 645//74
f 648//74 645//74 646//74
f 652//74 651//74 653//74
f 653//74 651//74 648//74
f 653//74 648//74 654//74
f 654//74 648//74 650//74
f 654//74 650//74 655//74
f 728//88 729//88 730//88
f 730//88 729//88 731//88
f 730//88 731//88 732//88
f 728//88 733//88 734//88
f 735//88 736//88 737//88
f 738//88 729//88 739//88
f 739//88 729//88 728//88
f 739//88 728//88 740//88
f 740//88 728//88 734//88
f 740//88 734//88 741//88
f 729//88 742//88 731//88
f 731//88 742//88 735//88
f 731//88 735//88 743//88
f 743//88 735//88 737//88
s 1
f 738//926 744//927 745//928
f 738//926 745//928 729//928
f 729//928 745//928 746//929
f 729//928 746//929 742//929
f 742//929 746//929 747//930
f 742//929 747//930 735//931
f 735//931 747//930 748//932
f 735//931 748//932 736//932
f 736//932 748//932 749//933
f 736//932 749//933 737//933
f 737//933 749//933 750//934
f 737//933 750//934 743//934
f 743//934 750//934 751//935
f 743//934 751//935 731//936
f 731//936 751//935 752//937
f 731//936 752//937 732//937
f 705//905 752//905 751//906
f 705//905 751//906 704//906
f 704//906 751//906 750//907
f 704//906 750//907 703//907
f 703//907 750//907 749//908
f 703//907 749//908 702//908
f 702//908 749//908 748//909
f 702//908 748//909 708//909
f 708//909 748//909 747//910
f 708//909 747//910 707//910
f 707//910 747//910 746//911
f 707//910 746//911 706//911
f 706//911 746//911 745//912
f 706//911 745//912 711//912
f 711//912 745//912 744//913
f 711//912 744//913 709//913
f 709//913 744//913 873//938
f 709//913 873//938 716//938
f 716//938 873//938 874//939
f 716//938 874//939 714//939
f 714//939 874//939 875//940
f 714//939 875//940 712//940
f 712//940 875//940 876//941
f 712//940 876//941 725//941
f 725//941 876//941 877//942
f 725//941 877//942 723//942
f 723//942 877//942 878//943
f 723//942 878//943 720//943
f 720//943 878//943 879//944
f 720//943 879//944 719//944
f 719//944 879//944 752//905
f 719//944 752//905 705//905
f 732//937 752//937 879//945
f 732//937 879//945 730//945
f 730//945 879//945 878//946
f 730//945 878//946 728//946
f 728//946 878//946 877//947
f 728//946 877//947 733//948
f 733//948 877//947 876//949
f 733//948 876//949 734//950
f 734//950 876//949 875//951
f 734//950 875//951 741//951
f 741//951 875//951 874//952
f 741//951 874//952 740//952
f 740//952 874//952 873//953
f 740//952 873//953 739//954
f 739//954 873//953 744//927
f 739//954 744//927 738//926
f 648//925 639//924 880//955
f 648//925 880//955 649//956
f 649//956 880//955 881//957
f 649//956 881//957 650//957
f 650//957 881//957 882//958
f 650//957 882//958 655//958
f 655//958 882//958 883//959
f 655//958 883//959 654//960
f 654//960 883//959 884//961
f 654//960 884//961 653//962
f 653//962 884//961 885//963
f 653//962 885//963 652//964
f 652//964 885//963 886//965
f 652//964 886//965 651//965
f 651//965 886//965 631//914
f 651//965 631//914 640//914
f 639//913 608//913 609//938
f 639//913 609//938 880//938
f 880//938 609//938 610//939
f 880//938 610//939 881//939
f 881//939 610//939 611//940
f 881//939 611//940 882//940
f 882//940 611//940 628//941
f 882//940 628//941 883//941
f 883//941 628//941 620//942
f 883//941 620//942 884//942
f 884//942 620//942 622//943
f 884//942 622//943 885//943
f 885//943 622//943 624//944
f 885//943 624//944 886//944
f 886//944 624//944 614//905
f 886//944 614//905 631//905
f 428//885 364//874 887//966
f 428//885 887//966 427//967
f 887//966 888//968 427//967
f 427//967 888//968 889//969
f 427//967 889//969 426//970
f 889//969 890//971 426//970
f 426//970 890//971 891//972
f 426//970 891//972 425//973
f 891//972 892//974 425//973
f 425//973 892//974 893//975
f 425//973 893//975 424//976
f 893//975 894//977 424//976
f 424//976 894//977 895//978
f 424//976 895//978 423//979
f 895//978 896//980 423//979
f 423//979 896//980 897//981
f 423//979 897//981 452//982
f 897//981 898//983 452//982
f 452//982 898//983 899//984
f 452//982 899//984 451//985
f 899//984 900//986 451//985
f 451//985 900//986 901//987
f 451//985 901//987 450//988
f 901//987 902//989 450//988
f 450//988 902//989 903//990
f 450//988 903//990 449//991
f 335//845 448//875 904//992
f 904//992 448//875 449//991
f 904//992 449//991 905//993
f 905//993 449//991 903//990
f 330//840 329//839 936//994
f 936//994 329//839 328//838
f 334//844 331//841 937//995
f 937//995 331//841 330//840
f 887//966 364//874 334//844
f 304//814 938//996 453//886
f 453//886 938//996 939//997
f 453//886 939//997 454//887
f 454//887 939//997 940//998
f 454//887 940//998 455//888
f 455//888 940//998 941//999
f 455//888 941//999 456//889
f 456//889 941//999 942//1000
f 456//889 942//1000 469//902
f 469//902 942//1000 943//1001
f 469//902 943//1001 470//903
f 470//903 943//1001 944//1002
f 470//903 944//1002 471//904
f 471//904 944//1002 945//1003
f 471//904 945//1003 462//895
f 462//895 945//1003 946//1004
f 462//895 946//1004 463//896
f 463//896 946//1004 947//1005
f 463//896 947//1005 464//897
f 464//897 947//1005 948//1006
f 464//897 948//1006 465//898
f 465//898 948//1006 949//1007
f 465//898 949//1007 466//899
f 466//899 949//1007 950//1008
f 466//899 950//1008 467//900
f 467//900 950//1008 951//1009
f 467//900 951//1009 468//901
f 468//901 951//1009 952//1010
f 468//901 952//1010 459//892
f 459//892 952//1010 953//1011
f 459//892 953//1011 460//893
f 460//893 953//1011 954//1012
f 460//893 954//1012 461//894
f 461//894 954//1012 955//1013
f 461//894 955//1013 457//890
f 457//890 955//1013 936//994
f 457//890 936//994 458//891
f 458//891 936//994 328//838
f 458//891 328//838 298//808
f 330//840 936//994 937//995
f 937//995 936//994 955//1014
f 937//995 955//1014 956//1015
f 956//1015 955//1014 954//1016
f 956//1015 954//1016 957//1017
f 957//1017 954//1016 953//1018
f 957//1017 953//1018 958//1019
f 958//1019 953//1018 952//1020
f 958//1019 952//1020 959//1021
f 959//1021 952//1020 951//1022
f 959//1021 951//1022 960//1023
f 960//1023 951//1022 950//1024
f 960//1023 950//1024 961//1025
f 961//1025 950//1024 949//1026
f 961//1025 949//1026 962//1027
f 962//1027 949//1026 948//1028
f 962//1027 948//1028 963//1029
f 963//1029 948//1028 947//1030
f 963//1029 947//1030 964//1031
f 964//1031 947//1030 946//1032
f 964//1031 946//1032 965//1033
f 965//1033 946//1032 945//1034
f 965//1033 945//1034 966//1035
f 966//1035 945//1034 944//1036
f 966//1035 944//1036 967//1037
f 967//1037 944//1036 943//1038
f 967//1037 943//1038 968//1039
f 968//1039 943//1038 942//1040
f 968//1039 942//1040 969//1041
f 969//1041 942//1040 941//1042
f 969//1041 941//1042 970//1043
f 970//1043 941//1042 940//1044
f 970//1043 940//1044 971//1045
f 971//1045 940//1044 939//1046
f 971//1045 939//1046 972//1047
f 972//1047 939//1046 938//996
f 972//1047 938//996 973//1048
f 304//814 302//812 938//996
f 938//996 302//812 323//833
f 938//996 323//833 973//1048
f 973//1048 323//833 322//832
f 973//1048 322//832 336//846
f 334//844 937//995 887//966
f 887//966 937//995 956//1015
f 887//966 956//1015 888//968
f 888//968 956//1015 957//1017
f 888//968 957//1017 889//969
f 889//969 957//1017 958//1019
f 889//969 958//1019 890//971
f 890//971 958//1019 959//1021
f 890//971 959//1021 891//972
f 891//972 959//1021 960//1023
f 891//972 960//1023 892//974
f 892//974 960//1023 961//1025
f 892//974 961//1025 893//975
f 893//975 961//1025 962//1027
f 893//975 962//1027 894//977
f 894//977 962//1027 963//1029
f 894//977 963//1029 895//978
f 895//978 963//1029 964//1031
f 895//978 964//1031 896//980
f 896//980 964//1031 965//1033
f 896//980 965//1033 897//981
f 897//981 965//1033 966//1035
f 897//981 966//1035 898//983
f 898//983 966//1035 967//1037
f 898//983 967//1037 899//984
f 899//984 967//1037 968//1039
f 899//984 968//1039 900//986
f 900//986 968//1039 969//1041
f 900//986 969//1041 901//987
f 901//987 969//1041 970//1043
f 901//987 970//1043 902//989
f 902//989 970//1043 971//1045
f 902//989 971//1045 903//990
f 903//990 971//1045 972//1047
f 903//990 972//1047 905//993
f 905//993 972//1047 973//1048
f 905//993 973//1048 904//992
f 904//992 973//1048 336//846
f 904//992 336//846 335//845
f 248//12 272//1049 270//1050
f 256//776 272//1049 248//12
f 248//12 268//1051 266//1052
f 269//1053 268//1051 248//12
f 248//12 262//1054 251//771
f 264//1055 262//1054 248//12
f 265//1056 264//1055 248//12
f 266//1052 265//1056 248//12
f 270//1050 269//1053 248//12
f 240//768 231//767 974//1057
f 240//768 974//1057 242//1057
f 242//1057 974//1057 975//1058
f 242//1057 975//1058 243//1059
f 243//1059 975//1058 976//1060
f 243//1059 976//1060 247//1060
f 247//1060 976//1060 977//1061
f 247//1060 977//1061 246//1061
f 246//1061 977//1061 978//1062
f 246//1061 978//1062 244//1062
f 244//1062 978//1062 979//1063
f 244//1062 979//1063 245//1063
f 245//1063 979//1063 980//1064
f 245//1063 980//1064 241//1065
f 241//1065 980//1064 223//759
f 241//1065 223//759 232//759
f 231//748 205//748 207//1066
f 231//748 207//1066 974//1066
f 974//1066 207//1066 200//1067
f 974//1066 200//1067 975//1067
f 975//1067 200//1067 201//1068
f 975//1067 201//1068 976//1068
f 976//1068 201//1068 202//1069
f 976//1068 202//1069 977//1069
f 977//1069 202//1069 197//1070
f 977//1069 197//1070 978//1070
f 978//1070 197//1070 198//1071
f 978//1070 198//1071 979//1071
f 979//1071 198//1071 199//1072
f 979//1071 199//1072 980//1072
f 980//1072 199//1072 215//739
f 980//1072 215//739 223//739
f 95//758 70//757 981//1073
f 95//758 981//1073 99//1073
f 99//1073 981//1073 982//1074
f 99//1073 982//1074 97//1074
f 97//1074 982//1074 983//1075
f 97//1074 983//1075 98//1075
f 98//1075 983//1075 984//1076
f 98//1075 984//1076 102//1076
f 102//1076 984//1076 985//1077
f 102//1076 985//1077 101//1078
f 101//1078 985//1077 986//1079
f 101//1078 986//1079 100//1079
f 100//1079 986//1079 987//1080
f 100//1079 987//1080 96//1080
f 96//1080 987//1080 85//749
f 96//1080 85//749 87//749
f 86//748 85//748 987//1066
f 86//748 987//1066 123//1066
f 123//1066 987//1066 986//1067
f 123//1066 986//1067 111//1067
f 111//1067 986//1067 985//1068
f 111//1067 985//1068 109//1068
f 109//1068 985//1068 984//1069
f 109//1068 984//1069 107//1069
f 107//1069 984//1069 983//1070
f 107//1069 983//1070 105//1070
f 105//1070 983//1070 982//1071
f 105//1070 982//1071 114//1071
f 114//1071 982//1071 981//1072
f 114//1071 981//1072 112//1072
f 112//1072 981//1072 70//739
f 112//1072 70//739 69//739
f 1016//1081 1017//1082 1018//1083
f 1018//1083 1017//1082 1019//1084
f 1020//1085 1021//1086 1019//1084
f 1019//1084 1021//1086 1022//1087
f 1019//1084 1022//1087 1018//1083
f 1023//1088 1024//1089 1025//1090
f 1025//1091 1024//1089 1026//1092
f 1025//1091 1026//1092 1020//1085
f 1020//1085 1026//1092 1027//1093
f 1020//1085 1027//1093 1021//1086
f 1023//1088 1025//1090 1028//1094
f 1028//1094 1025//1090 1029//1095
f 1028//1094 1029//1095 1030//1096
f 1030//1096 1029//1095 1031//1097
f 1031//1097 1029//1095 1032//1098
f 1031//1097 1032//1098 1033//1099
f 1034//1100 1035//1101 1036//1102
f 1036//1102 1037//1103 1034//1100
f 1034//1100 1037//1103 1038//1104
f 1034//1100 1038//1104 1032//1098
f 1032//1098 1038//1104 1039//1105
f 1032//1098 1039//1105 1033//1099
f 1040//1106 1041//1107 1042//1108
f 1042//1108 1041//1107 1043//1109
f 1042//1108 1043//1109 1035//1101
f 1035//1101 1043//1109 1044//1110
f 1035//1101 1044//1110 1036//1102
f 1045//1111 1046//1112 1047//1113
f 1047//1113 1048//1114 1045//1111
f 1045//1111 1048//1114 1049//1115
f 1045//1111 1049//1115 1042//1108
f 1042//1108 1049//1115 1050//1116
f 1042//1108 1050//1116 1040//1106
s 0
f 1051//12 1052//12 1053//12
f 1053//12 1052//12 1054//12
f 1053//12 1054//12 1055//12
f 1055//12 1054//12 1056//12
f 1055//12 1056//12 1057//12
f 1057//12 1056//12 1046//12
f 1057//12 1046//12 1058//12
f 1058//12 1046//12 1045//12
f 1058//12 1045//12 1059//12
f 1060//12 1025//12 1061//12
f 1061//12 1025//12 1020//12
f 1061//12 1020//12 1062//12
f 1062//12 1020//12 1019//12
f 1062//12 1019//12 1063//12
f 1063//12 1019//12 1017//12
f 1063//12 1017//12 1064//12
f 1017//12 1065//12 1064//12
f 1064//12 1065//12 1066//12
f 1064//12 1066//12 1067//12
f 1067//12 1066//12 1068//12
f 1067//12 1068//12 1069//12
f 1069//12 1068//12 1070//12
f 1069//12 1070//12 1071//12
f 1071//12 1070//12 1072//12
f 1071//12 1072//12 1051//12
f 1051//12 1072//12 1073//12
f 1051//12 1073//12 1052//12
f 1045//12 1042//12 1059//12
f 1059//12 1042//12 1035//12
f 1059//12 1035//12 1074//12
f 1074//12 1035//12 1034//12
f 1074//12 1034//12 1075//12
f 1075//12 1034//12 1032//12
f 1075//12 1032//12 1060//12
f 1060//12 1032//12 1029//12
f 1060//12 1029//12 1025//12
s 1
f 1229//1117 1230//1118 1231//1119
f 1231//1119 1230//1118 1232//1120
f 1233//1121 1234//1122 1232//1120
f 1232//1120 1234//1122 1235//1123
f 1232//1120 1235//1123 1231//1119
f 1236//691 1237//1124 1233//1121
f 1233//1121 1237//1124 1238//1125
f 1233//1121 1238//1125 1234//1122
f 1233//1121 1239//692 1236//691
f 1229//1117 1241//1126 1230//1118
f 1230//1118 1241//1126 1242//1127
f 1242//1127 1241//1126 1243//1128
f 1242//1127 1243//1128 1244//1128
f 1244//1128 1243//1128 1245//1129
f 1244//1128 1245//1129 1246//1129
f 1246//1129 1245//1129 1247//1130
f 1246//1129 1247//1130 1248//1130
f 1248//1130 1247//1130 1249//1131
f 1248//1130 1249//1131 1250//1132
f 1250//1132 1249//1131 819//1133
f 819//1133 1249//1131 818//1133
f 1251//1134 1252//1135 1253//1136
f 1251//1134 1253//1136 1254//1137
f 1253//1136 1255//1138 1254//1137
f 1254//1137 1255//1138 1256//1139
f 1254//1137 1256//1139 1257//1140
f 1257//1140 1256//1139 1258//1141
f 1257//1140 1258//1141 1259//695
f 1259//695 1258//1141 1260//696
f 1262//1142 1252//1135 1263//1143
f 1263//1143 1252//1135 1251//1134
f 1264//1144 1265//1145 1266//1146
f 1264//1144 1266//1146 1267//1146
f 1267//1146 1266//1146 1268//1147
f 1267//1146 1268//1147 1269//1147
f 1269//1147 1268//1147 1270//1148
f 1269//1147 1270//1148 1271//1148
f 1271//1148 1270//1148 1262//1142
f 1271//1148 1262//1142 1263//1143
f 768//1149 767//1149 1264//1144
f 1264//1144 767//1149 1265//1145
f 1237//1150 1236//704 1258//1151
f 1258//1151 1236//704 1260//703
f 1253//1152 1231//1153 1255//1154
f 1255//1154 1231//1153 1235//1154
f 1255//1154 1235//1154 1256//1155
f 1256//1155 1235//1154 1234//1156
f 1256//1155 1234//1156 1258//1151
f 1258//1151 1234//1156 1238//1157
f 1258//1151 1238//1157 1237//1150
f 1036//1158 1044//1159 1241//1160
f 1018//1161 1231//1153 1016//1162
f 1016//1162 1231//1153 1253//1152
f 1016//1162 1253//1152 1272//1161
f 1272//1161 1253//1152 1273//1162
f 1018//1161 1022//1161 1231//1153
f 1231//1153 1022//1161 1021//1162
f 1231//1153 1021//1162 1027//1163
f 1262//1164 1274//1165 1275//1166
f 1276//1162 1277//1163 1253//1152
f 1253//1152 1277//1163 1278//1163
f 1253//1152 1278//1163 1273//1162
s 0
f 1279//1163 1280//1163 1252//1163
f 1252//1163 1280//1163 1281//1163
s 1
f 1252//1163 1281//1163 1253//1153
f 1253//1152 1281//1163 1282//1163
f 1253//1152 1282//1163 1276//1162
f 1039//1163 1038//1163 1241//1160
f 1241//1160 1038//1163 1037//1163
f 1241//1160 1037//1163 1036//1158
f 1027//1163 1026//1163 1231//1153
f 1231//1153 1026//1163 1024//1163
f 1231//1153 1024//1163 1229//1163
s 0
f 1229//1162 1024//1162 1023//1162
f 1229//1163 1023//1163 1028//1163
s 1
f 1275//1166 1283//1163 1262//1164
f 1262//1164 1283//1163 1284//1162
f 1262//1164 1284//1162 1285//1162
f 1285//1162 1286//1167 1262//1164
f 1262//1164 1286//1167 1287//1163
f 1262//1164 1287//1163 1252//1163
s 0
f 1252//1163 1287//1163 1288//1163
f 1252//1162 1288//1162 1279//1162
f 1028//1162 1030//1162 1229//1162
f 1229//1163 1030//1163 1031//1163
s 1
f 1229//1163 1031//1163 1241//1160
f 1241//1160 1031//1163 1033//1163
f 1241//1160 1033//1163 1039//1163
f 1274//1165 1262//1164 1289//1168
f 1289//1168 1262//1164 1270//1169
f 1289//1168 1270//1169 1290//1170
f 1049//1171 1048//1172 1245//1173
f 1245//1173 1048//1172 1047//1174
f 1268//1175 1047//1174 1291//1176
f 1291//1176 1292//1177 1268//1175
f 1268//1175 1292//1177 1293//1178
f 1268//1175 1293//1178 1270//1169
f 1270//1169 1293//1178 1294//1179
f 1270//1169 1294//1179 1290//1170
f 1241//1160 1044//1159 1243//1180
f 1243//1180 1044//1159 1043//1181
f 1043//1181 1041//1182 1243//1180
f 1243//1180 1041//1182 1040//1183
f 1243//1180 1040//1183 1245//1173
f 1245//1173 1040//1183 1050//1184
f 1245//1173 1050//1184 1049//1171
f 1047//1174 1268//1175 1245//1173
f 1245//1173 1268//1175 1266//1185
f 1245//1173 1266//1185 1247//1185
f 1247//1185 1266//1185 1265//1186
f 1247//1185 1265//1186 1249//1186
f 1251//88 1254//88 1206//666
f 1254//88 1257//88 1206//666
f 1206//666 1257//88 1259//88
f 768//88 1264//88 1206//666
f 1206//666 1264//88 1267//88
f 1206//666 1267//88 1269//88
f 1269//88 1271//88 1206//666
f 1206//666 1271//88 1263//88
f 1206//666 1263//88 1251//88
f 1250//74 819//74 1222//682
f 1222//682 1239//74 1233//74
f 1222//682 1233//74 1232//74
f 1232//74 1230//74 1222//682
f 1222//682 1230//74 1242//74
f 1222//682 1242//74 1244//74
f 1244//74 1246//74 1222//682
f 1222//682 1246//74 1248//74
f 1222//682 1248//74 1250//74
f 1249//1186 1265//1186 818//690
f 818//690 1265//1186 767//690
f 1047//1113 1046//1112 1291//1187
f 1291//1187 1046//1112 1056//1188
f 1291//1187 1056//1188 1292//1189
f 1292//1189 1056//1188 1293//1190
f 1293//1190 1056//1188 1054//1191
f 1293//1190 1054//1191 1294//1192
f 1275//1193 1274//1194 1052//1195
f 1052//1195 1274//1194 1289//1196
f 1052//1195 1289//1196 1054//1191
f 1054//1191 1289//1196 1290//1197
f 1054//1191 1290//1197 1294//1192
f 1275//1193 1052//1195 1283//1198
f 1283//1198 1052//1195 1073//1199
f 1283//1198 1073//1199 1284//1200
f 1284//1200 1073//1199 1285//1201
f 1285//1201 1073//1199 1072//1202
f 1285//1201 1072//1202 1286//1203
f 1070//1204 1288//1205 1072//1206
f 1072//1206 1288//1205 1287//1207
f 1072//1202 1287//1208 1286//1203
f 1068//1209 1280//1210 1070//1204
f 1070//1204 1280//1210 1279//1211
f 1070//1204 1279//1211 1288//1205
f 1066//1212 1282//1213 1068//1209
f 1068//1209 1282//1213 1281//1214
f 1068//1209 1281//1214 1280//1210
f 1273//1215 1278//1216 1065//1217
f 1065//1217 1278//1216 1277//1218
f 1065//1217 1277//1218 1066//1212
f 1066//1212 1277//1218 1276//1219
f 1066//1212 1276//1219 1282//1213
f 1273//1215 1065//1217 1272//1220
f 1272//1220 1065//1217 1017//1082
f 1272//1220 1017//1082 1016//1081
