# Blender 4.3.2
# www.blender.org
mtllib left_finger.mtl
o left_finger
v 0.004700 0.004456 -0.003224
v 0.003700 0.004456 -0.003224
v 0.003700 0.005290 -0.001505
v 0.004700 0.005290 -0.001505
v 0.003700 0.005486 0.000395
v 0.004700 0.005486 0.000395
v 0.003700 0.005020 0.002247
v 0.004700 0.005020 0.002247
v 0.003700 0.003949 0.003828
v 0.004700 0.003949 0.003828
v 0.003700 0.002401 0.004948
v 0.004700 0.002401 0.004948
v 0.003700 0.000564 0.005471
v 0.004700 0.000564 0.005471
v 0.003700 -0.001341 0.005334
v 0.004700 -0.001341 0.005334
v 0.003700 -0.003085 0.004554
v 0.004700 -0.003085 0.004554
v 0.003700 -0.004456 0.003224
v 0.004700 -0.004456 0.003224
v 0.003700 -0.005290 0.001505
v 0.004700 -0.005290 0.001505
v 0.003700 -0.005486 -0.000395
v 0.004700 -0.005486 -0.000395
v 0.003700 -0.005020 -0.002247
v 0.004700 -0.005020 -0.002247
v 0.003700 -0.003949 -0.003828
v 0.004700 -0.003949 -0.003828
v 0.003700 -0.002401 -0.004948
v 0.004700 -0.002401 -0.004948
v 0.003700 -0.000564 -0.005471
v 0.004700 -0.000564 -0.005471
v 0.003700 0.001341 -0.005334
v 0.004700 0.001341 -0.005334
v 0.003700 0.003085 -0.004554
v 0.004700 0.003085 -0.004554
v -0.005500 -0.004608 -0.003002
v -0.005500 -0.003303 -0.004397
v -0.005500 -0.003757 0.004017
v -0.005500 0.003303 0.004397
v -0.005500 0.001600 0.005262
v -0.005500 0.002156 -0.005060
v -0.005500 0.003757 -0.004017
v -0.005500 0.004904 -0.002490
v -0.005500 -0.001600 -0.005262
v -0.005500 0.000296 -0.005492
v -0.005500 0.005460 -0.000662
v -0.005500 0.005357 0.001245
v -0.005500 0.004608 0.003002
v -0.005500 -0.000296 0.005492
v -0.005500 -0.002156 0.005060
v -0.005500 -0.004904 0.002490
v -0.005500 -0.005460 0.000662
v -0.005500 -0.005357 -0.001245
v -0.006300 -0.004608 -0.003002
v -0.006300 -0.005357 -0.001245
v -0.006300 -0.005460 0.000662
v -0.006300 -0.004904 0.002490
v -0.006300 -0.003757 0.004017
v -0.006300 -0.002156 0.005060
v -0.006300 -0.000296 0.005492
v -0.006300 0.001600 0.005262
v -0.006300 0.003303 0.004397
v -0.006300 0.004608 0.003002
v -0.006300 0.005357 0.001245
v -0.006300 0.005460 -0.000662
v -0.006300 0.004904 -0.002490
v -0.006300 0.003757 -0.004017
v -0.006300 0.002156 -0.005060
v -0.006300 0.000296 -0.005492
v -0.006300 -0.001600 -0.005262
v -0.006300 -0.003303 -0.004397
v -0.012300 -0.000056 -0.002299
v -0.012200 -0.000059 -0.002399
v -0.012200 -0.001250 -0.002048
v -0.012300 -0.001198 -0.001963
v -0.012200 -0.002107 -0.001149
v -0.012300 -0.002019 -0.001101
v -0.012200 -0.002399 0.000059
v -0.012300 -0.002299 0.000056
v -0.012200 -0.002048 0.001250
v -0.012300 -0.001963 0.001198
v -0.012200 -0.001149 0.002107
v -0.012300 -0.001101 0.002019
v -0.012200 0.000059 0.002399
v -0.012300 0.000056 0.002299
v -0.012200 0.001250 0.002048
v -0.012300 0.001198 0.001963
v -0.012200 0.002107 0.001149
v -0.012300 0.002019 0.001101
v -0.012200 0.002399 -0.000059
v -0.012300 0.002299 -0.000056
v -0.012200 0.002048 -0.001250
v -0.012300 0.001963 -0.001198
v -0.012200 0.001149 -0.002107
v -0.012300 0.001101 -0.002019
v -0.012800 -0.000553 0.001014
v -0.012800 0.000602 0.000986
v -0.012800 -0.001154 0.000028
v -0.012800 0.001154 -0.000028
v -0.012800 -0.000602 -0.000986
v -0.012800 0.000553 -0.001014
v -0.014300 0.000553 -0.001014
v -0.014300 0.001154 -0.000028
v -0.014300 -0.000602 -0.000986
v -0.014300 -0.001154 0.000028
v -0.014300 -0.000553 0.001014
v -0.014300 0.000602 0.000986
v -0.014300 0.002401 0.000487
v -0.014300 0.002449 -0.000060
v -0.014300 -0.001009 0.002233
v -0.014300 -0.000487 0.002401
v -0.014300 0.001117 0.002181
v -0.014300 0.000603 0.002374
v -0.014300 0.000060 0.002449
v -0.014300 0.001480 -0.001952
v -0.014300 0.001009 -0.002233
v -0.014300 -0.002449 0.000060
v -0.014300 -0.002375 0.000603
v -0.014300 -0.001117 -0.002181
v -0.014300 -0.001574 -0.001878
v -0.014300 -0.002181 0.001117
v -0.014300 -0.001878 0.001574
v -0.014300 -0.001480 0.001952
v -0.014300 -0.001952 -0.001480
v -0.014300 -0.002233 -0.001009
v -0.014300 -0.002401 -0.000487
v -0.014300 0.000487 -0.002401
v -0.014300 -0.000060 -0.002449
v -0.014300 -0.000603 -0.002375
v -0.014300 0.001574 0.001878
v -0.014300 0.001952 0.001480
v -0.014300 0.002233 0.001009
v -0.014300 0.002375 -0.000603
v -0.014300 0.002181 -0.001117
v -0.014300 0.001878 -0.001574
v -0.014000 0.000067 0.002749
v -0.014150 0.000066 0.002709
v -0.014150 -0.000538 0.002656
v -0.014260 0.000064 0.002599
v -0.014260 -0.000516 0.002548
v -0.014260 -0.001070 0.002369
v -0.014260 -0.001571 0.002072
v -0.014260 -0.001992 0.001670
v -0.014260 -0.002314 0.001185
v -0.014260 -0.002520 0.000640
v -0.014260 -0.002599 0.000064
v -0.014260 -0.002548 -0.000516
v -0.014260 -0.002369 -0.001070
v -0.014260 -0.002072 -0.001571
v -0.014260 -0.001670 -0.001992
v -0.014260 -0.001185 -0.002314
v -0.014260 -0.000640 -0.002520
v -0.014260 -0.000064 -0.002599
v -0.014150 -0.001116 0.002469
v -0.014150 -0.001637 0.002159
v -0.014150 -0.002077 0.001741
v -0.014150 -0.002412 0.001235
v -0.014150 -0.002626 0.000667
v -0.014150 -0.002709 0.000066
v -0.014150 -0.002656 -0.000538
v -0.014150 -0.002469 -0.001116
v -0.014150 -0.002159 -0.001637
v -0.014150 -0.001741 -0.002077
v -0.014150 -0.001235 -0.002412
v -0.014150 -0.000667 -0.002626
v -0.014150 -0.000066 -0.002709
v -0.014000 -0.000546 0.002695
v -0.014000 -0.001132 0.002506
v -0.014000 -0.001661 0.002191
v -0.014000 -0.002107 0.001767
v -0.014000 -0.002448 0.001253
v -0.014000 -0.002665 0.000677
v -0.014000 -0.002749 0.000067
v -0.014000 -0.002695 -0.000546
v -0.014000 -0.002506 -0.001132
v -0.014000 -0.002191 -0.001661
v -0.014000 -0.001767 -0.002107
v -0.014000 -0.001253 -0.002448
v -0.014000 -0.000677 -0.002665
v -0.014000 -0.000067 -0.002749
v -0.014150 0.000538 -0.002656
v -0.014260 0.000516 -0.002548
v -0.014260 0.001070 -0.002369
v -0.014260 0.001571 -0.002072
v -0.014260 0.001992 -0.001670
v -0.014260 0.002314 -0.001185
v -0.014260 0.002520 -0.000640
v -0.014260 0.002599 -0.000064
v -0.014260 0.002548 0.000516
v -0.014260 0.002369 0.001070
v -0.014260 0.002072 0.001571
v -0.014260 0.001670 0.001992
v -0.014260 0.001185 0.002314
v -0.014260 0.000640 0.002520
v -0.014150 0.001116 -0.002469
v -0.014150 0.001637 -0.002159
v -0.014150 0.002077 -0.001741
v -0.014150 0.002412 -0.001235
v -0.014150 0.002626 -0.000667
v -0.014150 0.002709 -0.000066
v -0.014150 0.002656 0.000538
v -0.014150 0.002469 0.001116
v -0.014150 0.002159 0.001637
v -0.014150 0.001741 0.002077
v -0.014150 0.001235 0.002412
v -0.014150 0.000667 0.002626
v -0.014000 0.000546 -0.002695
v -0.014000 0.001132 -0.002506
v -0.014000 0.001661 -0.002191
v -0.014000 0.002107 -0.001767
v -0.014000 0.002448 -0.001253
v -0.014000 0.002665 -0.000677
v -0.014000 0.002749 -0.000067
v -0.014000 0.002695 0.000546
v -0.014000 0.002506 0.001132
v -0.014000 0.002191 0.001661
v -0.014000 0.001767 0.002107
v -0.014000 0.001253 0.002448
v -0.014000 0.000677 0.002665
v -0.012300 0.000067 0.002749
v -0.012300 -0.001132 0.002506
v -0.012300 -0.002107 0.001767
v -0.012300 -0.002665 0.000677
v -0.012300 -0.002695 -0.000546
v -0.012300 -0.002191 -0.001661
v -0.012300 -0.001253 -0.002448
v -0.012300 -0.000067 -0.002749
v -0.012300 0.001132 -0.002506
v -0.012300 0.002107 -0.001767
v -0.012300 0.002665 -0.000677
v -0.012300 0.002695 0.000546
v -0.012300 0.002191 0.001661
v -0.012300 0.001253 0.002448
v 0.012500 0.044703 0.005335
v 0.012800 0.044405 0.005300
v 0.012500 0.045077 0.004287
v 0.012800 0.044824 0.004126
v 0.012500 0.045869 0.003506
v 0.012800 0.045711 0.003251
v 0.012500 0.046922 0.003145
v 0.012800 0.046890 0.002847
v 0.012500 0.048026 0.003277
v 0.012800 0.048127 0.002995
v 0.012500 0.048965 0.003875
v 0.012800 0.049178 0.003664
v 0.012500 0.049550 0.004821
v 0.012800 0.049834 0.004724
v 0.012500 0.049668 0.005928
v 0.012800 0.049965 0.005963
v 0.012500 0.045406 0.007387
v 0.012500 0.044820 0.006441
v 0.012500 0.046344 0.007986
v 0.012500 0.047449 0.008117
v 0.012500 0.048501 0.007757
v 0.012500 0.049293 0.006975
v 0.010600 -0.002048 0.001250
v 0.010600 -0.002838 0.000972
v 0.010600 -0.002399 0.000059
v 0.010600 -0.002979 -0.000356
v 0.010600 -0.002107 -0.001149
v 0.010600 -0.002530 -0.001613
v 0.010600 -0.001250 -0.002048
v 0.010600 -0.001579 -0.002551
v 0.010600 -0.000059 -0.002399
v 0.010600 -0.000316 -0.002983
v 0.010600 0.001149 -0.002107
v 0.010600 0.001009 -0.002825
v 0.010600 0.002048 -0.001250
v 0.010600 0.002135 -0.002107
v 0.010600 0.002838 -0.000972
v 0.010600 0.002399 -0.000059
v 0.010600 0.002979 0.000356
v 0.010600 0.002107 0.001149
v 0.010600 0.002530 0.001613
v 0.010600 0.001250 0.002048
v 0.010600 0.001579 0.002551
v 0.010600 0.000059 0.002399
v 0.010600 0.000316 0.002983
v 0.010600 -0.001149 0.002107
v 0.010600 -0.001009 0.002825
v 0.010600 -0.002135 0.002107
v 0.012800 -0.002979 -0.000356
v 0.012800 -0.002530 -0.001613
v 0.012800 -0.001579 -0.002551
v 0.012800 -0.000316 -0.002983
v 0.012800 0.001009 -0.002825
v 0.012800 0.002135 -0.002107
v 0.012800 0.002838 -0.000972
v 0.012800 0.002979 0.000356
v -0.012200 -0.002135 0.002107
v -0.012200 -0.001009 0.002825
v -0.012200 0.000316 0.002983
v -0.012200 0.001579 0.002551
v -0.012200 0.002530 0.001613
v -0.012200 0.002979 0.000356
v -0.012200 0.002838 -0.000972
v -0.012200 0.002135 -0.002107
v -0.012200 0.001009 -0.002825
v -0.012200 -0.000316 -0.002983
v -0.012200 -0.001579 -0.002551
v -0.012200 -0.002530 -0.001613
v -0.012200 -0.002979 -0.000356
v -0.012200 -0.002838 0.000972
v -0.014400 0.002979 0.000356
v -0.014400 0.002838 -0.000972
v -0.014400 0.002135 -0.002107
v -0.014400 0.001009 -0.002825
v -0.014400 -0.000316 -0.002983
v -0.014400 -0.001579 -0.002551
v -0.014400 -0.002530 -0.001613
v -0.014400 -0.002979 -0.000356
v -0.014100 0.049668 0.005928
v -0.014400 0.049965 0.005963
v -0.014100 0.049550 0.004821
v -0.014400 0.049834 0.004724
v -0.014100 0.048965 0.003875
v -0.014400 0.049178 0.003664
v -0.014100 0.048026 0.003277
v -0.014400 0.048127 0.002995
v -0.014100 0.046922 0.003145
v -0.014400 0.046890 0.002847
v -0.014100 0.045869 0.003506
v -0.014400 0.045711 0.003251
v -0.014100 0.045077 0.004287
v -0.014400 0.044824 0.004126
v -0.014100 0.044703 0.005335
v -0.014400 0.044405 0.005300
v -0.014100 0.046344 0.007986
v -0.014100 0.047449 0.008117
v -0.014100 0.045406 0.007387
v -0.014100 0.048501 0.007757
v -0.014100 0.049293 0.006975
v -0.014100 0.044820 0.006441
v 0.004800 0.002788 -0.008795
v 0.010600 0.002788 -0.008795
v 0.004800 0.003269 -0.009996
v 0.010600 0.003269 -0.009996
v 0.004800 0.004286 -0.010796
v 0.010600 0.004286 -0.010796
v 0.004800 0.005567 -0.010981
v 0.010600 0.005567 -0.010981
v 0.004800 0.006768 -0.010500
v 0.010600 0.006768 -0.010500
v 0.004800 0.007568 -0.009483
v 0.010600 0.007568 -0.009483
v 0.004800 0.007753 -0.008202
v 0.010600 0.007753 -0.008202
v 0.010600 0.006280 -0.011323
v 0.010600 0.007406 -0.010606
v 0.010600 0.008108 -0.009471
v 0.010600 0.008249 -0.008143
v 0.010600 0.007272 -0.007001
v 0.010600 0.007800 -0.006886
v 0.010600 0.006255 -0.006200
v 0.010600 0.006850 -0.005948
v 0.010600 0.004974 -0.006016
v 0.010600 0.005587 -0.005515
v 0.010600 0.004261 -0.005673
v 0.010600 0.003773 -0.006497
v 0.010600 0.003135 -0.006391
v 0.010600 0.002972 -0.007514
v 0.010600 0.002432 -0.007526
v 0.010600 0.002292 -0.008854
v 0.010600 0.002741 -0.010111
v 0.010600 0.003691 -0.011049
v 0.010600 0.004954 -0.011482
v 0.012800 0.002292 -0.008854
v 0.012800 0.002741 -0.010111
v 0.012800 0.003691 -0.011049
v 0.012800 0.004954 -0.011482
v 0.012800 0.006280 -0.011323
v 0.012800 0.007406 -0.010606
v 0.012800 0.008108 -0.009471
v 0.012800 0.008249 -0.008143
v -0.012200 0.002788 -0.008795
v -0.006400 0.002788 -0.008795
v -0.012200 0.003269 -0.009996
v -0.006400 0.003269 -0.009996
v -0.012200 0.004286 -0.010796
v -0.006400 0.004286 -0.010796
v -0.012200 0.005567 -0.010981
v -0.006400 0.005567 -0.010981
v -0.012200 0.006768 -0.010500
v -0.006400 0.006768 -0.010500
v -0.012200 0.007568 -0.009483
v -0.006400 0.007568 -0.009483
v -0.012200 0.007753 -0.008202
v -0.006400 0.007753 -0.008202
v -0.012200 0.004954 -0.011482
v -0.012200 0.003691 -0.011049
v -0.012200 0.002741 -0.010111
v -0.012200 0.002292 -0.008854
v -0.012200 0.002972 -0.007514
v -0.012200 0.002432 -0.007526
v -0.012200 0.003773 -0.006497
v -0.012200 0.003135 -0.006391
v -0.012200 0.004974 -0.006016
v -0.012200 0.004261 -0.005673
v -0.012200 0.005587 -0.005515
v -0.012200 0.006255 -0.006200
v -0.012200 0.006850 -0.005948
v -0.012200 0.007272 -0.007001
v -0.012200 0.007800 -0.006886
v -0.012200 0.008249 -0.008143
v -0.012200 0.008108 -0.009471
v -0.012200 0.007406 -0.010606
v -0.012200 0.006280 -0.011323
v -0.014400 0.008249 -0.008143
v -0.014400 0.008108 -0.009471
v -0.014400 0.007406 -0.010606
v -0.014400 0.006280 -0.011323
v -0.014400 0.004954 -0.011482
v -0.014400 0.003691 -0.011049
v -0.014400 0.002741 -0.010111
v -0.014400 0.002292 -0.008854
v 0.004700 0.008555 -0.005022
v 0.004700 0.008437 -0.004029
v 0.004578 0.009163 -0.004949
v 0.004578 0.009045 -0.003956
v 0.004231 0.009679 -0.004887
v 0.004231 0.009560 -0.003895
v 0.003712 0.010023 -0.004846
v 0.003712 0.009905 -0.003853
v 0.003100 0.010144 -0.004832
v 0.003100 0.010026 -0.003839
v -0.004700 0.010144 -0.004832
v -0.004700 0.010026 -0.003839
v -0.005500 0.009931 -0.004857
v -0.005500 0.009813 -0.003864
v -0.006086 0.009350 -0.004927
v -0.006086 0.009231 -0.003934
v -0.006300 0.008555 -0.005022
v -0.006300 0.008437 -0.004029
v -0.006056 0.008064 -0.004073
v -0.006300 0.006848 -0.004218
v -0.005363 0.009095 -0.003950
v -0.004325 0.009784 -0.003868
v -0.003100 0.010026 -0.003839
v 0.002725 0.009784 -0.003868
v 0.001500 0.010026 -0.003839
v 0.004700 0.006848 -0.004218
v 0.004456 0.008064 -0.004073
v 0.003763 0.009095 -0.003950
v -0.009900 0.051498 0.011685
v -0.009900 0.051461 0.011999
v 0.008300 0.051498 0.011685
v 0.008300 0.051461 0.011999
v 0.004700 -0.005616 0.004869
v 0.004700 -0.005654 0.005183
v -0.006300 -0.005616 0.004869
v -0.006300 -0.005654 0.005183
v -0.007050 0.015753 0.008930
v -0.007050 0.020320 0.009475
v 0.002250 0.023498 0.009854
v 0.004513 0.013506 0.008662
v 0.003475 0.012817 0.008579
v 0.005206 0.014537 0.008785
v 0.002250 0.012575 0.008550
v 0.005450 0.015753 0.008930
v 0.005450 0.020320 0.009475
v -0.006806 0.021536 0.009620
v -0.006113 0.022567 0.009743
v -0.003850 0.012575 0.008550
v -0.005075 0.012817 0.008579
v -0.006113 0.013506 0.008662
v -0.003850 0.023498 0.009854
v -0.005075 0.023256 0.009825
v 0.004513 0.022567 0.009743
v 0.005206 0.021536 0.009620
v 0.003475 0.023256 0.009825
v -0.006806 0.014537 0.008785
v -0.012400 -0.006182 0.003647
v -0.012400 -0.005972 0.004427
v -0.013165 -0.005828 0.004377
v -0.014132 -0.000889 0.007447
v -0.014248 -0.000861 0.007214
v -0.014248 -0.001900 0.006970
v -0.014248 -0.005035 0.002985
v -0.014400 -0.004274 0.002904
v -0.014400 -0.004268 0.002008
v -0.014400 -0.000770 0.006454
v -0.014400 -0.001642 0.006249
v -0.014400 -0.002447 0.005855
v -0.014248 -0.002858 0.006501
v -0.014400 -0.003143 0.005292
v -0.014248 -0.003688 0.005830
v -0.014400 -0.003697 0.004588
v -0.014248 -0.004348 0.004991
v -0.013400 -0.000976 0.008174
v -0.013814 -0.000938 0.007858
v -0.013814 -0.002118 0.007581
v -0.013814 -0.003207 0.007048
v -0.013814 -0.004150 0.006285
v -0.013814 -0.004899 0.005333
v -0.014248 -0.005028 0.001918
v -0.014132 -0.005261 0.001890
v -0.013814 -0.005680 0.003053
v -0.013165 -0.002264 0.007989
v -0.013165 -0.003440 0.007413
v -0.013165 -0.004458 0.006590
v -0.013165 -0.005268 0.005561
v -0.012400 -0.002315 0.008132
v -0.012400 -0.001007 0.008440
v -0.013165 -0.000989 0.008289
v -0.012400 -0.005534 0.005409
v -0.012400 -0.005397 0.005641
v -0.012400 -0.004567 0.006697
v -0.012400 -0.004373 0.006884
v -0.012400 -0.003522 0.007542
v -0.012400 -0.002814 0.007929
v -0.013814 -0.005418 0.004237
v -0.014248 -0.004804 0.004027
v -0.014400 -0.004080 0.003779
v -0.012400 -0.006263 0.003115
v -0.013165 -0.006111 0.003099
v -0.013814 -0.005672 0.001841
v -0.013400 -0.005988 0.001803
v -0.013165 -0.006103 0.001789
v -0.012400 -0.006254 0.001771
v -0.012400 0.046178 0.014071
v -0.013165 0.046196 0.013920
v -0.013400 0.046210 0.013805
v -0.013814 0.046247 0.013490
v -0.014132 0.046296 0.013078
v -0.014248 0.046324 0.012846
v -0.014400 0.046415 0.012085
v -0.012400 -0.005958 -0.000711
v -0.013165 -0.005807 -0.000693
v -0.013400 -0.005692 -0.000679
v -0.013814 -0.005376 -0.000642
v -0.014132 -0.004965 -0.000593
v -0.014248 -0.004732 -0.000565
v -0.014400 -0.003972 -0.000474
v -0.012400 0.048054 0.014000
v -0.012400 0.048833 0.013790
v -0.013165 0.048784 0.013646
v -0.014132 0.051854 0.008706
v -0.014248 0.051621 0.008678
v -0.014248 0.051376 0.009717
v -0.014248 0.047391 0.012852
v -0.014400 0.047311 0.012091
v -0.014400 0.050861 0.008588
v -0.014400 0.050656 0.009460
v -0.014400 0.050262 0.010264
v -0.014248 0.050907 0.010676
v -0.014400 0.049699 0.010961
v -0.014248 0.050236 0.011505
v -0.014400 0.048995 0.011515
v -0.014248 0.049398 0.012165
v -0.013400 0.052581 0.008793
v -0.013814 0.052265 0.008755
v -0.013814 0.051987 0.009935
v -0.013814 0.051454 0.011024
v -0.013814 0.050692 0.011967
v -0.013814 0.049739 0.012717
v -0.013814 0.047460 0.013498
v -0.013165 0.052396 0.010081
v -0.013165 0.051820 0.011257
v -0.013165 0.050997 0.012276
v -0.013165 0.049967 0.013085
v -0.012400 0.052539 0.010133
v -0.012400 0.052847 0.008825
v -0.013165 0.052695 0.008807
v -0.012400 0.049815 0.013352
v -0.012400 0.050048 0.013215
v -0.012400 0.051103 0.012384
v -0.012400 0.051291 0.012191
v -0.012400 0.051948 0.011339
v -0.012400 0.052335 0.010631
v -0.013814 0.048643 0.013236
v -0.014248 0.048433 0.012622
v -0.014400 0.048185 0.011898
v -0.012400 0.047521 0.014080
v -0.013165 0.047505 0.013929
v -0.014248 -0.004497 -0.001575
v -0.014400 -0.003775 -0.001322
v -0.014400 -0.003399 -0.002108
v -0.013814 -0.005110 -0.001790
v -0.014248 -0.004050 -0.002512
v -0.014132 -0.004249 -0.002635
v -0.013165 -0.005519 -0.001933
v -0.012400 -0.005663 -0.001984
v -0.013814 -0.004601 -0.002854
v -0.013400 -0.004871 -0.003021
v -0.013165 -0.004970 -0.003082
v -0.012400 -0.005099 -0.003162
v -0.014400 0.051157 0.006105
v -0.014248 0.051917 0.006196
v -0.014132 0.052150 0.006224
v -0.013814 0.052561 0.006273
v -0.013400 0.052877 0.006311
v -0.013165 0.052992 0.006324
v -0.012400 0.053143 0.006342
v -0.014400 0.001871 -0.010607
v -0.014248 0.001221 -0.011010
v -0.014132 0.001021 -0.011134
v -0.013814 0.000669 -0.011352
v -0.013400 0.000399 -0.011519
v -0.013165 0.000301 -0.011580
v -0.012400 0.000171 -0.011661
v -0.012400 0.053071 0.004466
v -0.012400 0.052861 0.003687
v -0.013165 0.052717 0.003736
v -0.014132 0.047778 0.000667
v -0.014248 0.047750 0.000900
v -0.014248 0.048789 0.001144
v -0.014248 0.051924 0.005129
v -0.014400 0.051163 0.005210
v -0.014400 0.047659 0.001660
v -0.014400 0.048531 0.001865
v -0.014400 0.049335 0.002258
v -0.014248 0.049747 0.001613
v -0.014400 0.050032 0.002822
v -0.014248 0.050577 0.002284
v -0.014400 0.050586 0.003526
v -0.014248 0.051237 0.003123
v -0.013400 0.047864 -0.000060
v -0.013814 0.047827 0.000255
v -0.013814 0.049007 0.000533
v -0.013814 0.050096 0.001066
v -0.013814 0.051039 0.001828
v -0.013814 0.051788 0.002781
v -0.013814 0.052569 0.005061
v -0.013165 0.049153 0.000125
v -0.013165 0.050329 0.000700
v -0.013165 0.051347 0.001524
v -0.013165 0.052157 0.002553
v -0.012400 0.049204 -0.000019
v -0.012400 0.047896 -0.000326
v -0.013165 0.047878 -0.000175
v -0.012400 0.052423 0.002705
v -0.012400 0.052286 0.002473
v -0.012400 0.051456 0.001417
v -0.012400 0.051262 0.001229
v -0.012400 0.050411 0.000572
v -0.012400 0.049702 0.000185
v -0.013814 0.052307 0.003877
v -0.014248 0.051693 0.004087
v -0.014400 0.050969 0.004335
v -0.012400 0.053152 0.004999
v -0.013165 0.053000 0.005015
v -0.012400 0.001492 -0.013159
v -0.012400 0.000997 -0.012710
v -0.013165 0.001105 -0.012603
v -0.014400 0.002421 -0.011306
v -0.014248 0.001876 -0.011843
v -0.013814 0.001414 -0.012299
v -0.014400 0.003911 -0.012260
v -0.014400 0.004777 -0.012468
v -0.014248 0.003651 -0.012980
v -0.014248 0.004683 -0.013227
v -0.013814 0.003431 -0.013591
v -0.013814 0.004603 -0.013871
v -0.013165 0.003284 -0.013998
v -0.013165 0.004549 -0.014301
v -0.012400 0.003232 -0.014141
v -0.014400 0.005667 -0.012479
v -0.014400 0.006538 -0.012292
v -0.014248 0.005743 -0.013240
v -0.014248 0.006780 -0.013018
v -0.013814 0.005808 -0.013886
v -0.013814 0.006986 -0.013634
v -0.013165 0.005851 -0.014317
v -0.013165 0.007123 -0.014045
v -0.014400 0.007345 -0.011918
v -0.014248 0.007743 -0.012572
v -0.013814 0.008079 -0.013127
v -0.013165 0.008304 -0.013498
v -0.014400 0.008050 -0.011374
v -0.014400 0.008618 -0.010688
v -0.014248 0.008582 -0.011925
v -0.014248 0.009258 -0.011107
v -0.013814 0.009033 -0.012391
v -0.013814 0.009801 -0.011463
v -0.013165 0.009335 -0.012703
v -0.013165 0.010164 -0.011700
v -0.012400 0.002034 -0.013551
v -0.013165 0.002116 -0.013423
v -0.013814 0.002350 -0.013058
v -0.014248 0.002700 -0.012511
v -0.014400 0.003113 -0.011867
v -0.012400 0.005866 -0.014469
v -0.012400 0.005198 -0.014498
v -0.012400 0.004531 -0.014453
v -0.012400 0.007172 -0.014189
v -0.012400 0.009440 -0.012812
v -0.012400 0.008934 -0.013250
v -0.012400 0.008383 -0.013628
v -0.012400 0.010291 -0.011783
v -0.012400 0.045826 -0.000573
v -0.013165 0.045808 -0.000422
v -0.013400 0.045795 -0.000307
v -0.013814 0.045757 0.000008
v -0.014132 0.045708 0.000420
v -0.014248 0.045680 0.000653
v -0.014400 0.045589 0.001413
v -0.014400 0.013716 -0.002896
v -0.014248 0.014356 -0.003315
v -0.013814 0.014899 -0.003670
v -0.013165 0.015262 -0.003907
v -0.012400 0.015390 -0.003991
v -0.014248 0.044960 0.000622
v -0.014400 0.044985 0.001386
v -0.013814 0.044939 -0.000027
v -0.014400 0.044383 0.001452
v -0.014248 0.044243 0.000700
v -0.013814 0.044124 0.000062
v -0.013165 0.044045 -0.000365
v -0.013165 0.044925 -0.000460
v -0.012400 0.044017 -0.000514
v -0.012400 0.044920 -0.000612
v -0.014132 0.019868 -0.000147
v -0.013814 0.019917 -0.000558
v -0.013814 0.018725 -0.000807
v -0.013165 0.018851 -0.001222
v -0.012400 0.018895 -0.001368
v -0.013165 0.017790 -0.001646
v -0.012400 0.018196 -0.001624
v -0.012400 0.017859 -0.001782
v -0.012400 0.016911 -0.002370
v -0.013165 0.016820 -0.002248
v -0.012400 0.016619 -0.002602
v -0.013165 0.015968 -0.003010
v -0.012400 0.016079 -0.003114
v -0.012400 0.019987 -0.001139
v -0.013165 0.019969 -0.000988
v -0.013400 0.019955 -0.000873
v -0.013814 0.017595 -0.001259
v -0.013814 0.016560 -0.001901
v -0.013814 0.015652 -0.002713
v -0.014400 0.019750 0.000846
v -0.014248 0.019841 0.000086
v -0.014248 0.018538 -0.000186
v -0.014248 0.017302 -0.000680
v -0.014248 0.016171 -0.001382
v -0.014248 0.015179 -0.002269
v -0.014400 0.018317 0.000547
v -0.014400 0.016957 0.000003
v -0.014400 0.015713 -0.000769
v -0.014400 0.014621 -0.001745
v -0.014400 0.038004 0.002640
v -0.014248 0.037864 0.001887
v -0.013814 0.037745 0.001249
v -0.013165 0.037665 0.000823
v -0.012400 0.037638 0.000674
v -0.012400 0.035708 0.000737
v -0.013165 0.035690 0.000888
v -0.013400 0.035676 0.001003
v -0.013814 0.035638 0.001318
v -0.014132 0.035589 0.001730
v -0.014248 0.035561 0.001963
v -0.014400 0.035471 0.002723
v -0.013165 0.036680 0.000931
v -0.012400 0.036675 0.000778
v -0.013814 0.036694 0.001364
v -0.014248 0.036715 0.002012
v -0.014400 0.036740 0.002777
v 0.011800 -0.000976 0.008174
v 0.011565 -0.000989 0.008289
v 0.011565 -0.002264 0.007989
v 0.011565 -0.006111 0.003099
v 0.010800 -0.006263 0.003115
v 0.010800 -0.006254 0.001771
v 0.010800 -0.001007 0.008440
v 0.010800 -0.002315 0.008132
v 0.010800 -0.002814 0.007929
v 0.011565 -0.003440 0.007413
v 0.010800 -0.003522 0.007542
v 0.010800 -0.004373 0.006884
v 0.011565 -0.004458 0.006590
v 0.010800 -0.004567 0.006697
v 0.010800 -0.005397 0.005641
v 0.011565 -0.005268 0.005561
v 0.010800 -0.005534 0.005409
v 0.011565 -0.005828 0.004377
v 0.010800 -0.005972 0.004427
v 0.010800 -0.006182 0.003647
v 0.012532 -0.000889 0.007447
v 0.012214 -0.000938 0.007858
v 0.012214 -0.002118 0.007581
v 0.012214 -0.003207 0.007048
v 0.012214 -0.004150 0.006285
v 0.012214 -0.004899 0.005333
v 0.012214 -0.005418 0.004237
v 0.012214 -0.005680 0.003053
v 0.012800 -0.000770 0.006454
v 0.012648 -0.000861 0.007214
v 0.012648 -0.001900 0.006970
v 0.011565 -0.006103 0.001789
v 0.011800 -0.005988 0.001803
v 0.012214 -0.005672 0.001841
v 0.012532 -0.005261 0.001890
v 0.012648 -0.002858 0.006501
v 0.012648 -0.003688 0.005830
v 0.012648 -0.004348 0.004991
v 0.012648 -0.004804 0.004027
v 0.012648 -0.005035 0.002985
v 0.012648 -0.005028 0.001918
v 0.012800 -0.001642 0.006249
v 0.012800 -0.002447 0.005855
v 0.012800 -0.003143 0.005292
v 0.012800 -0.003697 0.004588
v 0.012800 -0.004080 0.003779
v 0.012800 -0.004274 0.002904
v 0.012800 -0.004268 0.002008
v 0.012800 0.046415 0.012085
v 0.012648 0.046324 0.012846
v 0.012532 0.046296 0.013078
v 0.012214 0.046247 0.013490
v 0.011800 0.046210 0.013805
v 0.011565 0.046196 0.013920
v 0.010800 0.046178 0.014071
v 0.012800 -0.003972 -0.000474
v 0.012648 -0.004732 -0.000565
v 0.012532 -0.004965 -0.000593
v 0.012214 -0.005376 -0.000642
v 0.011800 -0.005692 -0.000679
v 0.011565 -0.005807 -0.000693
v 0.010800 -0.005958 -0.000711
v 0.011800 0.052581 0.008793
v 0.011565 0.052695 0.008807
v 0.011565 0.052396 0.010081
v 0.011565 0.047505 0.013929
v 0.010800 0.047521 0.014080
v 0.010800 0.052847 0.008825
v 0.010800 0.052539 0.010133
v 0.010800 0.052335 0.010631
v 0.011565 0.051820 0.011257
v 0.010800 0.051948 0.011339
v 0.010800 0.051291 0.012191
v 0.011565 0.050997 0.012276
v 0.010800 0.051103 0.012384
v 0.010800 0.050048 0.013215
v 0.011565 0.049967 0.013085
v 0.010800 0.049815 0.013352
v 0.011565 0.048784 0.013646
v 0.010800 0.048833 0.013790
v 0.010800 0.048054 0.014000
v 0.012532 0.051854 0.008706
v 0.012214 0.052265 0.008755
v 0.012214 0.051987 0.009935
v 0.012214 0.051454 0.011024
v 0.012214 0.050692 0.011967
v 0.012214 0.049739 0.012717
v 0.012214 0.048643 0.013236
v 0.012214 0.047460 0.013498
v 0.012800 0.050861 0.008588
v 0.012648 0.051621 0.008678
v 0.012648 0.051376 0.009717
v 0.012648 0.050907 0.010676
v 0.012648 0.050236 0.011505
v 0.012648 0.049398 0.012165
v 0.012648 0.048433 0.012622
v 0.012648 0.047391 0.012852
v 0.012800 0.050656 0.009460
v 0.012800 0.050262 0.010264
v 0.012800 0.049699 0.010961
v 0.012800 0.048995 0.011515
v 0.012800 0.048185 0.011898
v 0.012800 0.047311 0.012091
v 0.011565 -0.005519 -0.001933
v 0.010800 -0.005663 -0.001984
v 0.010800 -0.005099 -0.003162
v 0.012214 -0.005110 -0.001790
v 0.011565 -0.004970 -0.003082
v 0.011800 -0.004871 -0.003021
v 0.012648 -0.004497 -0.001575
v 0.012800 -0.003775 -0.001322
v 0.012214 -0.004601 -0.002854
v 0.012532 -0.004249 -0.002635
v 0.012648 -0.004050 -0.002512
v 0.012800 -0.003399 -0.002108
v 0.010800 0.053143 0.006342
v 0.011565 0.052992 0.006324
v 0.011800 0.052877 0.006311
v 0.012214 0.052561 0.006273
v 0.012532 0.052150 0.006224
v 0.012648 0.051917 0.006196
v 0.012800 0.051157 0.006105
v 0.010800 0.000171 -0.011661
v 0.011565 0.000301 -0.011580
v 0.011800 0.000399 -0.011519
v 0.012214 0.000669 -0.011352
v 0.012532 0.001021 -0.011134
v 0.012648 0.001221 -0.011010
v 0.012800 0.001871 -0.010607
v 0.011800 0.047864 -0.000060
v 0.011565 0.047878 -0.000175
v 0.011565 0.049153 0.000125
v 0.011565 0.053000 0.005015
v 0.010800 0.053152 0.004999
v 0.010800 0.047896 -0.000326
v 0.010800 0.049204 -0.000019
v 0.010800 0.049702 0.000185
v 0.011565 0.050329 0.000700
v 0.010800 0.050411 0.000572
v 0.010800 0.051262 0.001229
v 0.011565 0.051347 0.001524
v 0.010800 0.051456 0.001417
v 0.010800 0.052286 0.002473
v 0.011565 0.052157 0.002553
v 0.010800 0.052423 0.002705
v 0.011565 0.052717 0.003736
v 0.010800 0.052861 0.003687
v 0.010800 0.053071 0.004466
v 0.012532 0.047778 0.000667
v 0.012214 0.047827 0.000255
v 0.012214 0.049007 0.000533
v 0.012214 0.050096 0.001066
v 0.012214 0.051039 0.001828
v 0.012214 0.051788 0.002781
v 0.012214 0.052307 0.003877
v 0.012214 0.052569 0.005061
v 0.012800 0.047659 0.001660
v 0.012648 0.047750 0.000900
v 0.012648 0.048789 0.001144
v 0.012648 0.049747 0.001613
v 0.012648 0.050577 0.002284
v 0.012648 0.051237 0.003123
v 0.012648 0.051693 0.004087
v 0.012648 0.051924 0.005129
v 0.012800 0.048531 0.001865
v 0.012800 0.049335 0.002258
v 0.012800 0.050032 0.002822
v 0.012800 0.050586 0.003526
v 0.012800 0.050969 0.004335
v 0.012800 0.051163 0.005210
v 0.011565 0.001105 -0.012603
v 0.010800 0.000997 -0.012710
v 0.010800 0.001492 -0.013159
v 0.011565 0.002116 -0.013423
v 0.010800 0.002034 -0.013551
v 0.010800 0.003232 -0.014141
v 0.011565 0.003284 -0.013998
v 0.010800 0.004531 -0.014453
v 0.011565 0.004549 -0.014301
v 0.010800 0.005198 -0.014498
v 0.011565 0.005851 -0.014317
v 0.010800 0.005866 -0.014469
v 0.010800 0.007172 -0.014189
v 0.011565 0.007123 -0.014045
v 0.010800 0.008383 -0.013628
v 0.011565 0.008304 -0.013498
v 0.010800 0.008934 -0.013250
v 0.011565 0.009335 -0.012703
v 0.010800 0.009440 -0.012812
v 0.010800 0.010291 -0.011783
v 0.011565 0.010164 -0.011700
v 0.012214 0.001414 -0.012299
v 0.012214 0.002350 -0.013058
v 0.012214 0.003431 -0.013591
v 0.012214 0.004603 -0.013871
v 0.012214 0.005808 -0.013886
v 0.012214 0.006986 -0.013634
v 0.012214 0.008079 -0.013127
v 0.012214 0.009033 -0.012391
v 0.012214 0.009801 -0.011463
v 0.012648 0.001876 -0.011843
v 0.012648 0.002700 -0.012511
v 0.012648 0.003651 -0.012980
v 0.012648 0.004683 -0.013227
v 0.012648 0.005743 -0.013240
v 0.012648 0.006780 -0.013018
v 0.012648 0.007743 -0.012572
v 0.012648 0.008582 -0.011925
v 0.012648 0.009258 -0.011107
v 0.012800 0.002421 -0.011306
v 0.012800 0.003113 -0.011867
v 0.012800 0.003911 -0.012260
v 0.012800 0.004777 -0.012468
v 0.012800 0.005667 -0.012479
v 0.012800 0.006538 -0.012292
v 0.012800 0.007345 -0.011918
v 0.012800 0.008050 -0.011374
v 0.012800 0.008618 -0.010688
v 0.012800 0.045589 0.001413
v 0.012648 0.045680 0.000653
v 0.012532 0.045708 0.000420
v 0.012214 0.045757 0.000008
v 0.011800 0.045795 -0.000307
v 0.011565 0.045808 -0.000422
v 0.010800 0.045826 -0.000573
v 0.012800 0.013716 -0.002896
v 0.012648 0.014356 -0.003315
v 0.012214 0.014899 -0.003670
v 0.011565 0.015262 -0.003907
v 0.010800 0.015390 -0.003991
v 0.011565 0.044925 -0.000460
v 0.010800 0.044920 -0.000612
v 0.010800 0.044017 -0.000514
v 0.011565 0.044045 -0.000365
v 0.011800 0.044066 -0.000251
v 0.012214 0.044939 -0.000027
v 0.012648 0.044960 0.000622
v 0.012532 0.044200 0.000469
v 0.012214 0.044124 0.000062
v 0.012800 0.044985 0.001386
v 0.012800 0.044383 0.001452
v 0.012648 0.044243 0.000700
v 0.010800 0.018196 -0.001624
v 0.010800 0.018895 -0.001368
v 0.011565 0.018851 -0.001222
v 0.012800 0.016957 0.000003
v 0.012800 0.015713 -0.000769
v 0.012648 0.017302 -0.000680
v 0.012648 0.016171 -0.001382
v 0.012214 0.017595 -0.001259
v 0.012214 0.016560 -0.001901
v 0.011565 0.017790 -0.001646
v 0.011565 0.016820 -0.002248
v 0.010800 0.017859 -0.001782
v 0.012800 0.014621 -0.001745
v 0.012648 0.015179 -0.002269
v 0.012214 0.015652 -0.002713
v 0.011565 0.015968 -0.003010
v 0.012800 0.019750 0.000846
v 0.012800 0.018317 0.000547
v 0.012648 0.019841 0.000086
v 0.012648 0.018538 -0.000186
v 0.012214 0.019917 -0.000558
v 0.012214 0.018725 -0.000807
v 0.011565 0.019969 -0.000988
v 0.010800 0.019987 -0.001139
v 0.010800 0.016079 -0.003114
v 0.010800 0.016619 -0.002602
v 0.010800 0.016911 -0.002370
v 0.010800 0.037638 0.000674
v 0.011565 0.037665 0.000823
v 0.011800 0.037687 0.000937
v 0.012214 0.037745 0.001249
v 0.012532 0.037821 0.001657
v 0.012648 0.037864 0.001887
v 0.012800 0.038004 0.002640
v 0.012800 0.035471 0.002723
v 0.012648 0.035561 0.001963
v 0.012214 0.035638 0.001318
v 0.011565 0.035690 0.000888
v 0.010800 0.035708 0.000737
v 0.012800 0.036740 0.002777
v 0.012648 0.036715 0.002012
v 0.011565 0.036680 0.000931
v 0.012214 0.036694 0.001364
v 0.010800 0.036675 0.000778
v 0.008300 0.047864 0.011755
v 0.008300 0.047805 0.012251
v 0.008178 0.048472 0.011827
v 0.008178 0.048413 0.012324
v 0.007831 0.048988 0.011889
v 0.007831 0.048928 0.012385
v 0.007312 0.049332 0.011930
v 0.007312 0.049273 0.012427
v 0.006700 0.049453 0.011945
v 0.006700 0.049394 0.012441
v -0.008300 0.049453 0.011945
v -0.008300 0.049394 0.012441
v -0.009100 0.049240 0.011919
v -0.009100 0.049181 0.012416
v -0.009686 0.048659 0.011850
v -0.009686 0.048599 0.012346
v -0.009900 0.047864 0.011755
v -0.009900 0.047805 0.012251
v 0.004700 -0.002160 0.006288
v 0.004700 -0.002101 0.005792
v 0.004578 -0.002768 0.006216
v 0.004578 -0.002709 0.005719
v 0.004231 -0.003284 0.006154
v 0.004231 -0.003225 0.005658
v 0.003712 -0.003628 0.006113
v 0.003712 -0.003569 0.005617
v 0.003100 -0.003749 0.006099
v 0.003100 -0.003690 0.005602
v -0.004700 -0.003749 0.006099
v -0.004700 -0.003690 0.005602
v -0.005500 -0.003536 0.006124
v -0.005500 -0.003477 0.005628
v -0.006086 -0.002955 0.006193
v -0.006086 -0.002895 0.005697
v -0.006300 -0.002160 0.006288
v -0.006300 -0.002101 0.005792
v -0.009900 0.048857 0.011873
v -0.009686 0.049652 0.011968
v -0.009100 0.050233 0.012038
v -0.008300 0.050446 0.012063
v 0.006700 0.050446 0.012063
v 0.007500 0.050233 0.012038
v 0.008086 0.049652 0.011968
v 0.008300 0.048857 0.011873
v 0.004700 -0.003094 0.005673
v -0.005500 -0.004470 0.005509
v -0.006086 -0.003888 0.005578
v -0.006300 -0.003094 0.005673
v 0.004486 -0.003888 0.005578
v 0.003900 -0.004470 0.005509
v 0.003100 -0.004683 0.005484
v -0.004700 -0.004683 0.005484
v 0.004486 -0.003829 0.005082
v 0.004700 -0.003035 0.005177
v 0.003900 -0.004411 0.005013
v -0.006300 -0.003035 0.005177
v -0.006086 -0.003829 0.005082
v -0.005500 -0.004411 0.005013
v -0.004700 -0.004624 0.004987
v 0.003100 -0.004624 0.004987
v 0.008300 0.048916 0.011377
v 0.008086 0.049711 0.011472
v -0.009900 0.048916 0.011377
v -0.009686 0.049711 0.011472
v -0.009100 0.050292 0.011541
v 0.007500 0.050292 0.011541
v 0.006700 0.050505 0.011567
v -0.008300 0.050505 0.011567
v 0.008300 0.040556 0.011386
v 0.008300 0.040853 0.008904
v 0.008086 0.039762 0.011292
v 0.008086 0.040058 0.008809
v 0.007500 0.039181 0.011222
v 0.007500 0.039477 0.008740
v 0.006700 0.038968 0.011197
v 0.006700 0.039264 0.008714
v -0.008300 0.038968 0.011197
v -0.008300 0.039264 0.008714
v -0.009100 0.039181 0.011222
v -0.009100 0.039477 0.008740
v -0.009686 0.039762 0.011292
v -0.009686 0.040058 0.008809
v -0.009900 0.040556 0.011386
v -0.009900 0.040853 0.008904
v -0.006300 -0.003084 -0.006411
v -0.006400 -0.003084 -0.006411
v -0.006400 0.015237 -0.004224
v 0.004800 0.015237 -0.004224
v -0.006289 0.015237 -0.004224
v 0.004800 -0.003084 -0.006411
v 0.004700 -0.003084 -0.006411
v 0.004513 0.015047 -0.004247
v 0.004689 0.015237 -0.004224
v -0.006113 0.015047 -0.004247
v -0.005075 0.014358 -0.004329
v -0.003850 0.014116 -0.004358
v 0.002250 0.014116 -0.004358
v 0.003475 0.014358 -0.004329
v -0.006400 0.002972 -0.007514
v -0.006400 0.006255 -0.006200
v -0.006400 0.004974 -0.006016
v -0.006400 0.003773 -0.006497
v -0.006400 0.007272 -0.007001
v -0.006400 0.010291 -0.011783
v -0.006400 0.008934 -0.013250
v -0.006400 0.007172 -0.014189
v -0.006400 0.000171 -0.011661
v -0.006400 0.001492 -0.013159
v -0.006400 0.003232 -0.014141
v -0.006400 0.005198 -0.014498
v 0.004800 0.010291 -0.011783
v 0.004800 0.007272 -0.007001
v 0.004800 0.006255 -0.006200
v 0.004800 0.004974 -0.006016
v 0.004800 0.003773 -0.006497
v 0.004800 0.002972 -0.007514
v 0.004800 0.000171 -0.011661
v 0.004800 0.001492 -0.013159
v 0.004800 0.008934 -0.013250
v 0.004800 0.007172 -0.014189
v 0.004800 0.005198 -0.014498
v 0.004800 0.003232 -0.014141
v 0.005450 0.018196 -0.001624
v 0.005450 0.017086 -0.002244
v 0.005450 0.021565 -0.000951
v 0.005450 0.019987 -0.001139
v -0.007050 0.021565 -0.000951
v -0.007050 0.019987 -0.001139
v -0.007050 0.018196 -0.001624
v -0.007050 0.017086 -0.002244
v -0.006806 0.022781 -0.000806
v -0.006113 0.023811 -0.000683
v -0.005075 0.024500 -0.000601
v -0.003850 0.024742 -0.000572
v 0.002250 0.024742 -0.000572
v 0.003475 0.024500 -0.000601
v 0.004513 0.023811 -0.000683
v 0.005206 0.022781 -0.000806
v -0.009900 0.040753 0.008892
v -0.009900 0.041827 -0.000107
v -0.009900 0.044017 -0.000514
v -0.009900 0.045826 -0.000573
v -0.009900 0.047896 -0.000326
v -0.009900 0.049702 0.000185
v -0.009900 0.051262 0.001229
v -0.009900 0.052423 0.002705
v -0.009900 0.053071 0.004466
v -0.009900 0.053143 0.006342
v -0.009900 0.052847 0.008825
v -0.009900 0.052335 0.010631
v 0.008300 0.041827 -0.000107
v 0.008300 0.040753 0.008892
v 0.008300 0.047896 -0.000326
v 0.008300 0.045826 -0.000573
v 0.008300 0.044017 -0.000514
v 0.008300 0.053143 0.006342
v 0.008300 0.053071 0.004466
v 0.008300 0.052847 0.008825
v 0.008300 0.052335 0.010631
v 0.008300 0.052423 0.002705
v 0.008300 0.051262 0.001229
v 0.008300 0.049702 0.000185
v 0.008400 0.031891 0.000281
v 0.008400 0.031003 0.007728
v 0.008400 0.035708 0.000737
v 0.008400 0.039965 0.008798
v 0.008400 0.037638 0.000674
v 0.008400 0.041010 0.000046
v 0.008156 0.029787 0.007583
v 0.008156 0.030675 0.000136
v 0.007463 0.028756 0.007460
v 0.007463 0.029645 0.000013
v 0.006425 0.028067 0.007378
v 0.006425 0.028956 -0.000069
v 0.005200 0.027825 0.007349
v 0.005200 0.028714 -0.000098
v -0.006800 0.027825 0.007349
v -0.006800 0.028714 -0.000098
v -0.008025 0.028067 0.007378
v -0.008025 0.028956 -0.000069
v -0.009063 0.028756 0.007460
v -0.009063 0.029645 0.000013
v -0.009756 0.029787 0.007583
v -0.009756 0.030675 0.000136
v -0.010000 0.031003 0.007728
v -0.010000 0.031891 0.000281
v -0.010000 0.037638 0.000674
v -0.010000 0.041010 0.000046
v -0.010000 0.039965 0.008798
v -0.010000 0.035708 0.000737
v 0.008375 0.041422 -0.000031
v -0.009975 0.041422 -0.000031
v -0.014400 0.007800 -0.006886
v -0.014400 -0.002135 0.002107
v -0.014400 -0.001009 0.002825
v -0.014400 0.049546 0.007137
v -0.014400 0.048659 0.008012
v -0.014400 0.047480 0.008416
v -0.014400 0.000316 0.002983
v -0.014400 0.001579 0.002551
v -0.014400 0.046243 0.008268
v -0.014400 -0.002838 0.000972
v -0.014400 0.003135 -0.006391
v -0.014400 0.004261 -0.005673
v -0.014400 0.005587 -0.005515
v -0.014400 0.002432 -0.007526
v -0.014400 0.002530 0.001613
v -0.014400 0.006850 -0.005948
v -0.014400 0.044536 0.006539
v -0.014400 0.045192 0.007598
v -0.006300 -0.006182 0.003647
v 0.004700 -0.006182 0.003647
v -0.006300 -0.006254 0.001771
v 0.004700 -0.006254 0.001771
v -0.006300 -0.005958 -0.000711
v -0.006300 -0.005099 -0.003162
v -0.006300 -0.005663 -0.001984
v 0.005410 0.016619 -0.002602
v 0.005206 0.015971 -0.003232
v 0.004831 0.015390 -0.003991
v 0.012800 0.000316 0.002983
v 0.012800 0.001579 0.002551
v 0.012800 0.003135 -0.006391
v 0.012800 0.002432 -0.007526
v 0.012800 0.006850 -0.005948
v 0.012800 -0.001009 0.002825
v 0.012800 -0.002135 0.002107
v 0.012800 -0.002838 0.000972
v 0.012800 0.049546 0.007137
v 0.012800 0.048659 0.008012
v 0.012800 0.002530 0.001613
v 0.012800 0.005587 -0.005515
v 0.012800 0.004261 -0.005673
v 0.012800 0.007800 -0.006886
v 0.012800 0.044536 0.006539
v 0.012800 0.045192 0.007598
v 0.012800 0.046243 0.008268
v 0.012800 0.047480 0.008416
v 0.004700 -0.005958 -0.000711
v 0.004700 -0.005099 -0.003162
v 0.004700 -0.005663 -0.001984
v -0.006431 0.015390 -0.003991
v -0.006806 0.015971 -0.003232
v -0.007010 0.016619 -0.002602
v 0.004762 0.015312 -0.004109
v -0.006362 0.015312 -0.004109
v -0.006300 0.005485 0.007201
v -0.006056 0.006701 0.007346
v -0.005363 0.007732 0.007469
v -0.004325 0.008421 0.007551
v -0.003100 0.008663 0.007580
v 0.001500 0.008663 0.007580
v 0.002725 0.008421 0.007551
v 0.003763 0.007732 0.007469
v 0.004456 0.006701 0.007346
v 0.004700 0.005485 0.007201
v 0.010700 -0.002299 0.000056
v 0.010700 -0.002681 0.000610
v 0.010700 -0.001963 0.001198
v 0.010700 -0.002151 0.001713
v 0.010700 -0.001101 0.002019
v 0.010700 -0.001195 0.002477
v 0.010700 0.000056 0.002299
v 0.010700 -0.000002 0.002750
v 0.010700 0.001198 0.001963
v 0.010700 0.001191 0.002479
v 0.010700 0.002019 0.001101
v 0.010700 0.002149 0.001716
v 0.010700 0.002299 -0.000056
v 0.010700 0.002681 0.000614
v 0.010700 0.002681 -0.000610
v 0.010700 0.001963 -0.001198
v 0.010700 0.002151 -0.001713
v 0.010700 0.001101 -0.002019
v 0.010700 0.001195 -0.002477
v 0.010700 -0.000056 -0.002299
v 0.010700 0.000002 -0.002750
v 0.010700 -0.001198 -0.001963
v 0.010700 -0.001191 -0.002479
v 0.010700 -0.002019 -0.001101
v 0.010700 -0.002149 -0.001716
v 0.010700 -0.002681 -0.000614
v 0.012400 0.001191 0.002479
v 0.012400 0.001967 0.001922
v 0.012400 0.002149 0.001716
v 0.012400 0.002506 0.001133
v 0.012400 0.002681 0.000614
v 0.012400 0.002742 0.000208
v 0.012400 0.002648 -0.000743
v 0.012400 0.002234 -0.001603
v 0.012400 0.001551 -0.002271
v 0.012400 0.001195 -0.002477
v 0.012400 0.000681 -0.002664
v 0.012400 -0.001191 -0.002479
v 0.012400 -0.000272 -0.002737
v 0.012400 0.000002 -0.002750
v 0.012400 -0.001713 -0.002151
v 0.012400 -0.002149 -0.001716
v 0.012400 -0.002477 -0.001195
v 0.012400 -0.002681 -0.000614
v 0.012400 -0.002750 -0.000002
v 0.012400 -0.002681 0.000610
v 0.012400 -0.002479 0.001191
v 0.012400 -0.002151 0.001713
v 0.012400 -0.001716 0.002149
v 0.012400 -0.001195 0.002477
v 0.012400 -0.000614 0.002681
v 0.012400 0.000610 0.002681
v 0.012400 -0.000002 0.002750
v 0.012677 0.001835 0.001792
v 0.012660 0.001126 0.002343
v 0.012700 0.001061 0.002208
v 0.012700 -0.001061 -0.002208
v 0.012677 -0.000253 -0.002552
v 0.012700 -0.000242 -0.002438
v 0.012677 0.000635 -0.002485
v 0.012700 0.000606 -0.002374
v 0.012677 0.001446 -0.002118
v 0.012700 0.001382 -0.002023
v 0.012677 0.002084 -0.001495
v 0.012700 0.001990 -0.001429
v 0.012677 0.002469 -0.000693
v 0.012700 0.002359 -0.000662
v 0.012677 0.002557 0.000194
v 0.012700 0.002443 0.000185
v 0.012677 0.002337 0.001057
v 0.012700 0.002232 0.001009
v 0.012700 0.001752 0.001712
v 0.012550 0.001174 0.002442
v 0.012612 0.001153 0.002399
v 0.012612 0.001904 0.001860
v 0.012612 0.002426 0.001097
v 0.012612 0.002654 0.000201
v 0.012612 0.002563 -0.000719
v 0.012612 0.002163 -0.001552
v 0.012612 0.001501 -0.002198
v 0.012612 0.000659 -0.002579
v 0.012612 -0.000263 -0.002649
v 0.012677 -0.001111 -0.002312
v 0.012660 -0.001126 -0.002343
v 0.012612 -0.001153 -0.002399
v 0.012550 -0.001174 -0.002442
v 0.012515 0.001951 0.001906
v 0.012515 0.002485 0.001124
v 0.012515 0.002719 0.000206
v 0.012515 0.002626 -0.000736
v 0.012515 0.002216 -0.001590
v 0.012515 0.001538 -0.002252
v 0.012515 0.000675 -0.002642
v 0.012515 -0.000269 -0.002714
v 0.012515 -0.001181 -0.002458
v 0.012515 0.001181 0.002458
v 0.012660 -0.001619 -0.002034
v 0.012550 -0.001688 -0.002120
v 0.012660 0.000576 0.002535
v 0.012700 0.000543 0.002389
v 0.012660 -0.000002 0.002600
v 0.012700 -0.000002 0.002450
v 0.012660 -0.000581 0.002534
v 0.012700 -0.000547 0.002388
v 0.012660 -0.001130 0.002342
v 0.012700 -0.001065 0.002207
v 0.012660 -0.001623 0.002031
v 0.012700 -0.001529 0.001914
v 0.012660 -0.002034 0.001619
v 0.012700 -0.001917 0.001526
v 0.012660 -0.002343 0.001126
v 0.012700 -0.002208 0.001061
v 0.012660 -0.002535 0.000577
v 0.012700 -0.002389 0.000543
v 0.012660 -0.002600 -0.000002
v 0.012700 -0.002450 -0.000002
v 0.012660 -0.002534 -0.000581
v 0.012700 -0.002388 -0.000547
v 0.012660 -0.002342 -0.001130
v 0.012700 -0.002207 -0.001065
v 0.012660 -0.002031 -0.001623
v 0.012700 -0.001914 -0.001529
v 0.012700 -0.001526 -0.001917
v 0.012550 -0.002117 -0.001691
v 0.012550 -0.002440 -0.001178
v 0.012550 -0.002641 -0.000605
v 0.012550 -0.002710 -0.000002
v 0.012550 -0.002642 0.000601
v 0.012550 -0.002442 0.001174
v 0.012550 -0.002120 0.001688
v 0.012550 -0.001691 0.002117
v 0.012550 -0.001178 0.002440
v 0.012550 -0.000605 0.002641
v 0.012550 -0.000002 0.002710
v 0.012550 0.000601 0.002642
v 0.012700 -0.000954 -0.000651
v 0.012700 0.000087 -0.001151
v 0.012700 -0.001041 0.000500
v 0.012700 -0.000087 0.001151
v 0.012700 0.000954 0.000651
v 0.012700 0.001041 -0.000500
v 0.011200 -0.000954 -0.000651
v 0.011200 -0.000433 -0.000901
v 0.011200 0.000087 -0.001151
v 0.011200 -0.001041 0.000500
v 0.011200 -0.000997 -0.000076
v 0.011200 -0.000087 0.001151
v 0.011200 -0.000564 0.000826
v 0.011200 0.000954 0.000651
v 0.011200 0.000433 0.000901
v 0.011200 0.001041 -0.000500
v 0.011200 0.000997 0.000076
v 0.011200 0.000564 -0.000826
v 0.011200 0.000435 -0.000901
v 0.011200 0.000001 -0.001000
v 0.011200 -0.000826 -0.000564
v 0.011200 -0.000901 0.000433
v 0.011200 -0.000076 0.000997
v 0.011200 0.000781 0.000624
v 0.011200 0.000975 0.000223
v 0.011200 0.000975 -0.000222
v 0.011200 0.000782 -0.000623
v 0.010623 0.000000 0.000000
vn -1.0000 -0.0000 -0.0000
vn -0.0000 -0.8536 0.5210
vn -0.0000 0.0244 0.9997
vn -0.0000 0.8780 0.4786
vn -0.0000 0.8536 -0.5210
vn -0.0000 -0.0244 -0.9997
vn -0.0000 -0.8780 -0.4786
vn -0.9902 0.1370 0.0278
vn -0.9902 0.1397 -0.0034
vn -0.9902 -0.0576 0.1274
vn -0.9902 -0.0277 0.1367
vn -0.9902 0.0637 0.1244
vn -0.9902 0.0344 0.1354
vn -0.9902 0.0034 0.1397
vn -0.9902 0.0845 -0.1114
vn -0.9902 0.0576 -0.1274
vn -0.9902 -0.1397 0.0034
vn -0.9902 -0.1355 0.0344
vn -0.9902 -0.0637 -0.1244
vn -0.9902 -0.0898 -0.1072
vn -0.9902 -0.1244 0.0637
vn -0.9902 -0.1072 0.0898
vn -0.9902 -0.0845 0.1114
vn -0.9902 -0.1114 -0.0845
vn -0.9902 -0.1271 -0.0574
vn -0.9902 -0.1370 -0.0278
vn -0.9902 0.0278 -0.1370
vn -0.9902 -0.0034 -0.1397
vn -0.9902 -0.0343 -0.1352
vn -0.9902 0.0898 0.1072
vn -0.9902 0.1114 0.0845
vn -0.9902 0.1271 0.0574
vn -0.9902 0.1355 -0.0344
vn -0.9902 0.1244 -0.0637
vn -0.9902 0.1072 -0.0898
vn -0.1293 0.0242 0.9913
vn -0.4923 0.0213 0.8702
vn -0.4923 -0.1729 0.8531
vn -0.7072 0.0173 0.7068
vn -0.7072 -0.1404 0.6929
vn -0.9659 0.0063 0.2590
vn -0.9659 -0.0515 0.2539
vn -0.9659 -0.1067 0.2361
vn -0.9659 -0.1565 0.2064
vn -0.9658 -0.1986 0.1665
vn -0.9660 -0.2303 0.1179
vn -0.9659 -0.2511 0.0638
vn -0.9659 -0.2590 0.0063
vn -0.9659 -0.2539 -0.0515
vn -0.9659 -0.2361 -0.1067
vn -0.9659 -0.2064 -0.1565
vn -0.9660 -0.1662 -0.1982
vn -0.9659 -0.1181 -0.2306
vn -0.9660 -0.0637 -0.2508
vn -0.9659 -0.0063 -0.2590
vn -0.7072 -0.2911 0.6443
vn -0.4923 -0.3584 0.7932
vn -0.7072 -0.4272 0.5634
vn -0.4923 -0.5259 0.6936
vn -0.7072 -0.5418 0.4542
vn -0.4923 -0.6670 0.5592
vn -0.7072 -0.6293 0.3223
vn -0.4922 -0.7748 0.3968
vn -0.7071 -0.6854 0.1741
vn -0.4922 -0.8436 0.2144
vn -0.7072 -0.7068 0.0173
vn -0.4923 -0.8702 0.0213
vn -0.7072 -0.6929 -0.1404
vn -0.4923 -0.8531 -0.1729
vn -0.7072 -0.6443 -0.2911
vn -0.4923 -0.7932 -0.3584
vn -0.7072 -0.5634 -0.4272
vn -0.4923 -0.6936 -0.5259
vn -0.7072 -0.4542 -0.5418
vn -0.4923 -0.5592 -0.6670
vn -0.7072 -0.3223 -0.6293
vn -0.4922 -0.3968 -0.7748
vn -0.7071 -0.1741 -0.6854
vn -0.4922 -0.2144 -0.8436
vn -0.7072 -0.0173 -0.7068
vn -0.4923 -0.0213 -0.8702
vn -0.1249 -0.1971 0.9724
vn -0.1294 -0.4083 0.9036
vn -0.1249 -0.5994 0.7906
vn -0.1294 -0.7599 0.6370
vn -0.1248 -0.8831 0.4522
vn -0.1294 -0.9610 0.2442
vn -0.1249 -0.9919 0.0243
vn -0.1294 -0.9718 -0.1970
vn -0.1249 -0.9042 -0.4085
vn -0.1294 -0.7902 -0.5991
vn -0.1249 -0.6374 -0.7604
vn -0.1293 -0.4520 -0.8826
vn -0.1250 -0.2444 -0.9616
vn -0.1293 -0.0242 -0.9913
vn -0.4923 0.1729 -0.8531
vn -0.7072 0.1404 -0.6929
vn -0.9659 0.0515 -0.2539
vn -0.9659 0.1067 -0.2361
vn -0.9659 0.1565 -0.2064
vn -0.9658 0.1986 -0.1665
vn -0.9659 0.2306 -0.1181
vn -0.9659 0.2511 -0.0638
vn -0.9660 0.2586 -0.0063
vn -0.9659 0.2539 0.0515
vn -0.9659 0.2361 0.1067
vn -0.9659 0.2064 0.1565
vn -0.9658 0.1665 0.1986
vn -0.9659 0.1181 0.2306
vn -0.9659 0.0638 0.2510
vn -0.7072 0.2911 -0.6443
vn -0.4920 0.3584 -0.7934
vn -0.7072 0.4272 -0.5634
vn -0.4923 0.5259 -0.6936
vn -0.7072 0.5418 -0.4542
vn -0.4923 0.6670 -0.5592
vn -0.7072 0.6293 -0.3223
vn -0.4922 0.7748 -0.3968
vn -0.7071 0.6854 -0.1741
vn -0.4922 0.8436 -0.2144
vn -0.7072 0.7068 -0.0173
vn -0.4923 0.8702 -0.0213
vn -0.7072 0.6929 0.1404
vn -0.4923 0.8531 0.1729
vn -0.7072 0.6443 0.2911
vn -0.4923 0.7932 0.3584
vn -0.7072 0.5634 0.4272
vn -0.4923 0.6936 0.5259
vn -0.7072 0.4542 0.5418
vn -0.4923 0.5592 0.6670
vn -0.7072 0.3223 0.6293
vn -0.4922 0.3968 0.7748
vn -0.7071 0.1741 0.6854
vn -0.4922 0.2144 0.8436
vn -0.1249 0.1971 -0.9724
vn -0.1294 0.4083 -0.9036
vn -0.1249 0.5994 -0.7906
vn -0.1294 0.7599 -0.6370
vn -0.1248 0.8831 -0.4522
vn -0.1294 0.9610 -0.2442
vn -0.1249 0.9919 -0.0243
vn -0.1294 0.9718 0.1970
vn -0.1249 0.9042 0.4085
vn -0.1294 0.7902 0.5991
vn -0.1249 0.6374 0.7604
vn -0.1293 0.4520 0.8826
vn -0.1250 0.2444 0.9616
vn 0.0323 0.0244 0.9992
vn 0.0323 -0.4115 0.9108
vn 0.0322 -0.7659 0.6421
vn 0.0322 -0.9687 0.2462
vn 0.0322 -0.9796 -0.1985
vn 0.0322 -0.7964 -0.6039
vn 0.0323 -0.4555 -0.8896
vn 0.0323 -0.0244 -0.9992
vn 0.0323 0.4115 -0.9108
vn 0.0322 0.7659 -0.6421
vn 0.0322 0.9687 -0.2462
vn 0.0322 0.9796 0.1985
vn 0.0322 0.7964 0.6039
vn 0.0323 0.4555 0.8896
vn 1.0000 -0.0000 -0.0000
vn 0.0971 0.4586 0.8833
vn 0.0942 0.6674 0.7387
vn -0.0258 0.4369 0.8992
vn -0.0283 0.7789 0.6265
vn 0.2453 0.7956 0.5540
vn 0.1007 0.8966 0.4311
vn -0.0320 0.9745 0.2221
vn 0.2237 0.9464 0.2331
vn 0.0954 0.9951 0.0275
vn -0.0189 0.9737 -0.2269
vn 0.0956 0.9572 -0.2732
vn 0.0957 0.8113 -0.5768
vn -0.0189 0.7855 -0.6185
vn 0.0956 0.6002 -0.7941
vn -0.0320 0.4354 -0.8997
vn 0.3101 0.3768 -0.8728
vn 0.1044 0.2501 -0.9626
vn -0.0283 -0.0025 -0.9996
vn 0.0971 -0.4032 -0.9099
vn -0.0258 -0.4291 -0.9029
vn 0.0941 -0.1598 -0.9826
vn 0.2014 0.0479 -0.9783
vn 0.1229 -0.6202 -0.7747
vn -0.0322 -0.7809 -0.6238
vn 0.1294 -0.7747 -0.6189
vn 0.1250 -0.8936 -0.4312
vn -0.0323 -0.9742 -0.2232
vn 0.1294 -0.9665 -0.2215
vn 0.1248 -0.9922 -0.0008
vn -0.0323 -0.9746 0.2216
vn 0.1292 -0.9669 0.2199
vn 0.1249 -0.8943 0.4298
vn -0.0323 -0.7819 0.6225
vn 0.1293 -0.7758 0.6176
vn 0.1249 -0.6193 0.7752
vn -0.0323 -0.4344 0.9001
vn 0.1294 -0.4310 0.8930
vn 0.1250 -0.2216 0.9671
vn -0.0322 -0.0008 0.9995
vn 0.1228 0.2175 0.9683
vn 0.1293 -0.0008 0.9916
vn 0.9165 0.2871 0.2785
vn 0.8890 0.2101 0.4068
vn 0.9900 0.0631 0.1259
vn 0.9943 -0.0430 -0.0979
vn 0.9165 -0.0378 -0.3983
vn 0.9941 -0.0107 -0.1083
vn 0.9162 0.0992 -0.3883
vn 0.9941 0.0269 -0.1053
vn 0.9162 0.2261 -0.3310
vn 0.9941 0.0613 -0.0898
vn 0.9161 0.3257 -0.2338
vn 0.9941 0.0883 -0.0634
vn 0.9161 0.3860 -0.1083
vn 0.9941 0.1047 -0.0294
vn 0.9161 0.3997 0.0303
vn 0.9941 0.1084 0.0082
vn 0.9161 0.3652 0.1652
vn 0.9941 0.0991 0.0448
vn 0.9941 0.0778 0.0760
vn 0.5242 0.3928 0.7556
vn 0.7011 0.3283 0.6330
vn 0.6964 0.5151 0.4996
vn 0.6964 0.6539 0.2957
vn 0.6964 0.7156 0.0542
vn 0.6965 0.6909 -0.1938
vn 0.6965 0.5830 -0.4184
vn 0.6963 0.4048 -0.5927
vn 0.6964 0.1776 -0.6953
vn 0.6965 -0.0683 -0.7143
vn 0.9433 -0.1345 -0.3036
vn 0.8450 -0.2161 -0.4892
vn 0.7011 -0.2891 -0.6518
vn 0.5242 -0.3447 -0.7787
vn 0.3913 0.6435 0.6579
vn 0.3857 0.8335 0.3957
vn 0.3892 0.9199 0.0480
vn 0.3754 0.8924 -0.2503
vn 0.3754 0.7530 -0.5404
vn 0.3891 0.5357 -0.7494
vn 0.3823 0.2402 -0.8923
vn 0.3915 -0.1140 -0.9131
vn 0.3178 -0.3845 -0.8667
vn 0.3178 0.4365 0.8417
vn 0.8583 -0.3254 -0.3968
vn 0.4915 -0.5479 -0.6770
vn 0.8595 0.1089 0.4995
vn 0.9902 0.0310 0.1362
vn 0.9659 -0.0002 0.2588
vn 0.9902 -0.0001 0.1397
vn 0.9659 -0.0578 0.2522
vn 0.9902 -0.0312 0.1361
vn 0.9659 -0.1125 0.2331
vn 0.9902 -0.0607 0.1258
vn 0.9659 -0.1615 0.2022
vn 0.9902 -0.0871 0.1091
vn 0.9660 -0.2024 0.1611
vn 0.9902 -0.1092 0.0869
vn 0.9659 -0.2332 0.1121
vn 0.9902 -0.1259 0.0605
vn 0.9659 -0.2524 0.0574
vn 0.9902 -0.1362 0.0310
vn 0.9659 -0.2588 -0.0002
vn 0.9902 -0.1397 -0.0001
vn 0.9659 -0.2522 -0.0578
vn 0.9902 -0.1361 -0.0312
vn 0.9659 -0.2331 -0.1125
vn 0.9902 -0.1258 -0.0607
vn 0.9659 -0.2022 -0.1615
vn 0.9902 -0.1091 -0.0871
vn 0.9905 -0.0883 -0.1054
vn 0.7071 -0.5525 -0.4413
vn 0.4922 -0.6801 -0.5433
vn 0.7071 -0.6369 -0.3073
vn 0.4922 -0.7840 -0.3783
vn 0.7070 -0.6893 -0.1579
vn 0.4922 -0.8485 -0.1944
vn 0.7073 -0.7069 -0.0006
vn 0.4922 -0.8705 -0.0007
vn 0.7073 -0.6893 0.1567
vn 0.4922 -0.8488 0.1930
vn 0.7071 -0.6373 0.3063
vn 0.4922 -0.7846 0.3771
vn 0.7071 -0.5532 0.4405
vn 0.4921 -0.6811 0.5422
vn 0.7071 -0.4413 0.5525
vn 0.4922 -0.5433 0.6801
vn 0.7071 -0.3073 0.6369
vn 0.4922 -0.3783 0.7840
vn 0.7070 -0.1579 0.6893
vn 0.4922 -0.1944 0.8485
vn 0.7073 -0.0006 0.7069
vn 0.4922 -0.0007 0.8705
vn 0.4916 0.1863 0.8507
vn -0.0000 0.4332 0.9013
vn -0.0000 0.4331 0.9013
vn -0.0000 0.9972 0.0754
vn -0.0000 0.9971 0.0755
vn -0.0000 0.5640 -0.8258
vn -0.0000 -0.4332 -0.9013
vn -0.0000 -0.4331 -0.9013
vn -0.0000 -0.9971 -0.0755
vn -0.0000 -0.5640 0.8258
vn 1.0000 0.0001 -0.0000
vn 1.0000 0.0027 -0.0013
vn 0.8660 -0.0004 0.5000
vn 0.8655 -0.1859 0.4651
vn 0.8660 0.2240 0.4470
vn 0.8659 -0.4017 0.2980
vn 0.8659 -0.4837 0.1275
vn 0.8659 -0.2965 0.4029
vn 0.8660 -0.3907 -0.3121
vn 0.8660 -0.2091 -0.4542
vn 0.8655 -0.4793 -0.1454
vn 0.8659 -0.4998 -0.0202
vn 0.8660 0.2820 -0.4129
vn 0.8660 0.4506 -0.2166
vn 0.8660 0.0378 -0.4986
vn 0.8660 0.4129 0.2820
vn 0.8660 0.4986 0.0378
vn -0.0000 0.8102 -0.5862
vn -0.0000 0.9618 -0.2737
vn -0.0000 0.9974 0.0717
vn -0.0000 0.9127 0.4085
vn -0.0000 0.7180 0.6961
vn -0.0000 0.4366 0.8997
vn -0.0000 0.1026 0.9947
vn -0.0000 -0.2439 0.9698
vn -0.0000 -0.2438 0.9698
vn -0.0000 -0.5608 0.8279
vn -0.0000 -0.8102 0.5862
vn -0.0000 -0.5609 0.8279
vn -0.0000 -0.9618 0.2737
vn -0.0000 -0.9974 -0.0717
vn -0.0000 -0.9127 -0.4085
vn -0.0000 -0.7180 -0.6961
vn -0.0000 -0.4366 -0.8997
vn -0.0000 -0.1026 -0.9947
vn -0.0000 0.2439 -0.9698
vn -0.0000 0.2438 -0.9698
vn -0.0000 0.5608 -0.8279
vn -0.0000 -0.8379 -0.5459
vn -0.0000 -0.9740 -0.2264
vn -0.0000 -0.9927 0.1204
vn -0.0000 -0.8917 0.4527
vn -0.0000 -0.6831 0.7303
vn -0.0000 -0.3921 0.9199
vn -0.0000 -0.0538 0.9986
vn -0.0000 0.2910 0.9567
vn -0.0000 0.6006 0.7995
vn -0.0000 0.8379 0.5459
vn -0.0000 0.9740 0.2264
vn -0.0000 0.9927 -0.1204
vn -0.0000 0.8917 -0.4527
vn -0.0000 0.6831 -0.7303
vn -0.0000 0.3921 -0.9199
vn -0.0000 0.0538 -0.9986
vn -0.0000 -0.2909 -0.9567
vn -0.0000 -0.2910 -0.9567
vn -0.0000 -0.6006 -0.7995
vn -0.7072 -0.3684 -0.6034
vn -0.7073 -0.6206 -0.3384
vn -0.7073 -0.6207 -0.3383
vn -0.7072 -0.6034 0.3684
vn -0.7071 -0.3385 0.6209
vn -0.7073 -0.3383 0.6207
vn -0.7072 0.3684 0.6034
vn -0.7073 0.6206 0.3384
vn -0.7071 0.6209 0.3385
vn -0.7072 0.6034 -0.3684
vn -0.7073 0.3384 -0.6206
vn -0.7073 0.3383 -0.6207
vn 0.7071 0.7021 0.0838
vn 0.7071 0.5962 0.3801
vn 0.7071 0.5963 0.3801
vn 0.7071 0.3723 0.6012
vn 0.7071 0.0746 0.7032
vn 0.7071 0.0745 0.7032
vn 0.7071 -0.2379 0.6659
vn 0.7071 -0.5033 0.4967
vn 0.7071 -0.6690 0.2291
vn 0.7071 -0.6690 0.2292
vn 0.7071 -0.7022 -0.0838
vn 0.7071 -0.7021 -0.0838
vn -0.0000 0.9930 0.1185
vn -0.0000 0.8432 0.5376
vn -0.0000 0.5264 0.8502
vn -0.0000 0.1054 0.9944
vn -0.0000 -0.3365 0.9417
vn -0.0000 -0.7117 0.7024
vn -0.0000 -0.9460 0.3241
vn -0.0000 -0.9930 -0.1185
vn -0.0000 0.5265 0.8502
vn -0.7071 -0.7022 -0.0838
vn -0.7071 -0.6690 0.2291
vn -0.7071 -0.5033 0.4967
vn -0.7071 -0.2379 0.6659
vn -0.7071 -0.2380 0.6659
vn -0.7071 0.0745 0.7032
vn -0.7071 0.3723 0.6012
vn -0.7071 0.5962 0.3802
vn -0.7071 0.5963 0.3801
vn -0.7071 0.7021 0.0838
vn -0.0000 0.9284 0.3715
vn -0.0000 0.6183 0.7859
vn -0.0000 0.3938 0.9192
vn -0.0000 -0.1185 0.9930
vn -0.0000 -0.5991 0.8007
vn -0.0000 -0.7859 0.6183
vn -0.0000 -0.9898 0.1425
vn -0.0000 -0.7118 0.7024
vn -0.0000 -0.9460 0.3240
vn -0.9952 -0.0973 -0.0116
vn -0.9239 -0.3800 -0.0453
vn -0.7071 -0.7021 -0.0838
vn -0.3827 -0.9174 -0.1095
vn -0.0980 -0.9882 -0.1179
vn 0.1305 -0.9845 -0.1175
vn 0.5000 -0.8599 -0.1026
vn 0.9659 -0.2570 -0.0307
vn 0.9914 -0.1296 -0.0155
vn 0.0001 0.1185 -0.9930
vn -0.0000 0.1185 -0.9930
vn -0.0000 0.1184 -0.9930
vn -0.0001 0.1185 -0.9930
vn -0.0000 0.9930 0.1184
vn -0.0000 -0.9929 -0.1186
vn -0.0000 0.1186 -0.9929
vn -0.0001 0.1184 -0.9930
vn -0.1072 -0.9730 0.2046
vn -0.0978 -0.9380 0.3326
vn -0.3858 -0.8720 0.3013
vn -0.8473 -0.0957 0.5225
vn -0.9454 -0.0570 0.3210
vn -0.9208 -0.1384 0.3647
vn -0.9208 -0.3870 0.0487
vn -0.9945 -0.1044 0.0111
vn -0.9948 -0.1015 -0.0062
vn -0.9948 -0.0179 0.1001
vn -0.9945 -0.0353 0.0988
vn -0.9945 -0.0564 0.0885
vn -0.9189 -0.2120 0.3326
vn -0.9945 -0.0747 0.0737
vn -0.9189 -0.2807 0.2770
vn -0.9945 -0.0892 0.0552
vn -0.9189 -0.3353 0.2076
vn -0.5262 -0.1504 0.8370
vn -0.7042 -0.1236 0.6991
vn -0.7000 -0.2502 0.6689
vn -0.7002 -0.3838 0.6020
vn -0.7002 -0.5081 0.5015
vn -0.7002 -0.6070 0.3758
vn -0.9454 -0.3254 -0.0202
vn -0.8473 -0.5303 -0.0300
vn -0.7000 -0.7090 0.0858
vn -0.3791 -0.3133 0.8707
vn -0.3807 -0.4941 0.7816
vn -0.3835 -0.6608 0.6452
vn -0.3835 -0.7826 0.4904
vn -0.0975 -0.3033 0.9479
vn -0.0975 -0.1730 0.9801
vn -0.3197 -0.1647 0.9331
vn -0.1041 -0.8844 0.4550
vn -0.0975 -0.8219 0.5612
vn -0.0975 -0.7388 0.6668
vn -0.1034 -0.6500 0.7529
vn -0.1038 -0.5381 0.8365
vn -0.1223 -0.4355 0.8918
vn -0.7002 -0.6754 0.2313
vn -0.9189 -0.3731 0.1278
vn -0.9945 -0.0993 0.0340
vn -0.0970 -0.9927 0.0717
vn -0.3806 -0.9197 0.0962
vn -0.7042 -0.7086 -0.0444
vn -0.5262 -0.8489 -0.0508
vn -0.3197 -0.9457 -0.0595
vn -0.0975 -0.9933 -0.0625
vn -0.0975 -0.0625 0.9933
vn -0.3197 -0.0596 0.9457
vn -0.5261 -0.0508 0.8489
vn -0.7042 -0.0444 0.7086
vn -0.8473 -0.0299 0.5303
vn -0.9454 -0.0202 0.3254
vn -0.9948 -0.0062 0.1015
vn -0.0975 -0.9804 -0.1715
vn -0.3196 -0.9334 -0.1632
vn -0.5262 -0.8372 -0.1492
vn -0.7044 -0.6992 -0.1225
vn -0.8473 -0.5225 -0.0950
vn -0.9454 -0.3210 -0.0564
vn -0.9948 -0.1000 -0.0177
vn -0.1072 0.2046 0.9730
vn -0.0976 0.3330 0.9379
vn -0.3859 0.3013 0.8720
vn -0.8473 0.5225 0.0957
vn -0.9454 0.3210 0.0570
vn -0.9208 0.3647 0.1384
vn -0.9208 0.0487 0.3870
vn -0.9945 0.0111 0.1044
vn -0.9948 0.1001 0.0179
vn -0.9945 0.0988 0.0353
vn -0.9945 0.0885 0.0564
vn -0.9189 0.3326 0.2120
vn -0.9945 0.0737 0.0747
vn -0.9189 0.2771 0.2807
vn -0.9945 0.0552 0.0892
vn -0.9189 0.2076 0.3353
vn -0.5261 0.8370 0.1504
vn -0.7042 0.6991 0.1236
vn -0.7000 0.6689 0.2502
vn -0.7002 0.6020 0.3838
vn -0.7002 0.5015 0.5081
vn -0.7002 0.3758 0.6070
vn -0.7000 0.0858 0.7090
vn -0.3791 0.8707 0.3133
vn -0.3807 0.7816 0.4942
vn -0.3835 0.6452 0.6608
vn -0.3835 0.4904 0.7826
vn -0.0948 0.9482 0.3032
vn -0.0976 0.9801 0.1730
vn -0.3196 0.9331 0.1647
vn -0.1034 0.4546 0.8847
vn -0.0975 0.5612 0.8219
vn -0.0975 0.6667 0.7389
vn -0.1050 0.7520 0.6508
vn -0.1030 0.8371 0.5372
vn -0.1223 0.8918 0.4356
vn -0.7002 0.2313 0.6754
vn -0.9189 0.1278 0.3731
vn -0.9945 0.0340 0.0993
vn -0.0975 0.0717 0.9926
vn -0.3806 0.0962 0.9197
vn -0.9229 -0.3633 -0.1273
vn -0.9945 -0.0989 -0.0346
vn -0.9948 -0.0892 -0.0486
vn -0.7000 -0.6740 -0.2361
vn -0.9454 -0.2860 -0.1562
vn -0.8473 -0.4676 -0.2518
vn -0.3702 -0.8767 -0.3071
vn -0.0973 -0.9393 -0.3290
vn -0.7043 -0.6228 -0.3406
vn -0.5262 -0.7473 -0.4058
vn -0.3197 -0.8312 -0.4549
vn -0.0975 -0.8730 -0.4778
vn -0.9948 0.1015 0.0062
vn -0.9454 0.3254 0.0202
vn -0.8473 0.5303 0.0299
vn -0.7042 0.7086 0.0444
vn -0.5262 0.8489 0.0508
vn -0.3196 0.9457 0.0595
vn -0.0975 0.9933 0.0625
vn -0.9948 -0.0831 -0.0585
vn -0.9454 -0.2669 -0.1872
vn -0.8473 -0.4332 -0.3074
vn -0.7043 -0.5815 -0.4073
vn -0.5262 -0.6952 -0.4898
vn -0.3197 -0.7763 -0.5433
vn -0.0975 -0.8154 -0.5707
vn -0.1072 0.9730 -0.2046
vn -0.0942 0.9381 -0.3332
vn -0.3858 0.8720 -0.3013
vn -0.8473 0.0957 -0.5225
vn -0.9454 0.0570 -0.3210
vn -0.9208 0.1384 -0.3647
vn -0.9208 0.3870 -0.0487
vn -0.9945 0.1044 -0.0111
vn -0.9948 0.0179 -0.1001
vn -0.9945 0.0353 -0.0988
vn -0.9945 0.0564 -0.0885
vn -0.9189 0.2120 -0.3326
vn -0.9945 0.0747 -0.0737
vn -0.9189 0.2807 -0.2771
vn -0.9945 0.0892 -0.0552
vn -0.9189 0.3353 -0.2076
vn -0.5261 0.1504 -0.8370
vn -0.7042 0.1236 -0.6991
vn -0.7000 0.2502 -0.6689
vn -0.7002 0.3838 -0.6020
vn -0.7002 0.5081 -0.5015
vn -0.7002 0.6070 -0.3758
vn -0.7000 0.7090 -0.0858
vn -0.3791 0.3133 -0.8707
vn -0.3807 0.4941 -0.7816
vn -0.3835 0.6608 -0.6452
vn -0.3835 0.7826 -0.4904
vn -0.0948 0.3031 -0.9482
vn -0.0975 0.1730 -0.9801
vn -0.3196 0.1647 -0.9331
vn -0.1034 0.8847 -0.4546
vn -0.0937 0.8209 -0.5633
vn -0.0937 0.7407 -0.6653
vn -0.1034 0.6500 -0.7529
vn -0.1005 0.5383 -0.8367
vn -0.1223 0.4355 -0.8918
vn -0.7002 0.6754 -0.2314
vn -0.9189 0.3731 -0.1278
vn -0.9945 0.0993 -0.0340
vn -0.0948 0.9929 -0.0715
vn -0.3806 0.9197 -0.0962
vn -0.1076 -0.6261 -0.7723
vn -0.0968 -0.7280 -0.6787
vn -0.3801 -0.6595 -0.6485
vn -0.9945 -0.0747 -0.0736
vn -0.9208 -0.2723 -0.2791
vn -0.7000 -0.5011 -0.5088
vn -0.9945 -0.0356 -0.0987
vn -0.9945 -0.0129 -0.1041
vn -0.9190 -0.1340 -0.3709
vn -0.9190 -0.0486 -0.3913
vn -0.7003 -0.2425 -0.6714
vn -0.7003 -0.0880 -0.7084
vn -0.3779 -0.3145 -0.8708
vn -0.3826 -0.1174 -0.9164
vn -0.0973 -0.3381 -0.9361
vn -0.9945 0.0104 -0.1044
vn -0.9945 0.0332 -0.0995
vn -0.9190 0.0391 -0.3924
vn -0.9190 0.1249 -0.3740
vn -0.7003 0.0708 -0.7104
vn -0.7003 0.2262 -0.6771
vn -0.3779 0.0919 -0.9213
vn -0.3779 0.2934 -0.8781
vn -0.9945 0.0544 -0.0897
vn -0.9190 0.2046 -0.3371
vn -0.7003 0.3703 -0.6103
vn -0.3826 0.4763 -0.7917
vn -0.9945 0.0729 -0.0754
vn -0.9948 0.0817 -0.0605
vn -0.9190 0.2741 -0.2835
vn -0.9212 0.3130 -0.2311
vn -0.7003 0.4962 -0.5133
vn -0.7032 0.5724 -0.4219
vn -0.3779 0.6435 -0.6657
vn -0.3798 0.7448 -0.5486
vn -0.0968 -0.5133 -0.8527
vn -0.3839 -0.4925 -0.7811
vn -0.7003 -0.3850 -0.6011
vn -0.9190 -0.2127 -0.3321
vn -0.9945 -0.0566 -0.0883
vn -0.1046 0.1174 -0.9876
vn -0.1295 -0.0003 -0.9916
vn -0.0968 -0.1501 -0.9839
vn -0.0974 0.3153 -0.9440
vn -0.1046 0.7046 -0.7019
vn -0.1294 0.6148 -0.7780
vn -0.0968 0.4925 -0.8649
vn -0.0975 0.8013 -0.5903
vn -0.0977 0.0805 -0.9920
vn -0.3203 0.0767 -0.9442
vn -0.5272 0.0634 -0.8473
vn -0.7053 0.0573 -0.7066
vn -0.8478 0.0362 -0.5291
vn -0.9459 0.0261 -0.3234
vn -0.9949 0.0080 -0.1001
vn -0.9954 0.0775 -0.0556
vn -0.9257 0.3073 -0.2206
vn -0.7095 0.5723 -0.4112
vn -0.3843 0.7497 -0.5388
vn -0.0977 0.8084 -0.5805
vn -0.9232 -0.0225 -0.3836
vn -0.9947 -0.0034 -0.1026
vn -0.7021 -0.0367 -0.7111
vn -0.9949 -0.0145 -0.0994
vn -0.9221 -0.0562 -0.3828
vn -0.7045 -0.1034 -0.7021
vn -0.3808 -0.1349 -0.9148
vn -0.3738 -0.0380 -0.9267
vn -0.0977 -0.1451 -0.9846
vn -0.0945 -0.0325 -0.9950
vn -0.8501 0.0827 -0.5201
vn -0.7044 0.1083 -0.7015
vn -0.7096 0.1983 -0.6761
vn -0.3860 0.2642 -0.8839
vn -0.0951 0.2782 -0.9558
vn -0.3835 0.4180 -0.8235
vn -0.0847 0.3777 -0.9221
vn -0.0979 0.4741 -0.8750
vn -0.0981 0.5733 -0.8134
vn -0.3821 0.5505 -0.7423
vn -0.0932 0.6531 -0.7515
vn -0.3833 0.6757 -0.6297
vn -0.0980 0.7352 -0.6707
vn -0.0982 0.1610 -0.9821
vn -0.3223 0.1532 -0.9342
vn -0.5350 0.1235 -0.8358
vn -0.7126 0.3164 -0.6262
vn -0.7126 0.4203 -0.5617
vn -0.7126 0.5115 -0.4802
vn -0.9954 0.0153 -0.0942
vn -0.9480 0.0514 -0.3142
vn -0.9292 0.1018 -0.3552
vn -0.9277 0.1684 -0.3332
vn -0.9277 0.2237 -0.2989
vn -0.9277 0.2722 -0.2555
vn -0.9957 0.0268 -0.0887
vn -0.9957 0.0418 -0.0827
vn -0.9957 0.0555 -0.0742
vn -0.9957 0.0675 -0.0634
vn -0.9954 -0.0140 -0.0947
vn -0.9255 -0.0553 -0.3748
vn -0.7092 -0.1027 -0.6975
vn -0.3841 -0.1344 -0.9135
vn -0.0982 -0.1449 -0.9846
vn -0.0982 0.0804 -0.9919
vn -0.3222 0.0764 -0.9436
vn -0.5290 0.0724 -0.8455
vn -0.7131 0.0640 -0.6982
vn -0.8465 0.0550 -0.5295
vn -0.9478 0.0258 -0.3177
vn -0.9954 0.0078 -0.0954
vn -0.3810 -0.0226 -0.9243
vn -0.1022 -0.0325 -0.9942
vn -0.7153 -0.0173 -0.6986
vn -0.9276 -0.0095 -0.3735
vn -0.9956 -0.0030 -0.0933
vn 0.5261 -0.1504 0.8370
vn 0.3196 -0.1647 0.9331
vn 0.3806 -0.3100 0.8712
vn 0.3791 -0.9200 0.0996
vn 0.0970 -0.9927 0.0717
vn 0.0975 -0.9933 -0.0625
vn 0.0975 -0.1730 0.9801
vn 0.0975 -0.3033 0.9479
vn 0.1072 -0.4278 0.8975
vn 0.3859 -0.4980 0.7766
vn 0.0976 -0.5444 0.8331
vn 0.1034 -0.6500 0.7529
vn 0.3835 -0.6608 0.6452
vn 0.0975 -0.7388 0.6668
vn 0.0975 -0.8219 0.5612
vn 0.3835 -0.7826 0.4904
vn 0.1041 -0.8844 0.4550
vn 0.3807 -0.8760 0.2963
vn 0.1040 -0.9397 0.3256
vn 0.1223 -0.9693 0.2134
vn 0.8472 -0.0957 0.5225
vn 0.7042 -0.1236 0.6991
vn 0.7000 -0.2502 0.6689
vn 0.7002 -0.3838 0.6020
vn 0.7002 -0.5081 0.5015
vn 0.7002 -0.6070 0.3759
vn 0.7002 -0.6754 0.2314
vn 0.7000 -0.7090 0.0858
vn 0.9948 -0.0179 0.1001
vn 0.9454 -0.0570 0.3210
vn 0.9208 -0.1384 0.3647
vn 0.3196 -0.9457 -0.0595
vn 0.5261 -0.8489 -0.0508
vn 0.7042 -0.7086 -0.0444
vn 0.8472 -0.5304 -0.0300
vn 0.9189 -0.2121 0.3326
vn 0.9189 -0.2807 0.2771
vn 0.9189 -0.3354 0.2077
vn 0.9189 -0.3731 0.1278
vn 0.9208 -0.3870 0.0487
vn 0.9454 -0.3254 -0.0202
vn 0.9945 -0.0353 0.0988
vn 0.9945 -0.0564 0.0885
vn 0.9945 -0.0747 0.0737
vn 0.9945 -0.0892 0.0552
vn 0.9945 -0.0993 0.0340
vn 0.9945 -0.1044 0.0111
vn 0.9948 -0.1015 -0.0062
vn 0.9948 -0.0062 0.1015
vn 0.9454 -0.0202 0.3254
vn 0.8472 -0.0299 0.5304
vn 0.7042 -0.0444 0.7086
vn 0.5261 -0.0508 0.8489
vn 0.3196 -0.0596 0.9457
vn 0.0975 -0.0625 0.9933
vn 0.9948 -0.1000 -0.0177
vn 0.9454 -0.3210 -0.0565
vn 0.8473 -0.5226 -0.0951
vn 0.7044 -0.6992 -0.1225
vn 0.5262 -0.8372 -0.1492
vn 0.3196 -0.9334 -0.1632
vn 0.0975 -0.9803 -0.1715
vn 0.5261 0.8370 0.1504
vn 0.3196 0.9331 0.1647
vn 0.3806 0.8712 0.3100
vn 0.3791 0.0995 0.9200
vn 0.0975 0.0717 0.9926
vn 0.0976 0.9801 0.1730
vn 0.0948 0.9482 0.3032
vn 0.1072 0.8975 0.4278
vn 0.3859 0.7766 0.4980
vn 0.0967 0.8338 0.5435
vn 0.1051 0.7520 0.6508
vn 0.3835 0.6452 0.6608
vn 0.0975 0.6667 0.7389
vn 0.0975 0.5612 0.8219
vn 0.3835 0.4904 0.7826
vn 0.1034 0.4546 0.8847
vn 0.3807 0.2963 0.8759
vn 0.1038 0.3261 0.9396
vn 0.1223 0.2134 0.9693
vn 0.8472 0.5225 0.0957
vn 0.7042 0.6991 0.1236
vn 0.7000 0.6689 0.2502
vn 0.7002 0.6020 0.3838
vn 0.7002 0.5015 0.5081
vn 0.7002 0.3759 0.6070
vn 0.7002 0.2314 0.6754
vn 0.7000 0.0858 0.7090
vn 0.9948 0.1001 0.0179
vn 0.9454 0.3210 0.0570
vn 0.9208 0.3647 0.1384
vn 0.9189 0.3326 0.2121
vn 0.9189 0.2771 0.2807
vn 0.9189 0.2077 0.3354
vn 0.9189 0.1278 0.3732
vn 0.9208 0.0487 0.3870
vn 0.9945 0.0988 0.0353
vn 0.9945 0.0885 0.0564
vn 0.9945 0.0737 0.0747
vn 0.9945 0.0552 0.0892
vn 0.9945 0.0340 0.0993
vn 0.9945 0.0111 0.1043
vn 0.3702 -0.8767 -0.3071
vn 0.0974 -0.9393 -0.3290
vn 0.0975 -0.8730 -0.4778
vn 0.7000 -0.6740 -0.2361
vn 0.3196 -0.8312 -0.4549
vn 0.5262 -0.7473 -0.4058
vn 0.9229 -0.3634 -0.1273
vn 0.9945 -0.0989 -0.0346
vn 0.7043 -0.6228 -0.3406
vn 0.8473 -0.4676 -0.2518
vn 0.9454 -0.2860 -0.1562
vn 0.9948 -0.0892 -0.0486
vn 0.0975 0.9933 0.0625
vn 0.3196 0.9457 0.0595
vn 0.5261 0.8489 0.0508
vn 0.7042 0.7086 0.0444
vn 0.8472 0.5304 0.0299
vn 0.9454 0.3254 0.0202
vn 0.9948 0.1015 0.0062
vn 0.0975 -0.8153 -0.5707
vn 0.3196 -0.7763 -0.5433
vn 0.5262 -0.6952 -0.4898
vn 0.7043 -0.5815 -0.4073
vn 0.8472 -0.4332 -0.3074
vn 0.9454 -0.2669 -0.1872
vn 0.9948 -0.0831 -0.0585
vn 0.5261 0.1504 -0.8370
vn 0.3196 0.1647 -0.9331
vn 0.3806 0.3100 -0.8712
vn 0.3791 0.9200 -0.0996
vn 0.0948 0.9929 -0.0715
vn 0.0975 0.1730 -0.9801
vn 0.0948 0.3031 -0.9482
vn 0.1072 0.4278 -0.8975
vn 0.3858 0.4980 -0.7766
vn 0.0942 0.5446 -0.8334
vn 0.1034 0.6500 -0.7529
vn 0.3835 0.6608 -0.6452
vn 0.0937 0.7407 -0.6653
vn 0.0937 0.8209 -0.5633
vn 0.3835 0.7826 -0.4904
vn 0.1034 0.8847 -0.4546
vn 0.3807 0.8759 -0.2963
vn 0.1005 0.9399 -0.3263
vn 0.1223 0.9693 -0.2134
vn 0.8472 0.0957 -0.5225
vn 0.7042 0.1236 -0.6991
vn 0.7000 0.2502 -0.6689
vn 0.7002 0.3838 -0.6020
vn 0.7002 0.5081 -0.5015
vn 0.7002 0.6070 -0.3759
vn 0.7002 0.6754 -0.2314
vn 0.7000 0.7090 -0.0858
vn 0.9948 0.0179 -0.1001
vn 0.9454 0.0570 -0.3210
vn 0.9208 0.1384 -0.3647
vn 0.9189 0.2121 -0.3326
vn 0.9189 0.2808 -0.2771
vn 0.9189 0.3354 -0.2076
vn 0.9189 0.3732 -0.1278
vn 0.9208 0.3870 -0.0487
vn 0.9945 0.0353 -0.0988
vn 0.9945 0.0564 -0.0885
vn 0.9945 0.0747 -0.0737
vn 0.9945 0.0892 -0.0552
vn 0.9945 0.0993 -0.0340
vn 0.9945 0.1043 -0.0111
vn 0.3801 -0.6595 -0.6485
vn 0.0968 -0.7280 -0.6787
vn 0.1076 -0.6260 -0.7723
vn 0.3839 -0.4925 -0.7811
vn 0.0968 -0.5133 -0.8527
vn 0.0973 -0.3381 -0.9361
vn 0.3779 -0.3145 -0.8708
vn 0.0968 -0.1501 -0.9839
vn 0.3839 -0.1203 -0.9155
vn 0.1076 -0.0120 -0.9941
vn 0.3839 0.0981 -0.9182
vn 0.0968 0.1262 -0.9873
vn 0.0974 0.3153 -0.9440
vn 0.3779 0.2934 -0.8781
vn 0.0968 0.4925 -0.8649
vn 0.3839 0.4734 -0.7928
vn 0.1076 0.6071 -0.7873
vn 0.3839 0.6464 -0.6594
vn 0.0968 0.7113 -0.6962
vn 0.0975 0.8013 -0.5903
vn 0.3798 0.7448 -0.5486
vn 0.7000 -0.5011 -0.5088
vn 0.7003 -0.3850 -0.6012
vn 0.7003 -0.2425 -0.6714
vn 0.7003 -0.0880 -0.7084
vn 0.7003 0.0708 -0.7104
vn 0.7003 0.2262 -0.6771
vn 0.7002 0.3704 -0.6103
vn 0.7002 0.4962 -0.5133
vn 0.7032 0.5724 -0.4219
vn 0.9208 -0.2723 -0.2791
vn 0.9189 -0.2127 -0.3321
vn 0.9190 -0.1340 -0.3709
vn 0.9190 -0.0486 -0.3914
vn 0.9189 0.0391 -0.3924
vn 0.9190 0.1250 -0.3741
vn 0.9189 0.2046 -0.3372
vn 0.9190 0.2741 -0.2836
vn 0.9212 0.3130 -0.2311
vn 0.9945 -0.0747 -0.0736
vn 0.9945 -0.0566 -0.0883
vn 0.9945 -0.0356 -0.0987
vn 0.9945 -0.0129 -0.1041
vn 0.9945 0.0104 -0.1044
vn 0.9945 0.0332 -0.0995
vn 0.9945 0.0544 -0.0897
vn 0.9945 0.0729 -0.0754
vn 0.9948 0.0817 -0.0604
vn 0.9949 0.0080 -0.1001
vn 0.9459 0.0261 -0.3234
vn 0.8478 0.0362 -0.5291
vn 0.7053 0.0573 -0.7066
vn 0.5272 0.0634 -0.8474
vn 0.3203 0.0767 -0.9442
vn 0.0977 0.0805 -0.9919
vn 0.9954 0.0775 -0.0556
vn 0.9257 0.3073 -0.2206
vn 0.7095 0.5723 -0.4112
vn 0.3843 0.7497 -0.5388
vn 0.0978 0.8084 -0.5805
vn 0.3683 -0.0304 -0.9292
vn 0.0945 -0.0325 -0.9950
vn 0.0977 -0.1451 -0.9846
vn 0.3203 -0.1381 -0.9372
vn 0.5272 -0.1186 -0.8414
vn 0.7020 -0.0233 -0.7118
vn 0.9259 -0.0123 -0.3775
vn 0.8478 -0.0706 -0.5256
vn 0.7053 -0.1033 -0.7014
vn 0.9947 -0.0034 -0.1026
vn 0.9949 -0.0145 -0.0994
vn 0.9459 -0.0472 -0.3210
vn 0.0928 0.3827 -0.9192
vn 0.0991 0.2738 -0.9567
vn 0.3833 0.2638 -0.8852
vn 0.9957 0.0418 -0.0827
vn 0.9957 0.0555 -0.0742
vn 0.9277 0.1684 -0.3333
vn 0.9277 0.2237 -0.2989
vn 0.7125 0.3164 -0.6262
vn 0.7126 0.4203 -0.5618
vn 0.3821 0.4203 -0.8230
vn 0.3835 0.5520 -0.7404
vn 0.0979 0.4741 -0.8750
vn 0.9957 0.0675 -0.0634
vn 0.9277 0.2722 -0.2556
vn 0.7126 0.5115 -0.4802
vn 0.3866 0.6724 -0.6313
vn 0.9954 0.0153 -0.0942
vn 0.9957 0.0268 -0.0887
vn 0.9257 0.0610 -0.3734
vn 0.9277 0.1079 -0.3574
vn 0.7095 0.1140 -0.6954
vn 0.7125 0.2029 -0.6717
vn 0.3843 0.1495 -0.9110
vn 0.0982 0.1610 -0.9821
vn 0.0940 0.7324 -0.6743
vn 0.0847 0.6581 -0.7481
vn 0.0977 0.5731 -0.8136
vn 0.0982 -0.1449 -0.9846
vn 0.3222 -0.1379 -0.9366
vn 0.5290 -0.1274 -0.8390
vn 0.7130 -0.1095 -0.6925
vn 0.8465 -0.0895 -0.5248
vn 0.9478 -0.0465 -0.3154
vn 0.9954 -0.0140 -0.0947
vn 0.9954 0.0078 -0.0954
vn 0.9254 0.0307 -0.3776
vn 0.7092 0.0570 -0.7027
vn 0.3841 0.0745 -0.9203
vn 0.0982 0.0804 -0.9919
vn 0.9956 -0.0030 -0.0933
vn 0.9276 -0.0149 -0.3734
vn 0.3810 -0.0378 -0.9238
vn 0.7152 -0.0284 -0.6983
vn 0.1022 -0.0325 -0.9942
vn -0.9988 -0.0486 -0.0058
vn 0.9979 -0.0647 -0.0077
vn -0.9952 0.0973 0.0116
vn -0.9988 0.0486 0.0058
vn -0.9239 0.3800 0.0453
vn -0.3827 0.9174 0.1095
vn -0.0980 0.9882 0.1179
vn 0.1305 0.9845 0.1175
vn 0.2588 0.9591 0.1145
vn 0.2588 0.9591 0.1144
vn 0.8660 0.4965 0.0592
vn 0.9914 0.1296 0.0155
vn 0.9979 0.0647 0.0077
vn 0.0002 0.1185 -0.9930
vn 0.0001 0.1184 -0.9930
vn -0.0001 0.1187 -0.9929
vn -0.0000 0.1185 -0.9929
vn -0.0002 0.1185 -0.9930
vn -0.9914 0.1296 0.0155
vn -0.9979 0.0647 0.0077
vn -0.9659 0.2570 0.0307
vn -0.5000 0.8599 0.1026
vn -0.1305 0.9845 0.1175
vn 0.5000 0.8599 0.1026
vn 0.7071 0.7022 0.0838
vn 0.9659 0.2570 0.0307
vn -0.9982 0.0596 -0.0003
vn 0.9952 -0.0973 -0.0116
vn 0.9953 0.0960 0.0089
vn 0.9987 0.0505 0.0060
vn 0.9239 -0.3800 -0.0454
vn 0.3827 -0.9174 -0.1095
vn 0.0980 -0.9882 -0.1179
vn -0.9239 -0.3800 -0.0454
vn 0.9980 -0.0629 -0.0089
vn 0.9971 -0.0754 -0.0090
vn -0.9971 -0.0754 -0.0090
vn -0.9980 -0.0629 -0.0089
vn -0.9914 -0.1296 -0.0155
vn -0.9979 -0.0647 -0.0077
vn -0.9979 -0.0646 -0.0077
vn -0.9981 -0.0611 -0.0087
vn -0.9993 -0.0371 -0.0044
vn 0.0980 0.9882 0.1179
vn 0.3827 0.9174 0.1095
vn 0.9239 0.3800 0.0454
vn 0.9239 0.3800 0.0453
vn 0.9952 0.0973 0.0116
vn 0.9993 -0.0371 -0.0044
vn 0.9981 -0.0611 -0.0087
vn -0.9906 -0.1360 -0.0163
vn 0.9906 -0.1360 -0.0163
vn 0.0083 0.9819 0.1891
vn 0.0083 0.9988 0.0473
vn -0.0053 0.7788 0.6272
vn 0.0053 0.7788 0.6272
vn 0.0194 0.9117 0.4105
vn -0.0083 0.9819 0.1891
vn -0.0194 0.9117 0.4105
vn 0.0083 0.9819 0.1892
vn 0.0027 -0.9057 0.4240
vn 0.0089 -0.9829 0.1839
vn -0.0027 -0.9057 0.4240
vn -0.0089 -0.9829 0.1839
vn 0.0043 -0.9991 -0.0433
vn -0.0043 -0.9991 -0.0433
vn -0.0000 -0.9850 -0.1725
vn -0.0000 -0.8773 -0.4799
vn -0.0000 -0.9438 -0.3306
vn 0.0053 0.1866 -0.9824
vn 0.0079 0.3792 -0.9253
vn 0.0026 0.5518 -0.8340
vn 0.0014 0.6576 -0.7534
vn 0.0005 0.7562 -0.6543
vn -0.0000 0.8213 -0.5705
vn -0.0053 0.1866 -0.9824
vn 0.0116 0.0523 -0.9986
vn -0.0116 0.0523 -0.9986
vn 0.0116 -0.1173 -0.9930
vn -0.0107 -0.1165 -0.9931
vn -0.0000 -0.1831 -0.9831
vn 0.0107 0.0514 -0.9986
vn 0.0107 -0.1165 -0.9931
vn 0.0083 0.1891 -0.9819
vn 0.0222 0.9810 -0.1928
vn 0.0177 0.8708 -0.4913
vn 0.0177 0.6824 -0.7307
vn 0.0223 0.4182 -0.9081
vn -0.0083 0.9988 0.0473
vn -0.0079 0.3792 -0.9253
vn -0.0020 0.5521 -0.8338
vn -0.0005 0.7562 -0.6543
vn -0.0008 0.6574 -0.7536
vn -0.0116 -0.1173 -0.9930
vn -0.0107 0.0514 -0.9986
vn -0.0083 0.1891 -0.9819
vn -0.0222 0.9810 -0.1928
vn -0.0177 0.8708 -0.4913
vn -0.0177 0.6824 -0.7307
vn -0.0223 0.4182 -0.9081
vn -0.7587 0.6480 0.0672
vn -0.7339 0.6791 0.0173
vn -0.6556 0.7504 0.0840
vn -0.9239 0.3800 0.0452
vn -0.8165 0.5736 0.0649
vn -0.7071 0.7022 0.0836
vn -0.9000 0.4334 0.0468
vn -0.9777 0.2090 0.0208
vn 0.9774 0.2100 0.0249
vn 0.9238 0.3807 0.0407
vn 0.7489 0.6580 0.0781
vn 0.7789 0.6228 0.0729
vn 0.7061 0.7032 0.0839
vn 0.7061 0.7034 0.0817
vn 0.8162 0.5739 0.0668
vn 0.9029 0.4268 0.0509
vn 0.6500 0.7546 0.0901
vn 0.9988 -0.0486 -0.0058
vn 0.9979 0.0646 0.0077
vn 0.0490 -0.9918 -0.1184
vn -0.0490 -0.9918 -0.1184
vn -0.0000 -0.8498 -0.5270
vn 0.0054 -0.8052 -0.5930
vn 0.0054 0.7905 -0.6124
vn 0.0117 0.6106 -0.7918
vn 0.0108 0.3168 -0.9484
vn 0.0117 -0.0121 -0.9999
vn 0.0108 -0.3397 -0.9405
vn 0.0117 -0.6297 -0.7768
vn -0.0054 0.7905 -0.6124
vn -0.0000 0.8368 -0.5475
vn -0.0054 -0.8052 -0.5930
vn -0.0117 0.6106 -0.7918
vn -0.0108 0.3168 -0.9484
vn -0.0117 -0.0121 -0.9999
vn -0.0108 -0.3397 -0.9405
vn -0.0117 -0.6297 -0.7768
vn -0.0003 0.1186 -0.9929
vn 0.8660 -0.4965 -0.0592
vn 0.8660 -0.4965 -0.0593
vn 0.2588 -0.9591 -0.1145
vn -0.1305 -0.9845 -0.1175
vn -0.2588 -0.9591 -0.1145
vn -0.8660 -0.4965 -0.0593
vn -0.1305 0.9844 0.1176
vn 0.1305 0.9844 0.1176
vn -0.0002 0.1186 -0.9929
vn -0.0001 0.1186 -0.9929
vn -0.5000 0.8599 0.1027
vn 0.5000 0.8599 0.1027
vn 0.0001 0.1187 -0.9929
vn 0.0001 0.1186 -0.9929
vn -0.0000 0.9460 -0.3241
vn -0.0000 0.7118 -0.7024
vn -0.0000 0.3365 -0.9417
vn -0.0000 -0.1054 -0.9944
vn -0.0000 -0.1055 -0.9944
vn -0.0000 -0.5264 -0.8502
vn -0.0000 -0.8432 -0.5376
vn -0.0000 -0.9284 -0.3715
vn -0.0000 -0.8007 -0.5991
vn -0.0000 -0.6183 -0.7859
vn -0.0000 -0.1425 -0.9898
vn -0.0000 0.3715 -0.9284
vn -0.0000 0.7859 -0.6183
vn -0.0000 0.9192 -0.3938
vn -0.7071 0.6690 -0.2291
vn -0.7071 0.6690 -0.2292
vn -0.7071 0.5033 -0.4967
vn -0.7071 0.2380 -0.6659
vn -0.7071 0.2379 -0.6659
vn -0.7071 -0.0746 -0.7032
vn -0.7071 -0.0745 -0.7032
vn -0.7071 -0.3723 -0.6012
vn -0.7071 -0.5962 -0.3801
vn -0.0000 0.7117 -0.7024
vn -0.0000 -0.5265 -0.8502
vn 0.7071 -0.5962 -0.3801
vn 0.7071 -0.3723 -0.6012
vn 0.7071 -0.0746 -0.7032
vn 0.7071 -0.0745 -0.7032
vn 0.7071 0.2379 -0.6658
vn 0.7071 0.5033 -0.4967
vn 0.7071 0.6690 -0.2291
vn 0.7071 0.6690 -0.2292
vn 0.7070 0.0173 0.7070
vn 0.7072 -0.3385 0.6208
vn 0.7072 -0.3384 0.6208
vn 0.7071 -0.6036 0.3684
vn 0.7071 -0.6036 0.3685
vn 0.7070 -0.7070 0.0173
vn 0.7072 -0.6208 -0.3385
vn 0.7072 -0.6208 -0.3384
vn 0.7071 -0.3684 -0.6036
vn 0.7071 -0.3685 -0.6036
vn 0.7070 -0.0173 -0.7070
vn 0.7072 0.3385 -0.6208
vn 0.7072 0.3384 -0.6208
vn 0.7071 0.6036 -0.3684
vn 0.7071 0.6036 -0.3685
vn 0.7070 0.7070 -0.0173
vn 0.7072 0.6208 0.3385
vn 0.7072 0.6208 0.3384
vn 0.7071 0.3684 0.6036
vn 0.7071 0.3685 0.6036
s 0
usemtl grey.002
f 97//1 98//1 99//1
f 99//1 98//1 100//1
f 99//1 100//1 101//1
f 101//1 100//1 102//1
f 102//2 100//2 103//2
f 103//2 100//2 104//2
f 101//3 102//3 105//3
f 105//3 102//3 103//3
f 99//4 101//4 106//4
f 106//4 101//4 105//4
f 97//5 99//5 107//5
f 107//5 99//5 106//5
f 98//6 97//6 108//6
f 108//6 97//6 107//6
f 100//7 98//7 104//7
f 104//7 98//7 108//7
s 1
f 109//8 110//9 104//1
f 107//1 111//10 112//11
f 113//12 108//1 114//13
f 114//13 108//1 107//1
f 114//13 107//1 115//14
f 115//14 107//1 112//11
f 116//15 117//16 103//1
f 106//1 118//17 119//18
f 105//1 120//19 121//20
f 119//18 122//21 106//1
f 106//1 122//21 123//22
f 106//1 123//22 107//1
f 107//1 123//22 124//23
f 107//1 124//23 111//10
f 121//20 125//24 105//1
f 105//1 125//24 126//25
f 105//1 126//25 106//1
f 106//1 126//25 127//26
f 106//1 127//26 118//17
f 117//16 128//27 103//1
f 103//1 128//27 129//28
f 103//1 129//28 105//1
f 105//1 129//28 130//29
f 105//1 130//29 120//19
f 113//12 131//30 108//1
f 108//1 131//30 132//31
f 108//1 132//31 104//1
f 104//1 132//31 133//32
f 104//1 133//32 109//8
f 110//9 134//33 104//1
f 104//1 134//33 135//34
f 104//1 135//34 103//1
f 103//1 135//34 136//35
f 103//1 136//35 116//15
f 137//36 138//37 139//38
f 138//37 140//39 141//40
f 140//41 115//14 112//11
f 140//41 112//11 141//42
f 141//42 112//11 111//10
f 141//42 111//10 142//43
f 142//43 111//10 124//23
f 142//43 124//23 143//44
f 143//44 124//23 123//22
f 143//44 123//22 144//45
f 144//45 123//22 122//21
f 144//45 122//21 145//46
f 145//46 122//21 119//18
f 145//46 119//18 146//47
f 146//47 119//18 118//17
f 146//47 118//17 147//48
f 147//48 118//17 127//26
f 147//48 127//26 148//49
f 148//49 127//26 126//25
f 148//49 126//25 149//50
f 149//50 126//25 125//24
f 149//50 125//24 150//51
f 150//51 125//24 121//20
f 150//51 121//20 151//52
f 151//52 121//20 120//19
f 151//52 120//19 152//53
f 152//53 120//19 130//29
f 152//53 130//29 153//54
f 153//54 130//29 129//28
f 153//54 129//28 154//55
f 138//37 141//40 139//38
f 139//38 141//40 142//56
f 139//38 142//56 155//57
f 155//57 142//56 143//58
f 155//57 143//58 156//59
f 156//59 143//58 144//60
f 156//59 144//60 157//61
f 157//61 144//60 145//62
f 157//61 145//62 158//63
f 158//63 145//62 146//64
f 158//63 146//64 159//65
f 159//65 146//64 147//66
f 159//65 147//66 160//67
f 160//67 147//66 148//68
f 160//67 148//68 161//69
f 161//69 148//68 149//70
f 161//69 149//70 162//71
f 162//71 149//70 150//72
f 162//71 150//72 163//73
f 163//73 150//72 151//74
f 163//73 151//74 164//75
f 164//75 151//74 152//76
f 164//75 152//76 165//77
f 165//77 152//76 153//78
f 165//77 153//78 166//79
f 166//79 153//78 154//80
f 166//79 154//80 167//81
f 137//36 139//38 168//82
f 168//82 139//38 155//57
f 168//82 155//57 169//83
f 169//83 155//57 156//59
f 169//83 156//59 170//84
f 170//84 156//59 157//61
f 170//84 157//61 171//85
f 171//85 157//61 158//63
f 171//85 158//63 172//86
f 172//86 158//63 159//65
f 172//86 159//65 173//87
f 173//87 159//65 160//67
f 173//87 160//67 174//88
f 174//88 160//67 161//69
f 174//88 161//69 175//89
f 175//89 161//69 162//71
f 175//89 162//71 176//90
f 176//90 162//71 163//73
f 176//90 163//73 177//91
f 177//91 163//73 164//75
f 177//91 164//75 178//92
f 178//92 164//75 165//77
f 178//92 165//77 179//93
f 179//93 165//77 166//79
f 179//93 166//79 180//94
f 180//94 166//79 167//81
f 180//94 167//81 181//95
f 181//95 167//81 182//96
f 167//81 154//80 183//97
f 154//55 129//28 128//27
f 154//55 128//27 183//98
f 183//98 128//27 117//16
f 183//98 117//16 184//99
f 184//99 117//16 116//15
f 184//99 116//15 185//100
f 185//100 116//15 136//35
f 185//100 136//35 186//101
f 186//101 136//35 135//34
f 186//101 135//34 187//102
f 187//102 135//34 134//33
f 187//102 134//33 188//103
f 188//103 134//33 110//9
f 188//103 110//9 189//104
f 189//104 110//9 109//8
f 189//104 109//8 190//105
f 190//105 109//8 133//32
f 190//105 133//32 191//106
f 191//106 133//32 132//31
f 191//106 132//31 192//107
f 192//107 132//31 131//30
f 192//107 131//30 193//108
f 193//108 131//30 113//12
f 193//108 113//12 194//109
f 194//109 113//12 114//13
f 194//109 114//13 195//110
f 195//110 114//13 115//14
f 195//110 115//14 140//41
f 167//81 183//97 182//96
f 182//96 183//97 184//111
f 182//96 184//111 196//112
f 196//112 184//111 185//113
f 196//112 185//113 197//114
f 197//114 185//113 186//115
f 197//114 186//115 198//116
f 198//116 186//115 187//117
f 198//116 187//117 199//118
f 199//118 187//117 188//119
f 199//118 188//119 200//120
f 200//120 188//119 189//121
f 200//120 189//121 201//122
f 201//122 189//121 190//123
f 201//122 190//123 202//124
f 202//124 190//123 191//125
f 202//124 191//125 203//126
f 203//126 191//125 192//127
f 203//126 192//127 204//128
f 204//128 192//127 193//129
f 204//128 193//129 205//130
f 205//130 193//129 194//131
f 205//130 194//131 206//132
f 206//132 194//131 195//133
f 206//132 195//133 207//134
f 207//134 195//133 140//39
f 207//134 140//39 138//37
f 181//95 182//96 208//135
f 208//135 182//96 196//112
f 208//135 196//112 209//136
f 209//136 196//112 197//114
f 209//136 197//114 210//137
f 210//137 197//114 198//116
f 210//137 198//116 211//138
f 211//138 198//116 199//118
f 211//138 199//118 212//139
f 212//139 199//118 200//120
f 212//139 200//120 213//140
f 213//140 200//120 201//122
f 213//140 201//122 214//141
f 214//141 201//122 202//124
f 214//141 202//124 215//142
f 215//142 202//124 203//126
f 215//142 203//126 216//143
f 216//143 203//126 204//128
f 216//143 204//128 217//144
f 217//144 204//128 205//130
f 217//144 205//130 218//145
f 218//145 205//130 206//132
f 218//145 206//132 219//146
f 219//146 206//132 207//134
f 219//146 207//134 220//147
f 220//147 207//134 138//37
f 220//147 138//37 137//36
f 137//36 168//82 221//148
f 221//148 168//82 222//149
f 168//82 169//83 222//149
f 222//149 169//83 170//84
f 222//149 170//84 223//150
f 170//84 171//85 223//150
f 223//150 171//85 172//86
f 223//150 172//86 224//151
f 172//86 173//87 224//151
f 224//151 173//87 174//88
f 224//151 174//88 225//152
f 174//88 175//89 225//152
f 225//152 175//89 176//90
f 225//152 176//90 226//153
f 176//90 177//91 226//153
f 226//153 177//91 178//92
f 226//153 178//92 227//154
f 181//95 228//155 180//94
f 180//94 228//155 227//154
f 180//94 227//154 179//93
f 179//93 227//154 178//92
f 181//95 208//135 228//155
f 228//155 208//135 229//156
f 208//135 209//136 229//156
f 229//156 209//136 210//137
f 229//156 210//137 230//157
f 210//137 211//138 230//157
f 230//157 211//138 212//139
f 230//157 212//139 231//158
f 212//139 213//140 231//158
f 231//158 213//140 214//141
f 231//158 214//141 232//159
f 214//141 215//142 232//159
f 232//159 215//142 216//143
f 232//159 216//143 233//160
f 216//143 217//144 233//160
f 233//160 217//144 218//145
f 233//160 218//145 234//161
f 137//36 221//148 220//147
f 220//147 221//148 234//161
f 220//147 234//161 219//146
f 219//146 234//161 218//145
s 0
f 239//162 241//162 249//162
f 251//162 252//162 253//162
f 253//162 252//162 235//162
f 253//162 235//162 254//162
f 255//162 254//162 256//162
f 256//162 254//162 235//162
f 256//162 235//162 249//162
f 249//162 235//162 237//162
f 249//162 237//162 239//162
f 241//162 243//162 249//162
f 249//162 243//162 245//162
f 249//162 245//162 247//162
f 329//1 330//1 331//1
f 331//1 330//1 321//1
f 330//1 332//1 333//1
f 334//1 331//1 327//1
f 327//1 331//1 321//1
f 327//1 321//1 325//1
f 325//1 321//1 323//1
f 319//1 321//1 317//1
f 317//1 321//1 330//1
f 317//1 330//1 315//1
f 315//1 330//1 333//1
f 315//1 333//1 313//1
s 1
f 1327//163 1328//164 1310//165
f 1310//165 1328//164 1312//166
f 1328//164 1329//167 1312//166
f 1312//166 1329//167 1330//168
f 1312//166 1330//168 1314//169
f 1330//168 1331//170 1314//169
f 1314//169 1331//170 1332//171
f 1314//169 1332//171 1315//172
f 1332//171 1333//173 1315//172
f 1315//172 1333//173 1334//174
f 1315//172 1334//174 1317//175
f 1317//175 1334//174 1335//176
f 1317//175 1335//176 1319//177
f 1335//176 1336//178 1319//177
f 1319//177 1336//178 1337//179
f 1319//177 1337//179 1321//180
f 1338//181 1323//182 1339//183
f 1339//183 1323//182 1321//180
f 1339//183 1321//180 1340//184
f 1340//184 1321//180 1337//179
f 1338//181 1341//185 1323//182
f 1323//182 1341//185 1325//186
f 1341//185 1342//187 1325//186
f 1325//186 1342//187 1343//188
f 1325//186 1343//188 1326//189
f 1343//188 1344//190 1326//189
f 1326//189 1344//190 1345//191
f 1326//189 1345//191 1302//192
f 1345//191 1346//193 1302//192
f 1302//192 1346//193 1347//194
f 1302//192 1347//194 1304//195
f 1347//194 1348//196 1304//195
f 1304//195 1348//196 1349//197
f 1304//195 1349//197 1306//198
f 1349//197 1350//199 1306//198
f 1306//198 1350//199 1351//200
f 1306//198 1351//200 1308//201
f 1327//163 1310//165 1352//202
f 1352//202 1310//165 1308//201
f 1352//202 1308//201 1353//203
f 1353//203 1308//201 1351//200
f 1354//204 1355//205 1356//206
f 1357//207 1358//208 1359//209
f 1359//209 1358//208 1360//210
f 1359//209 1360//210 1361//211
f 1361//211 1360//210 1362//212
f 1361//211 1362//212 1363//213
f 1363//213 1362//212 1364//214
f 1363//213 1364//214 1365//215
f 1365//215 1364//214 1366//216
f 1365//215 1366//216 1367//217
f 1367//217 1366//216 1368//218
f 1367//217 1368//218 1369//219
f 1369//219 1368//218 1370//220
f 1369//219 1370//220 1371//221
f 1371//221 1370//220 1354//204
f 1371//221 1354//204 1372//222
f 1372//222 1354//204 1356//206
f 1373//223 1374//224 1375//225
f 1375//225 1374//224 1355//205
f 1355//205 1354//204 1375//225
f 1375//225 1354//204 1370//220
f 1375//225 1370//220 1376//226
f 1376//226 1370//220 1368//218
f 1376//226 1368//218 1377//227
f 1377//227 1368//218 1366//216
f 1377//227 1366//216 1378//228
f 1378//228 1366//216 1364//214
f 1378//228 1364//214 1379//229
f 1379//229 1364//214 1362//212
f 1379//229 1362//212 1380//230
f 1380//230 1362//212 1360//210
f 1380//230 1360//210 1381//231
f 1381//231 1360//210 1358//208
f 1381//231 1358//208 1382//232
f 1357//207 1383//233 1358//208
f 1358//208 1383//233 1384//234
f 1358//208 1384//234 1382//232
f 1382//232 1384//234 1385//235
f 1382//232 1385//235 1386//236
f 1373//223 1375//225 1387//237
f 1387//237 1375//225 1376//226
f 1387//237 1376//226 1388//238
f 1388//238 1376//226 1377//227
f 1388//238 1377//227 1389//239
f 1389//239 1377//227 1378//228
f 1389//239 1378//228 1390//240
f 1390//240 1378//228 1379//229
f 1390//240 1379//229 1391//241
f 1391//241 1379//229 1380//230
f 1391//241 1380//230 1392//242
f 1392//242 1380//230 1381//231
f 1392//242 1381//231 1393//243
f 1393//243 1381//231 1382//232
f 1393//243 1382//232 1394//244
f 1394//244 1382//232 1386//236
f 1394//244 1386//236 1395//245
f 1328//164 1327//163 1387//237
f 1387//237 1327//163 1396//246
f 1387//237 1396//246 1373//223
f 1336//178 1335//176 1392//242
f 1392//242 1335//176 1334//174
f 1392//242 1334//174 1391//241
f 1391//241 1334//174 1333//173
f 1391//241 1333//173 1390//240
f 1390//240 1333//173 1332//171
f 1390//240 1332//171 1389//239
f 1389//239 1332//171 1331//170
f 1389//239 1331//170 1388//238
f 1388//238 1331//170 1330//168
f 1388//238 1330//168 1387//237
f 1387//237 1330//168 1329//167
f 1387//237 1329//167 1328//164
f 1336//178 1392//242 1337//179
f 1337//179 1392//242 1393//243
f 1337//179 1393//243 1340//184
f 1340//184 1393//243 1394//244
f 1340//184 1394//244 1339//183
f 1339//183 1394//244 1395//245
f 1339//183 1395//245 1338//181
f 1385//235 1384//234 1397//247
f 1397//247 1384//234 1383//233
f 1395//245 1386//236 1398//248
f 1398//248 1386//236 1385//235
f 1341//185 1338//181 1395//245
f 1356//206 1399//249 1400//250
f 1400//250 1399//249 1401//251
f 1400//250 1401//251 1402//252
f 1402//252 1401//251 1403//253
f 1402//252 1403//253 1404//254
f 1404//254 1403//253 1405//255
f 1404//254 1405//255 1406//256
f 1406//256 1405//255 1407//257
f 1406//256 1407//257 1408//258
f 1408//258 1407//257 1409//259
f 1408//258 1409//259 1410//260
f 1410//260 1409//259 1411//261
f 1410//260 1411//261 1412//262
f 1412//262 1411//261 1413//263
f 1412//262 1413//263 1414//264
f 1414//264 1413//263 1415//265
f 1414//264 1415//265 1416//266
f 1416//266 1415//265 1417//267
f 1416//266 1417//267 1418//268
f 1418//268 1417//267 1419//269
f 1418//268 1419//269 1420//270
f 1420//270 1419//269 1421//271
f 1420//270 1421//271 1422//272
f 1422//272 1421//271 1397//247
f 1422//272 1397//247 1423//273
f 1423//273 1397//247 1383//233
f 1423//273 1383//233 1357//207
f 1385//235 1397//247 1398//248
f 1398//248 1397//247 1421//274
f 1398//248 1421//274 1424//275
f 1424//275 1421//274 1419//276
f 1424//275 1419//276 1425//277
f 1425//277 1419//276 1417//278
f 1425//277 1417//278 1426//279
f 1426//279 1417//278 1415//280
f 1426//279 1415//280 1427//281
f 1427//281 1415//280 1413//282
f 1427//281 1413//282 1428//283
f 1428//283 1413//282 1411//284
f 1428//283 1411//284 1429//285
f 1429//285 1411//284 1409//286
f 1429//285 1409//286 1430//287
f 1430//287 1409//286 1407//288
f 1430//287 1407//288 1431//289
f 1431//289 1407//288 1405//290
f 1431//289 1405//290 1432//291
f 1432//291 1405//290 1403//292
f 1432//291 1403//292 1433//293
f 1433//293 1403//292 1401//294
f 1433//293 1401//294 1434//295
f 1434//295 1401//294 1399//249
f 1434//295 1399//249 1435//296
f 1356//206 1355//205 1399//249
f 1399//249 1355//205 1374//224
f 1399//249 1374//224 1435//296
f 1435//296 1374//224 1373//223
f 1435//296 1373//223 1396//246
f 1395//245 1398//248 1341//185
f 1341//185 1398//248 1424//275
f 1341//185 1424//275 1342//187
f 1342//187 1424//275 1425//277
f 1342//187 1425//277 1343//188
f 1343//188 1425//277 1426//279
f 1343//188 1426//279 1344//190
f 1344//190 1426//279 1427//281
f 1344//190 1427//281 1345//191
f 1345//191 1427//281 1428//283
f 1345//191 1428//283 1346//193
f 1346//193 1428//283 1429//285
f 1346//193 1429//285 1347//194
f 1347//194 1429//285 1430//287
f 1347//194 1430//287 1348//196
f 1348//196 1430//287 1431//289
f 1348//196 1431//289 1349//197
f 1349//197 1431//289 1432//291
f 1349//197 1432//291 1350//199
f 1350//199 1432//291 1433//293
f 1350//199 1433//293 1351//200
f 1351//200 1433//293 1434//295
f 1351//200 1434//295 1353//203
f 1353//203 1434//295 1435//296
f 1353//203 1435//296 1352//202
f 1352//202 1435//296 1396//246
f 1352//202 1396//246 1327//163
f 1420//270 1422//272 1436//162
f 1436//162 1422//272 1423//273
f 1361//211 1437//162 1359//209
f 1359//209 1437//162 1436//162
f 1359//209 1436//162 1357//207
f 1357//207 1436//162 1423//273
f 1412//262 1414//264 1438//162
f 1438//162 1414//264 1416//266
f 1438//162 1416//266 1436//162
f 1436//162 1416//266 1418//268
f 1436//162 1418//268 1420//270
f 1400//250 1402//252 1439//162
f 1439//162 1402//252 1404//254
f 1400//250 1439//162 1356//206
f 1356//206 1439//162 1440//162
f 1356//206 1440//162 1372//222
f 1361//211 1363//213 1437//162
f 1437//162 1363//213 1365//215
f 1437//162 1365//215 1441//162
f 1404//254 1406//256 1439//162
f 1439//162 1406//256 1408//258
f 1439//162 1408//258 1438//162
f 1438//162 1408//258 1410//260
f 1438//162 1410//260 1412//262
f 1365//215 1367//217 1441//162
f 1441//162 1367//217 1369//219
f 1441//162 1369//219 1440//162
f 1440//162 1369//219 1371//221
f 1440//162 1371//221 1372//222
s 0
f 1442//297 1436//297 1443//297
f 1443//298 1436//298 1437//298
f 1443//298 1437//298 1444//298
f 1445//299 1438//299 1446//299
f 1446//300 1438//300 1436//300
f 1446//300 1436//300 1442//300
f 1447//301 1439//301 1448//301
f 1448//301 1439//301 1438//301
f 1448//301 1438//301 1445//301
f 1449//302 1440//302 1450//302
f 1450//303 1440//303 1439//303
f 1450//303 1439//303 1447//303
f 1451//304 1441//304 1452//304
f 1452//304 1441//304 1440//304
f 1452//304 1440//304 1449//304
f 1444//305 1437//305 1453//305
f 1453//305 1437//305 1441//305
f 1453//305 1441//305 1451//305
f 1453//162 1454//162 1444//162
f 1444//162 1454//162 1455//162
f 1444//162 1455//162 1443//162
f 1446//162 1442//162 1456//162
f 1456//162 1442//162 1443//162
f 1448//162 1445//162 1457//162
f 1457//162 1445//162 1446//162
f 1450//162 1447//162 1458//162
f 1458//162 1447//162 1448//162
f 1450//162 1459//162 1449//162
f 1449//162 1459//162 1460//162
f 1449//306 1460//306 1452//306
f 1452//162 1461//162 1451//162
f 1451//162 1461//162 1462//162
f 1451//162 1462//162 1453//162
s 1
f 1463//307 1455//308 1454//309
f 1443//310 1455//308 1463//307
f 1463//307 1462//311 1461//312
f 1453//313 1462//311 1463//307
f 1463//307 1459//314 1450//315
f 1460//316 1459//314 1463//307
f 1452//317 1460//316 1463//307
f 1461//312 1452//317 1463//307
f 1454//309 1453//313 1463//307
f 1463//307 1448//318 1457//319
f 1458//320 1448//318 1463//307
f 1450//315 1458//320 1463//307
f 1463//307 1456//321 1443//310
f 1446//322 1456//321 1463//307
f 1457//319 1446//322 1463//307
usemtl black.002
f 1//323 2//323 3//324
f 1//323 3//324 4//324
f 4//324 3//324 5//325
f 4//324 5//325 6//325
f 6//325 5//325 7//326
f 6//325 7//326 8//326
f 8//326 7//326 9//327
f 8//326 9//327 10//327
f 10//327 9//327 11//328
f 10//327 11//328 12//328
f 12//328 11//328 13//329
f 12//328 13//329 14//329
f 14//329 13//329 15//330
f 14//329 15//330 16//331
f 16//331 15//330 17//332
f 16//331 17//332 18//332
f 18//332 17//332 19//333
f 18//334 19//333 20//333
f 20//333 19//333 21//335
f 20//333 21//335 22//335
f 22//335 21//335 23//336
f 22//335 23//336 24//336
f 24//336 23//336 25//337
f 24//336 25//337 26//337
f 26//337 25//337 27//338
f 26//337 27//338 28//338
f 28//338 27//338 29//339
f 28//338 29//339 30//339
f 30//339 29//339 31//340
f 30//339 31//340 32//340
f 32//340 31//340 33//341
f 32//340 33//341 34//342
f 34//342 33//341 35//343
f 34//342 35//343 36//343
f 36//343 35//343 2//323
f 36//343 2//323 1//323
s 0
f 15//1 33//1 31//1
f 33//1 15//1 35//1
f 35//1 15//1 3//1
f 35//1 3//1 2//1
f 31//1 29//1 15//1
f 15//1 29//1 27//1
f 15//1 27//1 25//1
f 15//1 13//1 11//1
f 19//1 17//1 21//1
f 21//1 17//1 15//1
f 21//1 15//1 23//1
f 23//1 15//1 25//1
f 5//1 3//1 7//1
f 7//1 3//1 15//1
f 7//1 15//1 9//1
f 9//1 15//1 11//1
f 37//162 38//162 39//162
f 38//162 40//162 41//162
f 42//162 43//162 44//162
f 38//162 45//162 40//162
f 40//162 45//162 46//162
f 40//162 46//162 42//162
f 44//162 47//162 48//162
f 42//162 44//162 40//162
f 40//162 44//162 48//162
f 40//162 48//162 49//162
f 41//162 50//162 38//162
f 38//162 50//162 51//162
f 38//162 51//162 39//162
f 52//162 53//162 39//162
f 39//162 53//162 54//162
f 39//162 54//162 37//162
s 1
f 55//344 37//344 54//345
f 55//344 54//345 56//345
f 56//345 54//345 53//346
f 56//345 53//346 57//346
f 57//346 53//346 52//347
f 57//346 52//347 58//347
f 58//347 52//347 39//348
f 58//347 39//348 59//348
f 59//348 39//348 51//349
f 59//348 51//349 60//349
f 60//349 51//349 50//350
f 60//349 50//350 61//350
f 61//350 50//350 41//351
f 61//350 41//351 62//351
f 62//351 41//351 40//352
f 62//351 40//352 63//352
f 63//352 40//352 49//353
f 63//352 49//353 64//353
f 64//353 49//353 48//354
f 64//353 48//354 65//354
f 65//354 48//354 47//355
f 65//354 47//355 66//355
f 66//355 47//355 44//356
f 66//355 44//356 67//356
f 67//356 44//356 43//357
f 67//356 43//357 68//357
f 68//357 43//357 42//358
f 68//357 42//358 69//358
f 69//358 42//358 46//359
f 69//358 46//359 70//359
f 70//359 46//359 45//360
f 70//359 45//361 71//361
f 71//361 45//361 38//362
f 71//361 38//362 72//362
f 72//362 38//362 37//344
f 72//362 37//344 55//344
f 73//80 74//80 75//363
f 73//80 75//363 76//363
f 76//363 75//363 77//364
f 76//363 77//364 78//365
f 78//365 77//364 79//66
f 78//365 79//66 80//66
f 80//66 79//66 81//366
f 80//66 81//366 82//366
f 82//366 81//366 83//367
f 82//366 83//367 84//368
f 84//368 83//367 85//39
f 84//368 85//39 86//39
f 86//39 85//39 87//369
f 86//39 87//369 88//369
f 88//369 87//369 89//370
f 88//369 89//370 90//371
f 90//371 89//370 91//121
f 90//371 91//121 92//121
f 92//121 91//121 93//372
f 92//121 93//372 94//372
f 94//372 93//372 95//373
f 94//372 95//373 96//374
f 96//374 95//373 74//80
f 96//374 74//80 73//80
s 0
f 92//162 232//162 90//162
f 90//162 232//162 233//162
f 90//162 233//162 88//162
f 88//162 233//162 234//162
f 88//162 234//162 86//162
f 86//162 234//162 221//162
f 86//162 221//162 84//162
f 84//162 221//162 222//162
f 84//162 222//162 82//162
f 82//162 222//162 223//162
f 82//162 223//162 80//162
f 223//162 224//162 80//162
f 80//162 224//162 225//162
f 80//162 225//162 78//162
f 78//162 225//162 226//162
f 78//162 226//162 76//162
f 76//162 226//162 227//162
f 76//162 227//162 73//162
f 73//162 227//162 228//162
f 73//162 228//162 96//162
f 96//162 228//162 229//162
f 96//162 229//162 94//162
f 94//162 229//162 230//162
f 94//162 230//162 92//162
f 92//162 230//162 231//162
f 92//162 231//162 232//162
s 1
f 235//375 236//375 237//376
f 237//376 236//375 238//377
f 237//376 238//377 239//378
f 239//378 238//377 240//378
f 239//378 240//378 241//379
f 241//379 240//378 242//380
f 241//379 242//380 243//381
f 243//381 242//380 244//381
f 243//381 244//381 245//382
f 245//382 244//381 246//382
f 245//382 246//382 247//383
f 247//383 246//382 248//384
f 247//383 248//384 249//385
f 249//385 248//384 250//386
s 0
f 257//162 258//162 259//162
f 259//162 258//162 260//162
f 259//162 260//162 261//162
f 261//162 260//162 262//162
f 261//162 262//162 263//162
f 263//162 262//162 264//162
f 263//162 264//162 265//162
f 265//162 264//162 266//162
f 265//162 266//162 267//162
f 267//162 266//162 268//162
f 267//162 268//162 269//162
f 268//162 270//162 269//162
f 269//162 270//162 271//162
f 269//162 271//162 272//162
f 272//162 271//162 273//162
f 272//162 273//162 274//162
f 274//162 273//162 275//162
f 274//162 275//162 276//162
f 276//162 275//162 277//162
f 276//162 277//162 278//162
f 278//162 277//162 279//162
f 278//162 279//162 280//162
f 280//162 279//162 281//162
f 280//162 281//162 257//162
f 257//162 281//162 282//162
f 257//162 282//162 258//162
s 1
f 260//387 283//387 262//388
f 262//388 283//387 284//388
f 262//388 284//388 264//389
f 264//389 284//388 285//389
f 264//389 285//389 266//390
f 266//390 285//389 286//390
f 266//390 286//390 268//391
f 268//391 286//390 287//391
f 268//391 287//391 270//392
f 270//392 287//391 288//392
f 270//392 288//392 271//393
f 271//393 288//392 289//393
f 271//393 289//393 273//394
f 273//394 289//393 290//394
s 0
f 81//1 291//1 83//1
f 83//1 291//1 292//1
f 83//1 292//1 85//1
f 85//1 292//1 293//1
f 85//1 293//1 87//1
f 87//1 293//1 294//1
f 87//1 294//1 89//1
f 89//1 294//1 295//1
f 89//1 295//1 91//1
f 91//1 295//1 296//1
f 91//1 296//1 93//1
f 296//1 297//1 93//1
f 93//1 297//1 298//1
f 93//1 298//1 95//1
f 95//1 298//1 299//1
f 95//1 299//1 74//1
f 74//1 299//1 300//1
f 74//1 300//1 75//1
f 75//1 300//1 301//1
f 75//1 301//1 77//1
f 77//1 301//1 302//1
f 77//1 302//1 79//1
f 79//1 302//1 303//1
f 79//1 303//1 81//1
f 81//1 303//1 304//1
f 81//1 304//1 291//1
s 1
f 296//394 305//394 297//393
f 297//393 305//394 306//393
f 297//393 306//393 298//392
f 298//392 306//393 307//392
f 298//392 307//392 299//391
f 299//391 307//392 308//391
f 299//391 308//391 300//390
f 300//390 308//391 309//390
f 300//390 309//390 301//389
f 301//389 309//390 310//389
f 301//395 310//395 302//388
f 302//388 310//395 311//388
f 302//388 311//388 303//387
f 303//387 311//388 312//387
f 313//396 314//396 315//397
f 315//397 314//396 316//397
f 315//397 316//397 317//398
f 317//398 316//397 318//398
f 317//398 318//398 319//399
f 319//399 318//398 320//400
f 319//399 320//400 321//401
f 321//401 320//400 322//401
f 321//401 322//401 323//402
f 323//402 322//401 324//402
f 323//402 324//402 325//403
f 325//403 324//402 326//404
f 325//403 326//404 327//405
f 327//405 326//404 328//405
f 335//387 336//387 337//406
f 337//406 336//387 338//406
f 337//407 338//407 339//408
f 339//408 338//407 340//408
f 339//408 340//408 341//409
f 341//409 340//408 342//409
f 341//409 342//409 343//410
f 343//410 342//409 344//410
f 343//410 344//410 345//411
f 345//411 344//410 346//411
s 0
f 345//412 346//412 347//412
f 347//412 346//412 348//412
f 342//162 349//162 344//162
f 344//162 349//162 350//162
f 344//162 350//162 346//162
f 346//162 350//162 351//162
f 346//162 351//162 348//162
f 348//162 351//162 352//162
f 348//162 352//162 353//162
f 353//162 352//162 354//162
f 353//162 354//162 355//162
f 355//162 354//162 356//162
f 355//162 356//162 357//162
f 356//162 358//162 357//162
f 357//162 358//162 359//162
f 357//162 359//162 360//162
f 360//162 359//162 361//162
f 360//162 361//162 362//162
f 362//162 361//162 363//162
f 362//162 363//162 336//162
f 336//162 363//162 364//162
f 336//162 364//162 338//162
f 338//162 364//162 365//162
f 338//162 365//162 340//162
f 340//162 365//162 366//162
f 340//162 366//162 342//162
f 342//162 366//162 367//162
f 342//162 367//162 349//162
s 1
f 364//387 368//387 365//388
f 365//388 368//387 369//388
f 365//388 369//388 366//389
f 366//389 369//388 370//389
f 366//389 370//389 367//390
f 367//390 370//389 371//390
f 367//390 371//390 349//391
f 349//391 371//390 372//391
f 349//391 372//391 350//413
f 350//413 372//391 373//413
f 350//413 373//413 351//414
f 351//414 373//413 374//414
f 351//414 374//414 352//394
f 352//394 374//414 375//394
f 376//387 377//387 378//406
f 378//406 377//387 379//406
f 378//407 379//407 380//408
f 380//408 379//407 381//408
f 380//408 381//408 382//409
f 382//409 381//408 383//409
f 382//409 383//409 384//410
f 384//410 383//409 385//410
f 384//410 385//410 386//411
f 386//411 385//410 387//411
s 0
f 386//412 387//412 388//412
f 388//412 387//412 389//412
f 382//1 390//1 380//1
f 380//1 390//1 391//1
f 380//1 391//1 378//1
f 378//1 391//1 392//1
f 378//1 392//1 376//1
f 376//1 392//1 393//1
f 376//1 393//1 394//1
f 394//1 393//1 395//1
f 394//1 395//1 396//1
f 396//1 395//1 397//1
f 396//1 397//1 398//1
f 397//1 399//1 398//1
f 398//1 399//1 400//1
f 398//1 400//1 401//1
f 401//1 400//1 402//1
f 401//1 402//1 403//1
f 403//1 402//1 404//1
f 403//1 404//1 388//1
f 388//1 404//1 405//1
f 388//1 405//1 386//1
f 386//1 405//1 406//1
f 386//1 406//1 384//1
f 384//1 406//1 407//1
f 384//1 407//1 382//1
f 382//1 407//1 408//1
f 382//1 408//1 390//1
s 1
f 405//394 409//394 406//414
f 406//414 409//394 410//414
f 406//414 410//414 407//413
f 407//413 410//414 411//413
f 407//413 411//413 408//391
f 408//391 411//413 412//391
f 408//391 412//391 390//390
f 390//390 412//391 413//390
f 390//390 413//390 391//389
f 391//389 413//390 414//389
f 391//389 414//389 392//388
f 392//388 414//389 415//388
f 392//388 415//388 393//387
f 393//387 415//388 416//387
f 417//415 418//415 419//416
f 419//416 418//415 420//416
f 419//416 420//416 421//417
f 421//417 420//416 422//417
f 421//417 422//417 423//418
f 423//418 422//417 424//418
f 423//418 424//418 425//419
f 425//419 424//418 426//419
f 427//420 428//420 429//421
f 429//421 428//420 430//421
f 429//421 430//421 431//385
f 431//385 430//421 432//385
f 431//422 432//422 433//423
f 433//423 432//422 434//423
s 0
f 435//424 436//424 434//424
f 435//425 434//425 437//425
f 434//425 432//425 437//425
f 437//425 432//425 430//425
f 437//425 430//425 438//425
f 438//426 430//426 428//426
f 438//426 428//426 439//426
f 440//426 441//426 426//426
f 418//427 442//427 443//427
f 418//425 443//425 420//425
f 420//427 443//427 444//427
f 420//427 444//427 422//427
f 440//425 426//425 444//425
f 444//425 426//425 424//425
f 444//427 424//427 422//427
f 445//428 446//428 447//428
f 447//428 446//428 448//428
f 449//429 450//429 451//429
f 451//429 450//429 452//429
f 453//425 454//425 455//425
f 456//425 457//425 458//425
f 458//425 457//425 459//425
f 458//425 459//425 460//425
f 460//425 459//425 461//425
f 454//424 462//424 463//424
f 464//425 465//425 466//425
f 455//425 454//425 467//425
f 467//425 454//425 463//425
f 467//430 463//430 468//430
f 469//431 470//431 471//431
f 471//427 470//427 461//427
f 471//425 461//425 455//425
f 455//425 461//425 459//425
f 455//425 459//425 453//425
f 453//425 459//425 464//425
f 453//425 464//425 472//425
f 472//425 464//425 466//425
s 1
f 473//432 474//433 475//434
f 476//435 477//436 478//437
f 479//438 480//439 481//440
f 477//436 482//441 483//442
f 477//436 483//442 478//437
f 478//437 483//442 484//443
f 478//437 484//443 485//444
f 485//444 484//443 486//445
f 485//444 486//445 487//446
f 487//446 486//445 488//447
f 487//446 488//447 489//448
f 490//449 491//450 492//451
f 492//451 491//450 476//435
f 476//435 478//437 492//451
f 492//451 478//437 485//444
f 492//451 485//444 493//452
f 493//452 485//444 487//446
f 493//452 487//446 494//453
f 494//453 487//446 489//448
f 494//453 489//448 495//454
f 481//440 496//455 479//438
f 479//438 496//455 497//456
f 479//438 497//456 498//457
f 490//449 492//451 499//458
f 499//458 492//451 493//452
f 499//458 493//452 500//459
f 500//459 493//452 494//453
f 500//459 494//453 501//460
f 501//460 494//453 495//454
f 501//460 495//454 502//461
f 503//462 504//463 499//458
f 499//458 504//463 505//464
f 499//458 505//464 490//449
f 506//465 507//466 502//461
f 502//461 507//466 508//467
f 502//461 508//467 501//460
f 501//460 508//467 509//468
f 501//460 509//468 500//459
f 500//459 509//468 510//469
f 500//459 510//469 499//458
f 499//458 510//469 511//470
f 499//458 511//470 503//462
f 474//433 506//465 475//434
f 475//434 506//465 502//461
f 475//434 502//461 512//471
f 512//471 502//461 495//454
f 512//471 495//454 513//472
f 513//472 495//454 489//448
f 513//472 489//448 514//473
f 514//473 489//448 488//447
f 515//474 473//432 516//475
f 516//475 473//432 475//434
f 516//475 475//434 498//457
f 498//457 475//434 512//471
f 498//457 512//471 479//438
f 479//438 512//471 513//472
f 479//438 513//472 480//439
f 480//439 513//472 514//473
f 497//456 517//476 498//457
f 498//457 517//476 518//477
f 498//457 518//477 516//475
f 516//475 518//477 519//478
f 516//475 519//478 515//474
f 515//474 519//478 520//479
f 504//463 521//480 505//464
f 505//464 521//480 522//481
f 505//464 522//481 490//449
f 490//449 522//481 523//482
f 490//449 523//482 491//450
f 491//450 523//482 524//483
f 491//450 524//483 476//435
f 476//435 524//483 525//484
f 476//435 525//484 477//436
f 477//436 525//484 526//485
f 477//436 526//485 482//441
f 482//441 526//485 527//486
f 528//487 520//479 529//488
f 529//488 520//479 519//478
f 529//488 519//478 530//489
f 530//489 519//478 518//477
f 530//489 518//477 531//490
f 531//490 518//477 517//476
f 531//490 517//476 532//491
f 532//491 517//476 497//456
f 532//491 497//456 533//492
f 533//492 497//456 496//455
f 533//492 496//455 534//493
f 534//493 496//455 481//440
f 535//494 536//495 537//496
f 538//497 539//498 540//499
f 541//500 542//501 527//486
f 539//498 543//502 544//503
f 539//498 544//503 540//499
f 540//499 544//503 545//504
f 540//499 545//504 546//505
f 546//505 545//504 547//506
f 546//505 547//506 548//507
f 548//507 547//506 549//508
f 548//507 549//508 550//509
f 551//510 552//511 553//512
f 553//512 552//511 538//497
f 538//497 540//499 553//512
f 553//512 540//499 546//505
f 553//512 546//505 554//513
f 554//513 546//505 548//507
f 554//513 548//507 555//514
f 555//514 548//507 550//509
f 555//514 550//509 556//515
f 527//486 526//485 541//500
f 541//500 526//485 525//484
f 541//500 525//484 557//516
f 551//510 553//512 558//517
f 558//517 553//512 554//513
f 558//517 554//513 559//518
f 559//518 554//513 555//514
f 559//518 555//514 560//519
f 560//519 555//514 556//515
f 560//519 556//515 561//520
f 562//521 563//522 558//517
f 558//517 563//522 564//523
f 558//517 564//523 551//510
f 565//524 566//525 561//520
f 561//520 566//525 567//526
f 561//520 567//526 560//519
f 560//519 567//526 568//527
f 560//519 568//527 559//518
f 559//518 568//527 569//528
f 559//518 569//528 558//517
f 558//517 569//528 570//529
f 558//517 570//529 562//521
f 536//495 565//524 537//496
f 537//496 565//524 561//520
f 537//496 561//520 571//530
f 571//530 561//520 556//515
f 571//530 556//515 572//531
f 572//531 556//515 550//509
f 572//531 550//509 573//532
f 573//532 550//509 549//508
f 574//533 535//494 575//534
f 575//534 535//494 537//496
f 575//534 537//496 557//516
f 557//516 537//496 571//530
f 557//516 571//530 541//500
f 541//500 571//530 572//531
f 541//500 572//531 542//501
f 542//501 572//531 573//532
f 525//484 524//483 557//516
f 557//516 524//483 523//482
f 557//516 523//482 575//534
f 575//534 523//482 522//481
f 575//534 522//481 574//533
f 574//533 522//481 521//480
f 576//535 577//536 578//537
f 534//493 577//536 533//492
f 533//492 577//536 576//535
f 533//492 576//535 532//491
f 532//491 576//535 579//538
f 578//537 580//539 576//535
f 576//535 580//539 581//540
f 576//535 581//540 579//538
f 582//541 530//489 579//538
f 579//538 530//489 531//490
f 579//538 531//490 532//491
f 583//542 528//487 582//541
f 582//541 528//487 529//488
f 582//541 529//488 530//489
f 581//540 584//543 579//538
f 579//538 584//543 585//544
f 579//538 585//544 582//541
f 582//541 585//544 586//545
f 582//541 586//545 583//542
f 583//542 586//545 587//546
f 588//547 543//502 589//548
f 589//548 543//502 539//498
f 589//548 539//498 590//549
f 590//549 539//498 538//497
f 590//549 538//497 591//550
f 591//550 538//497 552//511
f 591//550 552//511 592//551
f 592//551 552//511 551//510
f 592//551 551//510 593//552
f 593//552 551//510 564//523
f 593//552 564//523 594//553
f 594//553 564//523 563//522
f 578//537 595//554 580//539
f 580//539 595//554 596//555
f 580//539 596//555 581//540
f 581//540 596//555 597//556
f 581//540 597//556 584//543
f 584//543 597//556 598//557
f 584//543 598//557 585//544
f 585//544 598//557 599//558
f 585//544 599//558 586//545
f 586//545 599//558 600//559
f 586//545 600//559 587//546
f 587//546 600//559 601//560
f 602//561 603//562 604//563
f 605//564 606//565 607//566
f 608//567 609//568 588//547
f 606//565 610//569 611//570
f 606//565 611//570 607//566
f 607//566 611//570 612//571
f 607//566 612//571 613//572
f 613//572 612//571 614//573
f 613//572 614//573 615//574
f 615//574 614//573 616//575
f 615//574 616//575 617//576
f 618//577 619//578 620//579
f 620//579 619//578 605//564
f 605//564 607//566 620//579
f 620//579 607//566 613//572
f 620//579 613//572 621//580
f 621//580 613//572 615//574
f 621//580 615//574 622//581
f 622//581 615//574 617//576
f 622//581 617//576 623//582
f 588//547 589//548 608//567
f 608//567 589//548 590//549
f 608//567 590//549 624//583
f 618//577 620//579 625//584
f 625//584 620//579 621//580
f 625//584 621//580 626//585
f 626//585 621//580 622//581
f 626//585 622//581 627//586
f 627//586 622//581 623//582
f 627//586 623//582 628//587
f 629//588 630//589 625//584
f 625//584 630//589 631//590
f 625//584 631//590 618//577
f 632//591 633//592 628//587
f 628//587 633//592 634//593
f 628//587 634//593 627//586
f 627//586 634//593 635//594
f 627//586 635//594 626//585
f 626//585 635//594 636//595
f 626//585 636//595 625//584
f 625//584 636//595 637//596
f 625//584 637//596 629//588
f 603//562 632//591 604//563
f 604//563 632//591 628//587
f 604//563 628//587 638//597
f 638//597 628//587 623//582
f 638//597 623//582 639//598
f 639//598 623//582 617//576
f 639//598 617//576 640//599
f 640//599 617//576 616//575
f 641//600 602//561 642//601
f 642//601 602//561 604//563
f 642//601 604//563 624//583
f 624//583 604//563 638//597
f 624//583 638//597 608//567
f 608//567 638//597 639//598
f 608//567 639//598 609//568
f 609//568 639//598 640//599
f 590//549 591//550 624//583
f 624//583 591//550 592//551
f 624//583 592//551 642//601
f 642//601 592//551 593//552
f 642//601 593//552 641//600
f 641//600 593//552 594//553
f 643//602 644//603 645//604
f 595//554 646//605 596//555
f 596//555 646//605 647//606
f 596//555 647//606 597//556
f 597//556 647//606 648//607
f 645//604 599//558 648//607
f 648//607 599//558 598//557
f 648//607 598//557 597//556
f 649//608 650//609 651//610
f 651//610 650//609 652//611
f 651//610 652//611 653//612
f 653//612 652//611 654//613
f 653//612 654//613 655//614
f 655//614 654//613 656//615
f 655//614 656//615 657//616
f 658//617 659//618 660//619
f 660//619 659//618 661//620
f 660//619 661//620 662//621
f 662//621 661//620 663//622
f 662//621 663//622 664//623
f 664//623 663//622 665//624
f 659//618 666//625 661//620
f 661//620 666//625 667//626
f 661//620 667//626 663//622
f 663//622 667//626 668//627
f 663//622 668//627 665//624
f 665//624 668//627 669//628
f 670//629 671//630 672//631
f 672//631 671//630 673//632
f 672//631 673//632 674//633
f 674//633 673//632 675//634
f 674//633 675//634 676//635
f 676//635 675//634 677//636
f 644//603 601//560 645//604
f 645//604 601//560 600//559
f 645//604 600//559 599//558
f 678//637 643//602 679//638
f 679//638 643//602 645//604
f 679//638 645//604 680//639
f 680//639 645//604 648//607
f 680//639 648//607 681//640
f 681//640 648//607 647//606
f 681//640 647//606 682//641
f 682//641 647//606 646//605
f 682//641 649//608 681//640
f 681//640 649//608 651//610
f 681//640 651//610 680//639
f 680//639 651//610 653//612
f 680//639 653//612 679//638
f 679//638 653//612 655//614
f 679//638 655//614 678//637
f 678//637 655//614 657//616
f 683//642 684//643 656//615
f 656//615 684//643 685//644
f 656//615 685//644 657//616
f 669//628 686//645 665//624
f 665//624 686//645 683//642
f 665//624 683//642 664//623
f 664//623 683//642 656//615
f 664//623 656//615 662//621
f 662//621 656//615 654//613
f 662//621 654//613 660//619
f 660//619 654//613 652//611
f 660//619 652//611 658//617
f 658//617 652//611 650//609
f 687//646 688//647 669//628
f 669//628 688//647 689//648
f 669//628 689//648 686//645
f 666//625 670//629 667//626
f 667//626 670//629 672//631
f 667//626 672//631 668//627
f 668//627 672//631 674//633
f 668//627 674//633 669//628
f 669//628 674//633 676//635
f 669//628 676//635 687//646
f 687//646 676//635 677//636
f 687//646 677//636 690//649
f 630//589 691//650 631//590
f 631//590 691//650 692//651
f 631//590 692//651 618//577
f 618//577 692//651 693//652
f 618//577 693//652 619//578
f 619//578 693//652 694//653
f 619//578 694//653 605//564
f 605//564 694//653 695//654
f 605//564 695//654 606//565
f 606//565 695//654 696//655
f 606//565 696//655 610//569
f 610//569 696//655 697//656
f 671//630 698//657 699//658
f 671//630 699//658 673//632
f 673//632 699//658 700//659
f 673//632 700//659 675//634
f 675//634 700//659 701//660
f 675//634 701//660 677//636
f 677//636 701//660 702//661
f 677//636 702//661 690//649
f 703//662 704//663 697//656
f 697//656 696//655 703//662
f 703//662 696//655 695//654
f 703//662 695//654 705//664
f 706//665 704//663 707//666
f 707//666 704//663 703//662
f 707//666 703//662 708//667
f 708//667 703//662 705//664
f 708//667 705//664 709//668
f 709//668 705//664 710//669
f 709//668 710//669 711//670
f 711//670 710//669 712//671
f 695//654 694//653 705//664
f 705//664 694//653 693//652
f 705//664 693//652 710//669
f 710//669 693//652 692//651
f 710//669 692//651 712//671
f 712//671 692//651 691//650
f 713//672 714//673 715//674
f 716//675 717//676 718//677
f 718//677 717//676 719//678
f 719//678 720//679 718//677
f 718//677 720//679 721//680
f 718//677 721//680 722//681
f 722//681 721//680 723//682
f 722//681 723//682 724//683
f 723//682 725//684 724//683
f 724//683 725//684 702//661
f 724//683 702//661 701//660
f 726//685 717//676 727//686
f 727//686 717//676 716//675
f 727//686 716//675 728//687
f 728//687 716//675 714//673
f 714//673 716//675 715//674
f 715//674 716//675 718//677
f 715//674 718//677 729//688
f 729//688 718//677 722//681
f 729//688 722//681 730//689
f 730//689 722//681 724//683
f 730//689 724//683 731//690
f 731//690 724//683 701//660
f 731//690 701//660 700//659
f 732//691 733//692 734//693
f 734//693 733//692 713//672
f 713//672 715//674 734//693
f 734//693 715//674 729//688
f 734//693 729//688 735//694
f 735//694 729//688 730//689
f 735//694 730//689 736//695
f 736//695 730//689 731//690
f 736//695 731//690 737//696
f 737//696 731//690 700//659
f 737//696 700//659 699//658
f 732//691 734//693 738//697
f 738//697 734//693 735//694
f 738//697 735//694 739//698
f 739//698 735//694 736//695
f 739//698 736//695 740//699
f 740//699 736//695 737//696
f 740//699 737//696 741//700
f 741//700 737//696 699//658
f 741//700 699//658 698//657
f 742//701 706//665 707//666
f 742//701 707//666 743//702
f 743//702 707//666 708//667
f 743//702 708//667 744//703
f 744//703 708//667 709//668
f 744//703 709//668 745//704
f 745//704 709//668 711//670
f 745//704 711//670 746//705
f 747//706 726//685 748//707
f 748//707 726//685 727//686
f 748//707 727//686 749//708
f 749//708 727//686 728//687
f 749//708 728//687 750//709
f 750//709 728//687 714//673
f 750//709 714//673 751//710
f 751//710 714//673 713//672
f 751//710 713//672 752//711
f 752//711 713//672 733//692
f 752//711 733//692 753//712
f 753//712 733//692 732//691
f 754//713 755//714 747//706
f 747//706 748//707 754//713
f 754//713 748//707 749//708
f 754//713 749//708 756//715
f 756//715 749//708 750//709
f 756//715 750//709 757//716
f 746//705 755//714 745//704
f 745//704 755//714 754//713
f 745//704 754//713 744//703
f 744//703 754//713 756//715
f 744//703 756//715 743//702
f 743//702 756//715 757//716
f 743//702 757//716 742//701
f 742//701 757//716 758//717
f 750//709 751//710 757//716
f 757//716 751//710 752//711
f 757//716 752//711 758//717
f 758//717 752//711 753//712
f 759//718 760//719 761//720
f 762//721 763//722 764//723
f 760//719 765//724 766//725
f 760//719 766//725 761//720
f 761//720 766//725 767//726
f 761//720 767//726 768//727
f 767//726 769//728 768//727
f 768//727 769//728 770//729
f 768//727 770//729 771//730
f 770//729 772//731 771//730
f 771//730 772//731 773//732
f 771//730 773//732 774//733
f 774//733 773//732 775//734
f 774//733 775//734 776//735
f 776//735 775//734 777//736
f 776//735 777//736 762//721
f 762//721 777//736 778//737
f 762//721 778//737 763//722
f 779//738 780//739 781//740
f 781//740 780//739 759//718
f 759//718 761//720 781//740
f 781//740 761//720 768//727
f 781//740 768//727 782//741
f 782//741 768//727 771//730
f 782//741 771//730 783//742
f 783//742 771//730 774//733
f 783//742 774//733 784//743
f 784//743 774//733 776//735
f 784//743 776//735 785//744
f 785//744 776//735 762//721
f 785//744 762//721 786//745
f 787//746 788//747 789//748
f 789//748 788//747 779//738
f 764//723 790//749 762//721
f 762//721 790//749 791//750
f 762//721 791//750 786//745
f 786//745 791//750 792//751
f 786//745 792//751 793//752
f 779//738 781//740 789//748
f 789//748 781//740 782//741
f 789//748 782//741 794//753
f 794//753 782//741 783//742
f 794//753 783//742 795//754
f 795//754 783//742 784//743
f 795//754 784//743 796//755
f 796//755 784//743 785//744
f 796//755 785//744 797//756
f 797//756 785//744 786//745
f 797//756 786//745 798//757
f 798//757 786//745 793//752
f 798//757 793//752 799//758
f 787//746 789//748 800//759
f 800//759 789//748 794//753
f 800//759 794//753 801//760
f 801//760 794//753 795//754
f 801//760 795//754 802//761
f 802//761 795//754 796//755
f 802//761 796//755 803//762
f 803//762 796//755 797//756
f 803//762 797//756 804//763
f 804//763 797//756 798//757
f 804//763 798//757 805//764
f 805//764 798//757 799//758
f 805//764 799//758 806//765
f 787//746 807//766 788//747
f 788//747 807//766 808//767
f 788//747 808//767 779//738
f 779//738 808//767 809//768
f 779//738 809//768 780//739
f 780//739 809//768 810//769
f 780//739 810//769 759//718
f 759//718 810//769 811//770
f 759//718 811//770 760//719
f 760//719 811//770 812//771
f 760//719 812//771 765//724
f 765//724 812//771 813//772
f 814//773 806//765 815//774
f 815//774 806//765 799//758
f 815//774 799//758 816//775
f 816//775 799//758 793//752
f 816//775 793//752 817//776
f 817//776 793//752 792//751
f 817//776 792//751 818//777
f 818//777 792//751 791//750
f 818//777 791//750 819//778
f 819//778 791//750 790//749
f 819//778 790//749 820//779
f 820//779 790//749 764//723
f 821//780 822//781 823//782
f 824//783 825//784 813//772
f 822//781 826//785 827//786
f 822//781 827//786 823//782
f 823//782 827//786 828//787
f 823//782 828//787 829//788
f 828//787 830//789 829//788
f 829//788 830//789 831//790
f 829//788 831//790 832//791
f 831//790 833//792 832//791
f 832//791 833//792 834//793
f 832//791 834//793 835//794
f 835//794 834//793 836//795
f 835//794 836//795 837//796
f 837//796 836//795 838//797
f 837//796 838//797 824//783
f 824//783 838//797 839//798
f 824//783 839//798 825//784
f 840//799 841//800 842//801
f 842//801 841//800 821//780
f 821//780 823//782 842//801
f 842//801 823//782 829//788
f 842//801 829//788 843//802
f 843//802 829//788 832//791
f 843//802 832//791 844//803
f 844//803 832//791 835//794
f 844//803 835//794 845//804
f 845//804 835//794 837//796
f 845//804 837//796 846//805
f 846//805 837//796 824//783
f 846//805 824//783 847//806
f 848//807 849//808 850//809
f 850//809 849//808 840//799
f 813//772 812//771 824//783
f 824//783 812//771 811//770
f 824//783 811//770 847//806
f 847//806 811//770 810//769
f 847//806 810//769 809//768
f 840//799 842//801 850//809
f 850//809 842//801 843//802
f 850//809 843//802 851//810
f 851//810 843//802 844//803
f 851//810 844//803 852//811
f 852//811 844//803 845//804
f 852//811 845//804 853//812
f 853//812 845//804 846//805
f 853//812 846//805 854//813
f 854//813 846//805 847//806
f 854//813 847//806 855//814
f 855//814 847//806 809//768
f 855//814 809//768 808//767
f 848//807 850//809 856//815
f 856//815 850//809 851//810
f 856//815 851//810 857//816
f 857//816 851//810 852//811
f 857//816 852//811 858//817
f 858//817 852//811 853//812
f 858//817 853//812 859//818
f 859//818 853//812 854//813
f 859//818 854//813 860//819
f 860//819 854//813 855//814
f 860//819 855//814 861//820
f 861//820 855//814 808//767
f 861//820 808//767 807//766
f 862//821 863//822 864//823
f 820//779 863//822 819//778
f 819//778 863//822 862//821
f 819//778 862//821 818//777
f 818//777 862//821 865//824
f 864//823 866//825 862//821
f 862//821 866//825 867//826
f 862//821 867//826 865//824
f 868//827 816//775 865//824
f 865//824 816//775 817//776
f 865//824 817//776 818//777
f 869//828 814//773 868//827
f 868//827 814//773 815//774
f 868//827 815//774 816//775
f 867//826 870//829 865//824
f 865//824 870//829 871//830
f 865//824 871//830 868//827
f 868//827 871//830 872//831
f 868//827 872//831 869//828
f 869//828 872//831 873//832
f 874//833 826//785 875//834
f 875//834 826//785 822//781
f 875//834 822//781 876//835
f 876//835 822//781 821//780
f 876//835 821//780 877//836
f 877//836 821//780 841//800
f 877//836 841//800 878//837
f 878//837 841//800 840//799
f 878//837 840//799 879//838
f 879//838 840//799 849//808
f 879//838 849//808 880//839
f 880//839 849//808 848//807
f 864//823 881//840 866//825
f 866//825 881//840 882//841
f 866//825 882//841 867//826
f 867//826 882//841 883//842
f 867//826 883//842 870//829
f 870//829 883//842 884//843
f 870//829 884//843 871//830
f 871//830 884//843 885//844
f 871//830 885//844 872//831
f 872//831 885//844 886//845
f 872//831 886//845 873//832
f 873//832 886//845 887//846
f 888//847 889//848 890//849
f 891//850 892//851 874//833
f 889//848 893//852 894//853
f 889//848 894//853 890//849
f 890//849 894//853 895//854
f 890//849 895//854 896//855
f 895//854 897//856 896//855
f 896//855 897//856 898//857
f 896//855 898//857 899//858
f 898//857 900//859 899//858
f 899//858 900//859 901//860
f 899//858 901//860 902//861
f 902//861 901//860 903//862
f 902//861 903//862 904//863
f 904//863 903//862 905//864
f 904//863 905//864 891//850
f 891//850 905//864 906//865
f 891//850 906//865 892//851
f 907//866 908//867 909//868
f 909//868 908//867 888//847
f 888//847 890//849 909//868
f 909//868 890//849 896//855
f 909//868 896//855 910//869
f 910//869 896//855 899//858
f 910//869 899//858 911//870
f 911//870 899//858 902//861
f 911//870 902//861 912//871
f 912//871 902//861 904//863
f 912//871 904//863 913//872
f 913//872 904//863 891//850
f 913//872 891//850 914//873
f 915//874 916//875 917//876
f 917//876 916//875 907//866
f 874//833 875//834 891//850
f 891//850 875//834 876//835
f 891//850 876//835 914//873
f 914//873 876//835 877//836
f 914//873 877//836 878//837
f 907//866 909//868 917//876
f 917//876 909//868 910//869
f 917//876 910//869 918//877
f 918//877 910//869 911//870
f 918//877 911//870 919//878
f 919//878 911//870 912//871
f 919//878 912//871 920//879
f 920//879 912//871 913//872
f 920//879 913//872 921//880
f 921//880 913//872 914//873
f 921//880 914//873 922//881
f 922//881 914//873 878//837
f 922//881 878//837 879//838
f 915//874 917//876 923//882
f 923//882 917//876 918//877
f 923//882 918//877 924//883
f 924//883 918//877 919//878
f 924//883 919//878 925//884
f 925//884 919//878 920//879
f 925//884 920//879 926//885
f 926//885 920//879 921//880
f 926//885 921//880 927//886
f 927//886 921//880 922//881
f 927//886 922//881 928//887
f 928//887 922//881 879//838
f 928//887 879//838 880//839
f 883//842 882//841 929//888
f 882//841 881//840 930//889
f 882//841 930//889 929//888
f 929//888 930//889 931//890
f 929//888 931//890 932//891
f 931//890 933//892 932//891
f 932//891 933//892 934//893
f 932//891 934//893 935//894
f 935//894 934//893 936//895
f 935//894 936//895 937//896
f 937//896 936//895 938//897
f 937//896 938//897 939//898
f 938//897 940//899 939//898
f 939//898 940//899 941//900
f 939//898 941//900 942//901
f 942//901 941//900 943//902
f 942//901 943//902 944//903
f 944//903 943//902 945//904
f 944//903 945//904 946//905
f 945//904 947//906 946//905
f 946//905 947//906 948//907
f 946//905 948//907 949//908
f 885//844 884//843 950//909
f 950//909 884//843 883//842
f 883//842 929//888 950//909
f 950//909 929//888 932//891
f 950//909 932//891 951//910
f 951//910 932//891 935//894
f 951//910 935//894 952//911
f 952//911 935//894 937//896
f 952//911 937//896 953//912
f 953//912 937//896 939//898
f 953//912 939//898 954//913
f 954//913 939//898 942//901
f 954//913 942//901 955//914
f 955//914 942//901 944//903
f 955//914 944//903 956//915
f 956//915 944//903 946//905
f 956//915 946//905 957//916
f 957//916 946//905 949//908
f 957//916 949//908 958//917
f 887//846 886//845 959//918
f 959//918 886//845 885//844
f 885//844 950//909 959//918
f 959//918 950//909 951//910
f 959//918 951//910 960//919
f 960//919 951//910 952//911
f 960//919 952//911 961//920
f 961//920 952//911 953//912
f 961//920 953//912 962//921
f 962//921 953//912 954//913
f 962//921 954//913 963//922
f 963//922 954//913 955//914
f 963//922 955//914 964//923
f 964//923 955//914 956//915
f 964//923 956//915 965//924
f 965//924 956//915 957//916
f 965//924 957//916 966//925
f 966//925 957//916 958//917
f 966//925 958//917 967//926
f 887//846 959//918 968//927
f 968//927 959//918 960//919
f 968//927 960//919 969//928
f 969//928 960//919 961//920
f 969//928 961//920 970//929
f 970//929 961//920 962//921
f 970//929 962//921 971//930
f 971//930 962//921 963//922
f 971//930 963//922 972//931
f 972//931 963//922 964//923
f 972//931 964//923 973//932
f 973//932 964//923 965//924
f 973//932 965//924 974//933
f 974//933 965//924 966//925
f 974//933 966//925 975//934
f 975//934 966//925 967//926
f 975//934 967//926 976//935
f 915//874 977//936 916//875
f 916//875 977//936 978//937
f 916//875 978//937 907//866
f 907//866 978//937 979//938
f 907//866 979//938 908//867
f 908//867 979//938 980//939
f 908//867 980//939 888//847
f 888//847 980//939 981//940
f 888//847 981//940 889//848
f 889//848 981//940 982//941
f 889//848 982//941 893//852
f 893//852 982//941 983//942
f 984//943 976//935 967//926
f 984//943 967//926 985//944
f 985//944 967//926 958//917
f 985//944 958//917 986//945
f 986//945 958//917 949//908
f 986//945 949//908 987//946
f 987//946 949//908 948//907
f 987//946 948//907 988//947
f 989//948 990//949 983//942
f 991//950 990//949 992//951
f 992//951 990//949 989//948
f 992//951 989//948 993//952
f 993//952 989//948 994//953
f 983//942 982//941 989//948
f 989//948 982//941 981//940
f 989//948 981//940 994//953
f 995//954 996//955 994//953
f 994//953 996//955 997//956
f 994//953 997//956 993//952
f 998//957 999//958 995//954
f 995//954 999//958 1000//959
f 995//954 1000//959 996//955
f 981//940 980//939 994//953
f 994//953 980//939 979//938
f 994//953 979//938 995//954
f 995//954 979//938 978//937
f 995//954 978//937 998//957
f 998//957 978//937 977//936
f 1001//960 1002//961 1003//962
f 1004//963 1005//964 1006//965
f 1006//965 1005//964 1007//966
f 1006//965 1007//966 1008//967
f 1008//967 1007//966 1009//968
f 1008//967 1009//968 1010//969
f 1010//969 1009//968 1011//970
f 1010//969 1011//970 1012//971
f 1013//972 984//943 1014//973
f 1014//973 984//943 985//944
f 1014//973 985//944 1015//974
f 1015//974 985//944 986//945
f 1015//974 986//945 1016//975
f 1016//975 986//945 987//946
f 1017//976 1018//977 1019//978
f 1019//978 1018//977 1020//979
f 1019//978 1020//979 1021//980
f 1021//980 1020//979 1022//981
f 1021//980 1022//981 1023//982
f 1023//982 1022//981 1003//962
f 1023//982 1003//962 1024//983
f 1024//983 1003//962 1002//961
f 1012//971 1001//960 1010//969
f 1010//969 1001//960 1003//962
f 1010//969 1003//962 1008//967
f 1008//967 1003//962 1022//981
f 1008//967 1022//981 1006//965
f 1006//965 1022//981 1020//979
f 1006//965 1020//979 1004//963
f 1004//963 1020//979 1018//977
f 1025//984 1026//985 1011//970
f 1011//970 1026//985 1027//986
f 1011//970 1027//986 1012//971
f 1005//964 1013//972 1007//966
f 1007//966 1013//972 1014//973
f 1007//966 1014//973 1009//968
f 1009//968 1014//973 1015//974
f 1009//968 1015//974 1011//970
f 1011//970 1015//974 1016//975
f 1011//970 1016//975 1025//984
f 1025//984 1016//975 987//946
f 1025//984 987//946 988//947
f 1028//987 991//950 1029//988
f 1029//988 991//950 992//951
f 1029//988 992//951 1030//989
f 1030//989 992//951 993//952
f 1030//989 993//952 1031//990
f 1031//990 993//952 997//956
f 1031//990 997//956 1032//991
f 1032//991 997//956 996//955
f 1032//991 996//955 1033//992
f 1033//992 996//955 1000//959
f 1033//992 1000//959 1034//993
f 1034//993 1000//959 999//958
f 1035//994 1017//976 1019//978
f 1035//994 1019//978 1036//995
f 1036//995 1019//978 1021//980
f 1036//995 1021//980 1037//996
f 1037//996 1021//980 1023//982
f 1037//996 1023//982 1038//997
f 1038//997 1023//982 1024//983
f 1038//997 1024//983 1039//998
f 1034//993 1040//999 1033//992
f 1033//992 1040//999 1041//1000
f 1042//1001 1030//989 1043//1002
f 1043//1002 1030//989 1031//990
f 1043//1002 1031//990 1041//1000
f 1041//1000 1031//990 1032//991
f 1041//1000 1032//991 1033//992
f 1044//1003 1028//987 1042//1001
f 1042//1001 1028//987 1029//988
f 1042//1001 1029//988 1030//989
f 1040//999 1035//994 1041//1000
f 1041//1000 1035//994 1036//995
f 1041//1000 1036//995 1043//1002
f 1043//1002 1036//995 1037//996
f 1043//1002 1037//996 1042//1001
f 1042//1001 1037//996 1038//997
f 1042//1001 1038//997 1044//1003
f 1044//1003 1038//997 1039//998
f 1045//1004 1046//415 1047//416
f 1047//416 1046//415 1048//416
f 1047//416 1048//416 1049//417
f 1049//417 1048//416 1050//417
f 1049//417 1050//417 1051//418
f 1051//418 1050//417 1052//418
f 1051//418 1052//418 1053//419
f 1053//419 1052//418 1054//419
f 1055//420 1056//420 1057//421
f 1057//421 1056//420 1058//421
f 1057//421 1058//421 1059//386
f 1059//386 1058//421 1060//386
f 1059//422 1060//422 1061//1005
f 1061//1005 1060//422 1062//423
f 1063//1006 1064//1007 1065//1008
f 1065//1008 1064//1007 1066//1008
f 1065//1008 1066//1008 1067//405
f 1067//405 1066//1008 1068//405
f 1067//405 1068//405 1069//1009
f 1069//1009 1068//405 1070//1009
f 1069//1009 1070//1009 1071//1010
f 1071//1010 1070//1009 1072//1010
f 1073//1011 1074//1011 1075//1012
f 1075//1012 1074//1011 1076//1013
f 1075//375 1076//375 1077//1014
f 1077//1014 1076//375 1078//1014
f 1077//1014 1078//1014 1079//1015
f 1079//1015 1078//1014 1080//1016
s 0
f 1059//1017 1061//1017 1081//1017
f 1059//1018 1081//1019 1057//1019
f 1057//1020 1081//1020 1082//1020
f 1057//425 1082//425 1055//425
f 1082//425 1083//425 1055//425
f 1055//425 1083//425 1084//425
f 1055//425 1084//425 1053//425
f 1053//425 1084//425 1085//425
f 1053//425 1085//425 1051//425
f 1051//425 1085//425 1086//425
f 1051//424 1086//424 1049//424
f 1049//425 1086//425 1087//425
f 1049//1021 1087//1021 1047//1021
f 1047//1020 1087//1020 1088//1020
f 1047//424 1088//424 1045//424
s 1
f 1055//420 1053//419 1056//420
f 1056//420 1053//419 1054//419
s 0
f 1066//427 1064//427 1089//427
f 1074//425 1090//425 1076//425
f 1076//425 1090//425 1091//425
f 1076//430 1091//430 1078//430
f 1078//430 1091//430 1092//430
f 1078//424 1092//424 1080//424
f 1066//425 1089//425 1068//425
f 1068//430 1089//430 1093//430
f 1068//430 1093//430 1070//430
f 1070//425 1093//425 1094//425
f 1070//425 1094//425 1072//425
f 1072//425 1094//425 1095//425
f 1072//425 1095//425 1074//425
f 1074//425 1095//425 1096//425
f 1074//425 1096//425 1090//425
s 1
f 1073//1011 1071//1010 1074//1011
f 1074//1011 1071//1010 1072//1010
s 0
f 1097//427 1098//427 449//427
f 1097//424 449//424 1099//424
f 451//424 1100//424 1101//1021
f 1101//427 1102//427 451//427
f 451//425 1102//425 1103//425
f 451//425 1103//425 449//425
f 449//425 1103//425 1104//425
f 449//425 1104//425 1099//425
f 447//424 1105//424 1106//424
f 1107//1017 445//427 1108//1017
f 1108//424 445//424 1109//424
f 1106//427 1110//427 447//427
f 447//425 1110//425 1111//425
f 447//425 1111//425 445//425
f 445//425 1111//425 1112//425
f 445//425 1112//425 1109//425
s 1
f 1113//1022 1114//1023 1115//1024
f 1115//1024 1114//1023 1116//1024
f 1115//405 1116//405 1117//1025
f 1117//1025 1116//405 1118//1025
f 1117//1025 1118//1025 1119//1026
f 1119//1026 1118//1025 1120//1026
f 1121//1011 1119//1026 1122//1011
f 1122//1011 1119//1026 1120//1026
f 1121//1011 1122//1011 1123//1027
f 1123//1027 1122//1011 1124//1027
f 1123//1027 1124//1027 1125//375
f 1125//375 1124//1027 1126//1028
f 1125//1029 1126//1029 1127//1015
f 1127//1015 1126//1029 1128//1016
s 0
f 1129//425 1130//425 433//425
f 433//425 1130//425 1131//425
f 1132//425 419//425 421//425
f 1133//425 429//425 1131//425
f 1131//425 429//425 431//425
f 1131//424 431//424 433//424
f 419//1021 1132//1021 417//424
f 417//425 1132//425 1134//425
f 417//425 1134//425 1135//425
f 421//425 423//425 1132//425
f 1132//425 423//425 1136//425
f 1132//425 1136//425 1137//425
f 1133//425 1138//425 429//425
f 429//425 1138//425 1139//425
f 429//425 1139//425 427//425
f 427//425 1139//425 1140//425
f 427//425 1140//425 425//425
f 425//425 1140//425 1141//425
f 425//425 1141//425 423//425
f 423//425 1141//425 1142//425
f 423//425 1142//425 1136//425
f 379//162 377//162 1130//162
f 1130//162 377//162 1143//162
f 1144//162 1131//162 1145//162
f 1145//162 1131//162 1130//162
f 1145//162 1130//162 1146//162
f 1146//162 1130//162 1143//162
f 1144//162 1147//162 1131//162
f 1131//162 1147//162 389//162
f 1131//162 389//162 1148//162
f 1148//162 389//162 387//162
f 1148//162 387//162 1149//162
f 1149//162 387//162 385//162
f 1149//162 385//162 1150//162
f 1150//162 385//162 383//162
f 1130//162 1151//162 379//162
f 379//162 1151//162 1152//162
f 379//162 1152//162 381//162
f 381//162 1152//162 1153//162
f 381//162 1153//162 383//162
f 383//162 1153//162 1154//162
f 383//162 1154//162 1150//162
f 343//1 345//1 1155//1
f 1156//1 1157//1 1132//1
f 1132//1 1157//1 1158//1
f 1132//1 1158//1 1134//1
f 1134//1 1158//1 1159//1
f 1155//1 345//1 1132//1
f 1132//1 345//1 347//1
f 1132//1 347//1 1156//1
f 1159//1 1160//1 1134//1
f 1134//1 1160//1 335//1
f 1134//1 335//1 1161//1
f 1161//1 335//1 337//1
f 1161//1 337//1 1162//1
f 1162//1 337//1 339//1
f 1155//1 1163//1 343//1
f 343//1 1163//1 1164//1
f 343//1 1164//1 341//1
f 341//1 1164//1 1165//1
f 341//1 1165//1 339//1
f 339//1 1165//1 1166//1
f 339//1 1166//1 1162//1
s 1
f 1167//1 1168//1030 460//1006
f 461//415 1169//415 460//1006
f 460//1006 1169//415 1170//1
f 460//1006 1170//1 1167//1
f 1171//1031 454//1031 1172//162
f 1172//162 454//1031 453//1032
f 1172//162 453//1032 1173//162
f 1173//162 453//1032 1174//1033
f 454//1031 1171//1031 462//1034
f 462//1034 1171//1031 1175//1034
f 462//1034 1175//1034 463//386
f 463//386 1175//1034 1176//386
f 463//386 1176//386 468//1035
f 468//1035 1176//386 1177//1035
f 468//1035 1177//1035 467//1036
f 467//1036 1177//1035 1178//1036
f 467//1036 1178//1036 455//419
f 455//419 1178//1036 1179//419
f 455//419 1179//419 471//418
f 471//418 1179//419 1180//418
f 471//418 1180//418 469//417
f 469//417 1180//418 1181//417
f 469//417 1181//417 470//1037
f 470//1037 1181//417 1182//1037
f 470//1037 1182//416 461//415
f 461//415 1182//416 1169//415
f 1183//1038 1184//1039 1185//162
f 1183//1038 1185//162 1128//1016
f 1128//1016 1185//162 1186//162
f 1128//1016 1186//162 1187//162
f 1107//1005 1081//423 1061//1005
f 1187//162 1188//162 1128//1016
f 1128//1016 1188//162 1189//162
f 1128//1016 1189//162 1190//162
f 1190//162 1191//162 1128//1016
f 1128//1016 1191//162 1192//162
f 1128//1016 1192//162 1193//162
f 1062//423 1127//1015 1061//1005
f 1061//1005 1127//1015 1128//1016
f 1061//1005 1128//1016 1107//1005
f 1107//1005 1128//1016 1193//162
f 1107//1005 1193//162 445//162
s 0
f 445//162 1193//162 1194//162
f 445//162 1194//162 446//162
s 1
f 1195//1040 1196//1041 1114//1023
f 1113//1022 1046//415 1114//1023
f 1114//1023 1046//415 1045//1004
f 1114//1023 1045//1004 1195//1040
f 1195//1040 1045//1004 1088//1042
f 1195//1040 1088//1042 1105//1043
f 1197//1 1198//1 1105//1043
f 1105//1043 1198//1 1199//1
f 1105//1043 1199//1 1195//1040
s 0
f 1197//1 1200//1 1201//1
f 1200//1 1197//1 1202//1
s 1
f 1202//1 1197//1 1105//1044
f 1202//1 1105//1044 1203//1
f 1203//1 1105//1044 447//1
s 0
f 1203//1 447//1 448//1
f 1201//1 1204//1 1197//1
f 1197//1 1204//1 1205//1
f 1197//1 1205//1 1206//1
s 1
f 1207//1006 1208//1006 1209//1
f 1209//1 1208//1006 1210//1045
f 1209//1 1210//1045 1211//1
f 1211//1 1210//1045 1212//1046
f 1208//1006 1207//1006 1213//1008
f 1213//1008 1207//1006 1214//1008
f 1213//1008 1214//1008 1215//405
f 1215//405 1214//1008 1216//405
f 1215//405 1216//405 1217//1009
f 1217//1009 1216//405 1218//1009
f 1217//1009 1218//1009 1219//1010
f 1219//1010 1218//1009 1220//1010
f 1219//1010 1220//1010 1221//1047
f 1221//1047 1220//1010 1222//1047
f 1221//1047 1222//1047 1223//1048
f 1223//1048 1222//1047 1224//1048
f 1223//1048 1224//1048 1225//375
f 1225//375 1224//1048 1226//375
f 1225//375 1226//375 1227//1049
f 1227//1049 1226//375 1228//1049
f 1227//1050 1228//1050 1229//1051
f 1229//1051 1228//1050 1230//1051
f 1231//162 1232//1052 1233//1053
f 1229//1051 1230//1051 1233//1053
f 1233//1053 1230//1051 1234//162
f 1233//1053 1234//162 1231//162
f 1212//1046 1210//1045 1235//1054
f 1235//1054 1210//1045 1196//1041
f 1235//1054 1196//1041 1195//1040
f 1184//1039 1183//1038 1236//1055
f 1236//1055 1183//1038 1233//1053
f 1236//1055 1233//1053 1232//1052
f 698//657 409//1 1237//1
f 614//573 612//571 318//1
f 318//1 612//571 320//1
f 1238//1 514//473 1239//1
f 1239//1 514//473 488//447
f 1239//1 488//447 486//445
f 612//571 611//570 320//1
f 320//1 611//570 610//569
f 320//1 610//569 322//1
f 322//1 610//569 697//656
f 322//1 697//656 324//1
f 614//573 318//1 616//575
f 616//575 318//1 316//1
f 616//575 316//1 640//599
f 640//599 316//1 609//568
f 609//568 316//1 314//1
f 609//568 314//1 588//547
f 588//547 314//1 543//502
f 543//502 314//1 1240//1
f 543//502 1240//1 544//503
f 544//503 1240//1 1241//1
f 544//503 1241//1 545//504
f 545//504 1241//1 547//506
f 547//506 1241//1 1242//1
f 547//506 1242//1 549//508
f 486//445 484//443 1239//1
f 1239//1 484//443 483//442
f 1239//1 483//442 1243//1
f 1243//1 483//442 482//441
f 1243//1 482//441 1244//1
f 1244//1 482//441 527//486
f 1244//1 527//486 1245//1
f 1245//1 527//486 542//501
f 1245//1 542//501 1242//1
f 1242//1 542//501 573//532
f 1242//1 573//532 549//508
f 310//1 578//537 311//1
f 311//1 578//537 577//536
f 311//1 577//536 312//1
f 312//1 577//536 534//493
f 312//1 534//493 1246//1
f 1246//1 534//493 481//440
f 1246//1 481//440 1238//1
f 1238//1 481//440 480//439
f 1238//1 480//439 514//473
s 0
f 1247//1 308//1 1248//1
f 1248//1 308//1 307//1
f 1248//1 307//1 1249//1
f 1249//1 307//1 306//1
f 1249//1 306//1 305//1
s 1
f 414//1 646//605 415//1
f 415//1 646//605 595//554
f 415//1 595//554 416//1
f 416//1 595//554 578//537
f 416//1 578//537 1250//1
f 1250//1 578//537 310//1
s 0
f 1250//1 310//1 1247//1
f 1247//1 310//1 309//1
f 1247//1 309//1 308//1
s 1
f 413//1 649//608 414//1
f 414//1 649//608 682//641
f 414//1 682//641 646//605
f 412//1 658//617 413//1
f 413//1 658//617 650//609
f 413//1 650//609 649//608
f 697//656 704//663 324//1
f 324//1 704//663 706//665
f 324//1 706//665 326//1
f 326//1 706//665 742//701
f 326//1 742//701 328//1
f 328//1 742//701 758//717
f 753//712 732//691 1251//1
f 1251//1 732//691 738//697
f 1251//1 738//697 739//698
s 0
f 305//1 1251//1 1249//1
s 1
f 1249//1 1251//1 739//698
f 1249//1 739//698 1252//1
f 1252//1 739//698 740//699
f 1252//1 740//699 1237//1
f 1237//1 740//699 741//700
f 1237//1 741//700 698//657
f 411//1 666//625 412//1
f 412//1 666//625 659//618
f 412//1 659//618 658//617
f 409//1 698//657 410//1
f 410//1 698//657 671//630
f 410//1 671//630 411//1
f 411//1 671//630 670//629
f 411//1 670//629 666//625
f 758//717 753//712 328//1
f 328//1 753//712 1251//1
s 0
f 328//1 1251//1 1253//1
f 1253//1 1251//1 1244//1
f 1253//1 1244//1 1254//1
f 1254//1 1244//1 1245//1
s 1
f 563//522 1193//1056 594//553
f 594//553 1193//1056 1192//1057
f 448//1058 446//1059 568//527
f 568//527 446//1059 569//528
f 569//528 446//1059 1194//1060
f 569//528 1194//1060 570//529
f 826//785 1202//1061 827//786
f 827//786 1202//1061 1203//1062
f 570//529 1194//1060 562//521
f 562//521 1194//1060 1193//1063
f 562//521 1193//1056 563//522
f 521//480 813//772 574//533
f 574//533 813//772 825//784
f 574//533 825//784 535//494
f 535//494 825//784 839//798
f 535//494 839//798 536//495
f 536//495 839//798 838//797
f 536//495 838//797 565//524
f 565//524 838//797 836//795
f 565//524 836//795 566//525
f 566//525 836//795 834//793
f 566//525 834//793 567//526
f 567//526 834//793 833//792
f 567//526 833//792 568//527
f 568//527 833//792 831//790
f 568//527 831//790 448//1058
f 448//1058 831//790 830//789
f 448//1058 830//789 1203//1062
f 1203//1062 830//789 828//787
f 1203//1062 828//787 827//786
f 813//772 521//480 765//724
f 765//724 521//480 504//463
f 506//465 474//433 452//1064
f 452//1064 474//433 1255//1065
f 775//734 450//1066 777//736
f 777//736 450//1066 1256//1067
f 777//736 1256//1067 778//737
f 520//479 1257//1068 515//474
f 515//474 1257//1068 1255//1065
f 515//474 1255//1065 473//432
f 473//432 1255//1065 474//433
f 778//737 1256//1067 763//722
f 763//722 1256//1067 1258//1069
f 763//722 1258//1069 764//723
f 452//1064 450//1066 506//465
f 506//465 450//1066 775//734
f 506//465 775//734 507//466
f 507//466 775//734 773//732
f 507//466 773//732 508//467
f 508//467 773//732 772//731
f 508//467 772//731 509//468
f 509//468 772//731 770//729
f 509//468 770//729 510//469
f 510//469 770//729 769//728
f 510//469 769//728 511//470
f 511//470 769//728 767//726
f 511//470 767//726 503//462
f 503//462 767//726 766//725
f 503//462 766//725 504//463
f 504//463 766//725 765//724
f 528//487 1259//1070 520//479
f 520//479 1259//1070 1257//1068
f 587//546 1260//1071 1261//1072
f 587//546 1261//1072 583//542
f 583//542 1261//1072 1259//1070
f 583//542 1259//1070 528//487
f 1024//983 1002//961 1170//1073
f 1170//1073 1002//961 1167//1074
f 1002//961 1001//960 1167//1074
f 1167//1074 1001//960 1012//971
f 1167//1074 1012//971 1168//1075
f 1168//1075 1012//971 1027//986
f 1168//1075 1027//986 1262//1076
f 1027//986 1026//985 1262//1076
f 1262//1076 1026//985 1025//984
f 1262//1076 1025//984 1263//1077
f 1263//1077 1025//984 988//947
f 1263//1077 988//947 1264//1078
f 1182//425 1039//998 1169//425
f 1169//425 1039//998 1024//983
f 1169//425 1024//983 1170//1073
f 747//706 1175//425 726//685
f 726//685 1175//425 1171//425
f 726//685 1171//425 1172//1079
s 0
f 1220//425 1218//425 1181//425
f 1181//425 1218//425 1216//425
f 1181//425 1216//425 1182//425
f 1182//425 1216//425 1214//425
s 1
f 1182//425 1214//425 1039//998
f 1039//998 1214//425 1207//425
f 1039//998 1207//425 1209//1080
s 0
f 1181//425 1180//425 1220//425
f 1220//425 1180//425 1179//425
f 1220//425 1179//425 1222//425
s 1
f 1234//1081 1230//425 747//706
f 747//706 1230//425 1228//425
f 747//706 1228//425 1175//425
s 0
f 1175//425 1228//425 1226//425
f 1175//425 1226//425 1176//425
f 1176//425 1226//425 1224//425
f 1176//425 1224//425 1177//425
f 1177//425 1224//425 1222//425
f 1177//425 1222//425 1178//425
f 1178//425 1222//425 1179//425
s 1
f 1039//998 1209//1080 1044//1003
f 1044//1003 1209//1080 1211//1082
f 1044//1003 1211//1082 1028//987
f 1199//1083 991//950 1195//1084
f 1195//1084 991//950 1235//1084
f 1028//987 1211//1082 991//950
f 991//950 1211//1082 1212//1084
f 991//950 1212//1084 1235//1084
f 691//650 1186//1085 712//671
f 712//671 1186//1085 1185//1086
f 712//671 1185//1086 711//670
f 630//589 1187//1087 691//650
f 691//650 1187//1087 1186//1085
f 594//553 1192//1057 641//600
f 641//600 1192//1057 1191//1088
f 1190//1089 603//562 1191//1088
f 1191//1088 603//562 602//561
f 1191//1088 602//561 641//600
f 635//594 634//593 1189//1090
f 1189//1090 634//593 633//592
f 1189//1090 633//592 1190//1089
f 1190//1089 633//592 632//591
f 1190//1089 632//591 603//562
f 635//594 1189//1090 636//595
f 636//595 1189//1090 1188//1091
f 636//595 1188//1091 637//596
f 637//596 1188//1091 629//588
f 629//588 1188//1091 1187//1087
f 629//588 1187//1087 630//589
f 242//162 977//936 915//874
f 1265//162 1266//162 807//766
f 242//162 915//874 244//162
f 977//936 242//162 998//957
f 998//957 242//162 240//162
f 998//957 240//162 999//958
s 0
f 1267//162 290//162 289//162
s 1
f 248//162 246//162 926//885
f 915//874 923//882 244//162
f 244//162 923//882 924//883
f 244//162 924//883 246//162
f 246//162 924//883 925//884
f 246//162 925//884 926//885
f 999//958 240//162 1034//993
f 1034//993 240//162 238//162
f 1034//993 238//162 1040//999
s 0
f 1267//162 289//162 1268//162
f 1268//162 289//162 288//162
f 1268//162 288//162 368//162
s 1
f 1013//972 1005//964 1269//162
f 371//162 370//162 970//929
f 368//162 887//846 369//162
f 369//162 887//846 968//927
f 369//162 968//927 370//162
f 370//162 968//927 969//928
f 370//162 969//928 970//929
f 801//760 1270//162 800//759
f 800//759 1270//162 1265//162
f 800//759 1265//162 787//746
f 787//746 1265//162 807//766
f 1013//972 1269//162 984//943
f 1271//162 805//764 1272//162
f 1272//162 805//764 806//765
f 1272//162 806//765 283//162
f 801//760 802//761 1270//162
f 1270//162 802//761 803//762
f 1270//162 803//762 1271//162
f 1271//162 803//762 804//763
f 1271//162 804//763 805//764
s 0
f 288//162 287//162 368//162
f 368//162 287//162 286//162
s 1
f 368//162 286//162 887//846
f 887//846 286//162 285//162
f 887//846 285//162 873//832
f 873//832 285//162 284//162
f 873//832 284//162 869//828
f 869//828 284//162 283//162
f 869//828 283//162 814//773
f 814//773 283//162 806//765
f 926//885 927//886 248//162
f 248//162 927//886 928//887
f 248//162 928//887 250//162
f 250//162 928//887 880//839
f 250//162 880//839 1273//162
f 1273//162 880//839 848//807
f 1273//162 848//807 1274//162
f 1004//963 1018//977 1275//162
f 1275//162 1018//977 1017//976
f 970//929 971//930 371//162
f 371//162 971//930 972//931
f 371//162 972//931 372//162
f 1005//964 1004//963 1269//162
f 1269//162 1004//963 1275//162
s 0
f 1269//162 1275//162 1276//162
f 1276//162 1275//162 290//162
f 1276//162 290//162 1277//162
f 1277//162 290//162 1267//162
f 1266//162 1275//162 236//162
s 1
f 236//162 1275//162 1017//976
f 236//162 1017//976 238//162
f 238//162 1017//976 1035//994
f 238//162 1035//994 1040//999
f 1269//162 1278//162 984//943
f 984//943 1278//162 375//162
f 984//943 375//162 976//935
f 976//935 375//162 374//162
f 976//935 374//162 975//934
f 975//934 374//162 373//162
f 975//934 373//162 974//933
f 974//933 373//162 372//162
f 974//933 372//162 973//932
f 973//932 372//162 972//931
s 0
f 236//162 1279//162 1266//162
f 1266//162 1279//162 1280//162
s 1
f 1266//162 1280//162 807//766
f 807//766 1280//162 1281//162
f 807//766 1281//162 861//820
f 861//820 1281//162 1282//162
f 861//820 1282//162 860//819
f 860//819 1282//162 859//818
f 848//807 856//815 1274//162
f 1274//162 856//815 857//816
f 1274//162 857//816 1282//162
f 1282//162 857//816 858//817
f 1282//162 858//817 859//818
f 874//833 1200//1092 826//785
f 826//785 1200//1092 1202//1061
f 764//723 1258//1069 820//779
f 820//779 1258//1069 1283//1070
f 1284//1071 864//823 863//822
f 1284//1071 863//822 1285//1072
f 1285//1072 863//822 820//779
f 1285//1072 820//779 1283//1070
f 720//679 1173//1093 1174//1094
f 1286//1078 702//661 1287//1095
f 1287//1095 702//661 725//684
f 1287//1095 725//684 1288//1096
f 1288//1096 725//684 723//682
f 1288//1096 723//682 1174//1094
f 1174//1094 723//682 721//680
f 1174//1094 721//680 720//679
f 726//685 1172//1079 717//676
f 717//676 1172//1079 1173//1093
f 717//676 1173//1093 719//678
f 719//678 1173//1093 720//679
f 746//705 1231//1097 755//714
f 755//714 1231//1097 1234//1081
f 755//714 1234//1081 747//706
f 711//670 1185//1086 1184//1084
f 1231//1097 746//705 1232//1084
f 1232//1084 746//705 711//670
f 1232//1084 711//670 1236//1084
f 1236//1084 711//670 1184//1084
f 991//950 1199//1083 990//949
f 990//949 1199//1083 1198//1098
f 990//949 1198//1098 983//942
f 983//942 1198//1098 893//852
f 893//852 1198//1098 1197//1099
f 874//833 892//851 1200//1092
f 1200//1092 892//851 1201//1100
f 903//862 1204//1101 905//864
f 905//864 1204//1101 1201//1100
f 905//864 1201//1100 906//865
f 906//865 1201//1100 892//851
f 903//862 901//860 1204//1101
f 1204//1101 901//860 900//859
f 1204//1101 900//859 1205//1102
f 900//859 898//857 1205//1102
f 1205//1102 898//857 897//856
f 1205//1102 897//856 1206//1103
f 893//852 1197//1099 894//853
f 894//853 1197//1099 1206//1103
f 894//853 1206//1103 895//854
f 895//854 1206//1103 897//856
f 1289//1104 1137//1105 1136//1106
f 458//1107 460//1006 1168//1030
f 1264//1108 456//1109 1263//1110
f 1263//1110 456//1109 458//1107
f 1263//1110 458//1107 1262//1111
f 1262//1111 458//1107 1168//1030
f 1264//1108 1289//1104 456//1109
f 456//1109 1289//1104 1136//1106
f 456//1109 1136//1106 457//1009
f 457//1009 1136//1106 1142//1009
f 457//1009 1142//1009 459//1010
f 459//1010 1142//1009 1141//1010
f 464//1047 459//1010 1140//1047
f 1140//1047 459//1010 1141//1010
f 1174//1033 453//1032 1288//1112
f 1288//1112 453//1032 472//1113
f 1133//1114 1290//1115 466//1116
f 466//1117 1290//1115 1286//1118
f 466//1117 1286//1118 472//1113
f 472//1113 1286//1118 1287//1119
f 472//1113 1287//1119 1288//1112
f 464//1047 1140//1047 465//1048
f 465//1048 1140//1047 1139//1048
f 465//1048 1139//1048 466//1116
f 466//1116 1139//1048 1138//1120
f 466//1116 1138//1120 1133//1114
s 0
f 451//162 452//162 1255//162
s 1
f 1080//1016 1092//1015 1100//1016
f 1129//162 433//423 436//1121
f 436//1121 433//423 434//423
f 62//162 63//162 1291//1031
f 62//162 1291//1031 61//162
f 67//162 68//162 436//1121
f 63//162 64//162 1291//1031
f 1291//1031 64//162 65//162
f 1291//1031 65//162 436//1121
f 436//1121 65//162 66//162
f 436//1121 66//162 67//162
s 0
f 1129//162 72//162 1260//162
f 1260//162 72//162 55//162
f 1260//162 55//162 1261//162
f 1261//162 55//162 56//162
s 1
f 1291//1031 1079//1015 61//162
f 61//162 1079//1015 1080//1016
f 61//162 1080//1016 60//162
f 60//162 1080//1016 1100//1016
f 60//162 1100//1016 59//162
f 59//162 1100//1122 451//162
s 0
f 59//162 451//162 58//162
f 58//162 451//162 1255//162
f 58//162 1255//162 57//162
f 57//162 1255//162 1257//162
f 57//162 1257//162 56//162
f 56//162 1257//162 1259//162
f 56//162 1259//162 1261//162
s 1
f 68//162 69//162 436//1121
f 436//1121 69//162 70//162
f 436//1121 70//162 1129//162
s 0
f 1129//162 70//162 71//162
f 1129//162 71//162 72//162
s 1
f 1291//1031 436//1121 1292//1034
f 1292//1034 436//1121 435//1034
f 1292//1034 435//1034 1293//386
f 1293//386 435//1034 437//386
f 1293//386 437//386 1294//1035
f 1294//1035 437//386 438//1035
f 1294//1035 438//1035 1295//1036
f 1295//1036 438//1035 439//1123
f 1296//419 441//1124 1297//418
f 1297//418 441//1124 440//418
f 1297//418 440//418 1298//417
f 1298//417 440//418 444//417
f 1298//417 444//417 1299//416
f 1299//416 444//417 443//416
f 1299//416 443//416 1300//415
f 1300//415 443//416 442//1004
s 0
f 1256//1 450//1 449//1
s 1
f 1098//1023 1089//1022 1064//1007
f 8//1 10//1 1300//415
f 10//1 12//1 1300//415
f 1300//415 12//1 14//1
f 1300//415 14//1 1063//1006
f 8//1 1300//415 6//1
f 6//1 1300//415 442//1004
f 6//1 442//1004 4//1
f 34//1 36//1 442//1004
f 442//1004 36//1 1//1
f 442//1004 1//1 4//1
f 418//415 417//415 442//1004
f 442//1004 417//415 1135//1
f 442//1004 1135//1 34//1
s 0
f 34//1 1135//1 32//1
s 1
f 1063//1006 14//1 1064//1007
f 1064//1007 14//1 16//1
f 1064//1007 16//1 1098//1023
f 1098//1023 16//1 18//1
f 1098//1023 18//1 449//1
s 0
f 449//1 18//1 20//1
f 449//1 20//1 1256//1
f 1256//1 20//1 22//1
f 1256//1 22//1 1258//1
f 1258//1 22//1 1283//1
f 1283//1 22//1 24//1
f 1283//1 24//1 1285//1
f 1285//1 24//1 26//1
f 1285//1 26//1 1284//1
f 1284//1 26//1 28//1
f 1284//1 28//1 1135//1
f 1135//1 28//1 30//1
f 1135//1 30//1 32//1
s 1
f 439//1123 428//420 427//420
f 425//419 426//419 441//1124
f 1296//419 1295//1036 441//1124
f 441//1124 1295//1036 439//1123
f 441//1124 439//1123 425//419
f 425//419 439//1123 427//420
f 1129//1125 1260//1071 1130//1125
f 1130//1125 1260//1071 587//546
f 1130//1125 587//546 1151//1126
f 1151//1126 587//546 601//560
f 690//649 1148//1127 687//646
f 687//646 1148//1127 1149//1128
f 687//646 1149//1128 688//647
f 688//647 1149//1128 689//648
f 689//648 1149//1128 1150//1129
f 689//648 1150//1129 686//645
f 686//645 1150//1129 683//642
f 683//642 1150//1129 1154//1130
f 683//642 1154//1130 684//643
f 684//643 1154//1130 685//644
f 685//644 1154//1130 1153//1131
f 685//644 1153//1131 657//616
f 657//616 1153//1131 678//637
f 678//637 1153//1131 1152//1132
f 678//637 1152//1132 643//602
f 643//602 1152//1132 644//603
f 644//603 1152//1132 1151//1126
f 644//603 1151//1126 601//560
f 1155//1133 1132//1134 948//907
f 948//907 1132//1134 988//947
s 0
f 1137//1134 1289//1134 1132//1134
s 1
f 1132//1134 1289//1134 1264//1078
f 1132//1134 1264//1078 988//947
s 0
f 1133//1134 1131//1134 1290//1134
s 1
f 1290//1134 1131//1134 1286//1078
f 1148//1127 690//649 1131//1134
f 1131//1134 690//649 702//661
f 1131//1134 702//661 1286//1078
f 1161//1135 881//840 1134//1125
f 1134//1125 881//840 864//823
f 1134//1125 864//823 1135//1125
f 1135//1125 864//823 1284//1071
f 948//907 947//906 1155//1133
f 1155//1133 947//906 1163//1136
f 947//906 945//904 1163//1136
f 1163//1136 945//904 943//902
f 1163//1136 943//902 1164//1137
f 943//902 941//900 1164//1137
f 1164//1137 941//900 940//899
f 1164//1137 940//899 1165//1138
f 940//899 938//897 1165//1138
f 1165//1138 938//897 936//895
f 1165//1138 936//895 1166//1139
f 936//895 934//893 1166//1139
f 1166//1139 934//893 933//892
f 1166//1139 933//892 1162//1140
f 881//840 1161//1135 930//889
f 930//889 1161//1135 1162//1140
f 930//889 1162//1140 931//890
f 931//890 1162//1140 933//892
s 0
f 1229//427 1233//427 1126//427
f 1126//427 1233//427 1183//427
f 1126//425 1183//427 1128//425
f 1213//425 1120//425 1208//425
f 1208//424 1120//424 1118//424
f 1208//425 1118//425 1210//425
f 1210//426 1118//426 1116//426
f 1210//424 1116//424 1196//424
f 1196//425 1116//1141 1114//425
f 1126//425 1124//425 1229//425
f 1229//427 1124//427 1122//427
f 1229//425 1122//425 1227//425
f 1215//426 1217//426 1219//426
f 1213//425 1215//425 1120//425
f 1120//425 1215//425 1219//425
f 1120//425 1219//425 1122//425
f 1122//425 1219//425 1221//425
f 1221//425 1223//425 1122//425
f 1122//425 1223//425 1225//425
f 1122//425 1225//425 1227//425
s 1
f 1081//423 1107//1005 1082//1142
f 1082//1142 1107//1005 1108//1143
f 1082//1142 1108//1143 1083//385
f 1083//385 1108//1143 1109//385
f 1083//1144 1109//1144 1084//420
f 1084//420 1109//1144 1112//420
f 1084//420 1112//420 1085//1145
f 1085//1145 1112//420 1111//1145
f 1085//1145 1111//1145 1086//1146
f 1086//1146 1111//1145 1110//1146
f 1086//417 1110//417 1087//1147
f 1087//1147 1110//417 1106//1147
f 1087//1147 1106//1147 1088//1042
f 1088//1042 1106//1147 1105//1043
f 1095//1148 1104//1148 1096//1149
f 1096//1149 1104//1148 1103//1149
s 0
f 1063//1150 1065//1150 1067//1150
f 1075//431 1077//431 1073//431
f 1073//1020 1077//1020 1079//1020
f 1073//1020 1079//1020 1071//1020
f 1071//1020 1079//1020 1063//1020
f 1071//1018 1063//1018 1069//1018
f 1069//1151 1063//1151 1067//1151
f 1293//425 1294//425 1292//425
f 1292//425 1294//425 1295//425
f 1292//425 1295//425 1291//425
f 1291//425 1295//425 1079//425
f 1296//431 1297//431 1298//431
f 1079//425 1295//425 1063//425
f 1063//425 1295//425 1296//425
f 1063//425 1296//425 1300//425
f 1300//425 1296//425 1298//425
f 1300//427 1298//427 1299//427
s 1
f 1089//1022 1098//1023 1093//1024
f 1093//1024 1098//1023 1097//1024
f 1093//405 1097//405 1094//1152
f 1094//1152 1097//405 1099//1152
f 1094//1152 1099//1152 1095//1148
f 1095//1148 1099//1152 1104//1148
f 1096//1149 1103//1149 1090//1153
f 1090//1153 1103//1149 1102//1153
f 1090//1153 1102//1153 1091//375
f 1091//375 1102//1153 1101//1028
f 1091//1029 1101//1029 1092//1015
f 1092//1015 1101//1029 1100//1016
s 0
f 1127//425 1062//425 1046//425
f 1050//431 1048//431 1046//431
f 1052//1154 1050//1154 1054//1154
f 1054//425 1050//425 1046//425
f 1054//425 1046//425 1056//425
f 1056//425 1046//425 1062//425
f 1056//425 1062//425 1058//425
f 1058//1018 1062//1018 1060//1018
f 1115//1151 1117//1151 1113//1151
f 1113//425 1117//425 1119//425
f 1123//425 1125//425 1121//425
f 1121//1155 1125//1155 1127//1155
f 1121//425 1127//425 1119//425
f 1119//425 1127//425 1046//425
f 1119//425 1046//425 1113//425
s 1
f 393//387 416//387 395//1156
f 395//1156 416//387 1250//1156
f 395//1156 1250//1156 397//1157
f 397//1157 1250//1156 1247//1157
f 397//1157 1247//1157 399//1158
f 399//1158 1247//1157 1248//1158
f 399//1158 1248//1158 400//1159
f 400//1159 1248//1158 1249//1159
f 400//1160 1249//1160 402//1161
f 402//1161 1249//1160 1252//1161
f 402//1161 1252//1161 404//1162
f 404//1162 1252//1161 1237//1162
f 404//1162 1237//1162 405//394
f 405//394 1237//1162 409//394
f 388//1163 389//1163 403//1164
f 403//1164 389//1163 1147//1164
f 403//1164 1147//1164 401//1165
f 401//1165 1147//1164 1144//1165
f 401//1166 1144//1166 398//425
f 398//425 1144//1166 1145//425
f 398//425 1145//425 396//1167
f 396//1167 1145//425 1146//1167
f 396//1168 1146//1168 394//1169
f 394//1169 1146//1168 1143//1169
f 394//1169 1143//1169 376//387
f 376//387 1143//1169 377//387
f 352//394 375//394 354//1162
f 354//1162 375//394 1278//1162
f 354//1162 1278//1162 356//1161
f 356//1161 1278//1162 1269//1161
f 356//1161 1269//1161 358//1159
f 358//1159 1269//1161 1276//1159
f 358//1159 1276//1159 359//1158
f 359//1158 1276//1159 1277//1158
f 359//1158 1277//1158 361//1157
f 361//1157 1277//1158 1267//1157
f 361//1157 1267//1157 363//1156
f 363//1156 1267//1157 1268//1156
f 363//1156 1268//1156 364//387
f 364//387 1268//1156 368//387
f 347//1163 348//1163 1156//1164
f 1156//1164 348//1163 353//1164
f 1156//1164 353//1164 1157//1165
f 1157//1165 353//1164 355//1165
f 1157//1166 355//1166 1158//425
f 1158//425 355//1166 357//425
f 1158//425 357//425 1159//1167
f 1159//1167 357//425 360//1167
f 1159//1168 360//1168 1160//1169
f 1160//1169 360//1168 362//1169
f 1160//1169 362//1169 335//387
f 335//387 362//1169 336//387
f 327//405 328//405 334//1170
f 334//1170 328//405 1253//1171
f 334//1170 1253//1171 331//1172
f 331//1172 1253//1171 1254//1172
f 331//1172 1254//1172 329//1173
f 329//1173 1254//1172 1245//1173
f 329//1174 1245//1174 330//1175
f 330//1175 1245//1174 1242//1176
f 330//1175 1242//1176 332//1177
f 332//1177 1242//1176 1241//1177
f 332//1177 1241//1177 333//1178
f 333//1178 1241//1177 1240//1178
f 333//1178 1240//1178 313//396
f 313//396 1240//1178 314//396
f 303//387 312//387 304//1156
f 304//1156 312//387 1246//1156
f 304//1156 1246//1156 291//1179
f 291//1179 1246//1156 1238//1179
f 291//1179 1238//1179 292//1158
f 292//1158 1238//1179 1239//1158
f 292//1158 1239//1158 293//1159
f 293//1159 1239//1158 1243//1159
f 293//1159 1243//1159 294//1161
f 294//1161 1243//1159 1244//1161
f 294//1161 1244//1161 295//1162
f 295//1162 1244//1161 1251//1162
f 295//1162 1251//1162 296//394
f 296//394 1251//1162 305//394
f 273//394 290//394 275//1162
f 275//1162 290//394 1275//1162
f 275//1162 1275//1162 277//1180
f 277//1180 1275//1162 1266//1180
f 277//1161 1266//1161 279//1159
f 279//1159 1266//1161 1265//1159
f 279//1159 1265//1159 281//1158
f 281//1158 1265//1159 1270//1158
f 281//1158 1270//1158 282//1179
f 282//1179 1270//1158 1271//1179
f 282//1179 1271//1179 258//1156
f 258//1156 1271//1179 1272//1156
f 258//1156 1272//1156 260//387
f 260//387 1272//1156 283//387
f 249//385 250//386 256//1181
f 256//1181 250//386 1273//1181
f 256//1181 1273//1181 255//1182
f 255//1182 1273//1181 1274//1182
f 255//1182 1274//1182 254//1183
f 254//1183 1274//1182 1282//1184
f 254//1183 1282//1184 253//1185
f 253//1185 1282//1184 1281//1185
f 253//1185 1281//1185 251//1186
f 251//1186 1281//1185 1280//1186
f 251//1186 1280//1186 252//1187
f 252//1187 1280//1186 1279//1188
f 252//1187 1279//1188 235//375
f 235//375 1279//1188 236//375
s 0
f 1301//1 1302//1 1303//1
f 1303//1 1302//1 1304//1
f 1303//1 1304//1 1305//1
f 1305//1 1304//1 1306//1
f 1305//1 1306//1 1307//1
f 1307//1 1306//1 1308//1
f 1307//1 1308//1 1309//1
f 1309//1 1308//1 1310//1
f 1309//1 1310//1 1311//1
f 1311//1 1310//1 1312//1
f 1311//1 1312//1 1313//1
f 1312//1 1314//1 1313//1
f 1313//1 1314//1 1315//1
f 1313//1 1315//1 1316//1
f 1316//1 1315//1 1317//1
f 1316//1 1317//1 1318//1
f 1318//1 1317//1 1319//1
f 1318//1 1319//1 1320//1
f 1320//1 1319//1 1321//1
f 1320//1 1321//1 1322//1
f 1322//1 1321//1 1323//1
f 1322//1 1323//1 1324//1
f 1324//1 1323//1 1325//1
f 1324//1 1325//1 1301//1
f 1301//1 1325//1 1326//1
f 1301//1 1326//1 1302//1
s 1
f 1307//1189 278//1189 280//1190
f 1307//1189 280//1190 1305//1191
f 1305//1191 280//1190 257//1192
f 1305//1191 257//1192 1303//1193
f 1303//1193 257//1192 259//1194
f 1303//1193 259//1194 1301//1194
f 1301//1194 259//1194 261//1195
f 1301//1194 261//1195 1324//1196
f 1324//1196 261//1195 263//1197
f 1324//1196 263//1197 1322//1198
f 1322//1198 263//1197 265//1199
f 1322//1198 265//1199 1320//1199
f 1320//1199 265//1199 267//1200
f 1320//1199 267//1200 1318//1201
f 1318//1201 267//1200 269//1202
f 1318//1201 269//1202 1316//1203
f 1316//1203 269//1202 272//1204
f 1316//1203 272//1204 1313//1204
f 1313//1204 272//1204 274//1205
f 1313//1204 274//1205 1311//1206
f 1311//1206 274//1205 276//1207
f 1311//1206 276//1207 1309//1208
f 1309//1208 276//1207 278//1189
f 1309//1208 278//1189 1307//1189
