# Blender 4.3.2
# www.blender.org
mtllib right_finger.mtl
o right_finger
v -0.005500 0.004456 0.003224
v -0.004500 0.004456 0.003224
v -0.004500 0.005290 0.001505
v -0.005500 0.005290 0.001505
v -0.004500 0.005486 -0.000395
v -0.005500 0.005486 -0.000395
v -0.004500 0.005020 -0.002247
v -0.005500 0.005020 -0.002247
v -0.004500 0.003949 -0.003828
v -0.005500 0.003949 -0.003828
v -0.004500 0.002401 -0.004948
v -0.005500 0.002401 -0.004948
v -0.004500 0.000564 -0.005471
v -0.005500 0.000564 -0.005471
v -0.004500 -0.001341 -0.005334
v -0.005500 -0.001341 -0.005334
v -0.004500 -0.003085 -0.004554
v -0.005500 -0.003085 -0.004554
v -0.004500 -0.004456 -0.003224
v -0.005500 -0.004456 -0.003224
v -0.004500 -0.005290 -0.001505
v -0.005500 -0.005290 -0.001505
v -0.004500 -0.005486 0.000395
v -0.005500 -0.005486 0.000395
v -0.004500 -0.005020 0.002247
v -0.005500 -0.005020 0.002247
v -0.004500 -0.003949 0.003828
v -0.005500 -0.003949 0.003828
v -0.004500 -0.002401 0.004948
v -0.005500 -0.002401 0.004948
v -0.004500 -0.000564 0.005471
v -0.005500 -0.000564 0.005471
v -0.004500 0.001341 0.005334
v -0.005500 0.001341 0.005334
v -0.004500 0.003085 0.004554
v -0.005500 0.003085 0.004554
v 0.004700 -0.004608 0.003002
v 0.004700 -0.003303 0.004397
v 0.004700 -0.003757 -0.004017
v 0.004700 0.003303 -0.004397
v 0.004700 0.001600 -0.005262
v 0.004700 0.002156 0.005060
v 0.004700 0.003757 0.004017
v 0.004700 0.004904 0.002490
v 0.004700 -0.001600 0.005262
v 0.004700 0.000296 0.005492
v 0.004700 0.005460 0.000662
v 0.004700 0.005357 -0.001245
v 0.004700 0.004608 -0.003002
v 0.004700 -0.000296 -0.005492
v 0.004700 -0.002156 -0.005060
v 0.004700 -0.004904 -0.002490
v 0.004700 -0.005460 -0.000662
v 0.004700 -0.005357 0.001245
v 0.005500 -0.004608 0.003002
v 0.005500 -0.005357 0.001245
v 0.005500 -0.005460 -0.000662
v 0.005500 -0.004904 -0.002490
v 0.005500 -0.003757 -0.004017
v 0.005500 -0.002156 -0.005060
v 0.005500 -0.000296 -0.005492
v 0.005500 0.001600 -0.005262
v 0.005500 0.003303 -0.004397
v 0.005500 0.004608 -0.003002
v 0.005500 0.005357 -0.001245
v 0.005500 0.005460 0.000662
v 0.005500 0.004904 0.002490
v 0.005500 0.003757 0.004017
v 0.005500 0.002156 0.005060
v 0.005500 0.000296 0.005492
v 0.005500 -0.001600 0.005262
v 0.005500 -0.003303 0.004397
v 0.011500 -0.000056 0.002299
v 0.011400 -0.000059 0.002399
v 0.011400 -0.001250 0.002048
v 0.011500 -0.001198 0.001963
v 0.011400 -0.002107 0.001149
v 0.011500 -0.002019 0.001101
v 0.011400 -0.002399 -0.000059
v 0.011500 -0.002299 -0.000056
v 0.011400 -0.002048 -0.001250
v 0.011500 -0.001963 -0.001198
v 0.011400 -0.001149 -0.002107
v 0.011500 -0.001101 -0.002019
v 0.011400 0.000059 -0.002399
v 0.011500 0.000056 -0.002299
v 0.011400 0.001250 -0.002048
v 0.011500 0.001198 -0.001963
v 0.011400 0.002107 -0.001149
v 0.011500 0.002019 -0.001101
v 0.011400 0.002399 0.000059
v 0.011500 0.002299 0.000056
v 0.011400 0.002048 0.001250
v 0.011500 0.001963 0.001198
v 0.011400 0.001149 0.002107
v 0.011500 0.001101 0.002019
v 0.012000 -0.000553 -0.001014
v 0.012000 0.000602 -0.000986
v 0.012000 -0.001154 -0.000028
v 0.012000 0.001154 0.000028
v 0.012000 -0.000602 0.000986
v 0.012000 0.000553 0.001014
v 0.013500 0.000553 0.001014
v 0.013500 0.001154 0.000028
v 0.013500 -0.000602 0.000986
v 0.013500 -0.001154 -0.000028
v 0.013500 -0.000553 -0.001014
v 0.013500 0.000602 -0.000986
v 0.013500 0.002401 -0.000487
v 0.013500 0.002449 0.000060
v 0.013500 -0.001009 -0.002233
v 0.013500 -0.000487 -0.002401
v 0.013500 0.001117 -0.002181
v 0.013500 0.000603 -0.002374
v 0.013500 0.000060 -0.002449
v 0.013500 0.001480 0.001952
v 0.013500 0.001009 0.002233
v 0.013500 -0.002449 -0.000060
v 0.013500 -0.002375 -0.000603
v 0.013500 -0.001117 0.002181
v 0.013500 -0.001574 0.001878
v 0.013500 -0.002181 -0.001117
v 0.013500 -0.001878 -0.001574
v 0.013500 -0.001480 -0.001952
v 0.013500 -0.001952 0.001480
v 0.013500 -0.002233 0.001009
v 0.013500 -0.002401 0.000487
v 0.013500 0.000487 0.002401
v 0.013500 -0.000060 0.002449
v 0.013500 -0.000603 0.002375
v 0.013500 0.001574 -0.001878
v 0.013500 0.001952 -0.001480
v 0.013500 0.002233 -0.001009
v 0.013500 0.002375 0.000603
v 0.013500 0.002181 0.001117
v 0.013500 0.001878 0.001574
v 0.013200 0.000067 -0.002749
v 0.013350 0.000066 -0.002709
v 0.013350 -0.000538 -0.002656
v 0.013460 0.000064 -0.002599
v 0.013460 -0.000516 -0.002548
v 0.013460 -0.001070 -0.002369
v 0.013460 -0.001571 -0.002072
v 0.013460 -0.001992 -0.001670
v 0.013460 -0.002314 -0.001185
v 0.013460 -0.002520 -0.000640
v 0.013460 -0.002599 -0.000064
v 0.013460 -0.002548 0.000516
v 0.013460 -0.002369 0.001070
v 0.013460 -0.002072 0.001571
v 0.013460 -0.001670 0.001992
v 0.013460 -0.001185 0.002314
v 0.013460 -0.000640 0.002520
v 0.013460 -0.000064 0.002599
v 0.013350 -0.001116 -0.002469
v 0.013350 -0.001637 -0.002159
v 0.013350 -0.002077 -0.001741
v 0.013350 -0.002412 -0.001235
v 0.013350 -0.002626 -0.000667
v 0.013350 -0.002709 -0.000066
v 0.013350 -0.002656 0.000538
v 0.013350 -0.002469 0.001116
v 0.013350 -0.002159 0.001637
v 0.013350 -0.001741 0.002077
v 0.013350 -0.001235 0.002412
v 0.013350 -0.000667 0.002626
v 0.013350 -0.000066 0.002709
v 0.013200 -0.000546 -0.002695
v 0.013200 -0.001132 -0.002506
v 0.013200 -0.001661 -0.002191
v 0.013200 -0.002107 -0.001767
v 0.013200 -0.002448 -0.001253
v 0.013200 -0.002665 -0.000677
v 0.013200 -0.002749 -0.000067
v 0.013200 -0.002695 0.000546
v 0.013200 -0.002506 0.001132
v 0.013200 -0.002191 0.001661
v 0.013200 -0.001767 0.002107
v 0.013200 -0.001253 0.002448
v 0.013200 -0.000677 0.002665
v 0.013200 -0.000067 0.002749
v 0.013350 0.000538 0.002656
v 0.013460 0.000516 0.002548
v 0.013460 0.001070 0.002369
v 0.013460 0.001571 0.002072
v 0.013460 0.001992 0.001670
v 0.013460 0.002314 0.001185
v 0.013460 0.002520 0.000640
v 0.013460 0.002599 0.000064
v 0.013460 0.002548 -0.000516
v 0.013460 0.002369 -0.001070
v 0.013460 0.002072 -0.001571
v 0.013460 0.001670 -0.001992
v 0.013460 0.001185 -0.002314
v 0.013460 0.000640 -0.002520
v 0.013350 0.001116 0.002469
v 0.013350 0.001637 0.002159
v 0.013350 0.002077 0.001741
v 0.013350 0.002412 0.001235
v 0.013350 0.002626 0.000667
v 0.013350 0.002709 0.000066
v 0.013350 0.002656 -0.000538
v 0.013350 0.002469 -0.001116
v 0.013350 0.002159 -0.001637
v 0.013350 0.001741 -0.002077
v 0.013350 0.001235 -0.002412
v 0.013350 0.000667 -0.002626
v 0.013200 0.000546 0.002695
v 0.013200 0.001132 0.002506
v 0.013200 0.001661 0.002191
v 0.013200 0.002107 0.001767
v 0.013200 0.002448 0.001253
v 0.013200 0.002665 0.000677
v 0.013200 0.002749 0.000067
v 0.013200 0.002695 -0.000546
v 0.013200 0.002506 -0.001132
v 0.013200 0.002191 -0.001661
v 0.013200 0.001767 -0.002107
v 0.013200 0.001253 -0.002448
v 0.013200 0.000677 -0.002665
v 0.011500 0.000067 -0.002749
v 0.011500 -0.001132 -0.002506
v 0.011500 -0.002107 -0.001767
v 0.011500 -0.002665 -0.000677
v 0.011500 -0.002695 0.000546
v 0.011500 -0.002191 0.001661
v 0.011500 -0.001253 0.002448
v 0.011500 -0.000067 0.002749
v 0.011500 0.001132 0.002506
v 0.011500 0.002107 0.001767
v 0.011500 0.002665 0.000677
v 0.011500 0.002695 -0.000546
v 0.011500 0.002191 -0.001661
v 0.011500 0.001253 -0.002448
v -0.013300 0.044703 -0.005335
v -0.013600 0.044405 -0.005300
v -0.013300 0.045077 -0.004287
v -0.013600 0.044824 -0.004126
v -0.013300 0.045869 -0.003506
v -0.013600 0.045711 -0.003251
v -0.013300 0.046922 -0.003145
v -0.013600 0.046890 -0.002847
v -0.013300 0.048026 -0.003277
v -0.013600 0.048127 -0.002995
v -0.013300 0.048965 -0.003875
v -0.013600 0.049178 -0.003664
v -0.013300 0.049550 -0.004821
v -0.013600 0.049834 -0.004724
v -0.013300 0.049668 -0.005928
v -0.013600 0.049965 -0.005963
v -0.013300 0.045406 -0.007387
v -0.013300 0.044820 -0.006441
v -0.013300 0.046344 -0.007986
v -0.013300 0.047449 -0.008117
v -0.013300 0.048501 -0.007757
v -0.013300 0.049293 -0.006975
v -0.011400 -0.002048 -0.001250
v -0.011400 -0.002838 -0.000972
v -0.011400 -0.002399 -0.000059
v -0.011400 -0.002979 0.000356
v -0.011400 -0.002107 0.001149
v -0.011400 -0.002530 0.001613
v -0.011400 -0.001250 0.002048
v -0.011400 -0.001579 0.002551
v -0.011400 -0.000059 0.002399
v -0.011400 -0.000316 0.002983
v -0.011400 0.001149 0.002107
v -0.011400 0.001009 0.002825
v -0.011400 0.002048 0.001250
v -0.011400 0.002135 0.002107
v -0.011400 0.002838 0.000972
v -0.011400 0.002399 0.000059
v -0.011400 0.002979 -0.000356
v -0.011400 0.002107 -0.001149
v -0.011400 0.002530 -0.001613
v -0.011400 0.001250 -0.002048
v -0.011400 0.001579 -0.002551
v -0.011400 0.000059 -0.002399
v -0.011400 0.000316 -0.002983
v -0.011400 -0.001149 -0.002107
v -0.011400 -0.001009 -0.002825
v -0.011400 -0.002135 -0.002107
v -0.013600 -0.002979 0.000356
v -0.013600 -0.002530 0.001613
v -0.013600 -0.001579 0.002551
v -0.013600 -0.000316 0.002983
v -0.013600 0.001009 0.002825
v -0.013600 0.002135 0.002107
v -0.013600 0.002838 0.000972
v -0.013600 0.002979 -0.000356
v 0.011400 -0.002135 -0.002107
v 0.011400 -0.001009 -0.002825
v 0.011400 0.000316 -0.002983
v 0.011400 0.001579 -0.002551
v 0.011400 0.002530 -0.001613
v 0.011400 0.002979 -0.000356
v 0.011400 0.002838 0.000972
v 0.011400 0.002135 0.002107
v 0.011400 0.001009 0.002825
v 0.011400 -0.000316 0.002983
v 0.011400 -0.001579 0.002551
v 0.011400 -0.002530 0.001613
v 0.011400 -0.002979 0.000356
v 0.011400 -0.002838 -0.000972
v 0.013600 0.002979 -0.000356
v 0.013600 0.002838 0.000972
v 0.013600 0.002135 0.002107
v 0.013600 0.001009 0.002825
v 0.013600 -0.000316 0.002983
v 0.013600 -0.001579 0.002551
v 0.013600 -0.002530 0.001613
v 0.013600 -0.002979 0.000356
v 0.013300 0.049668 -0.005928
v 0.013600 0.049965 -0.005963
v 0.013300 0.049550 -0.004821
v 0.013600 0.049834 -0.004724
v 0.013300 0.048965 -0.003875
v 0.013600 0.049178 -0.003664
v 0.013300 0.048026 -0.003277
v 0.013600 0.048127 -0.002995
v 0.013300 0.046922 -0.003145
v 0.013600 0.046890 -0.002847
v 0.013300 0.045869 -0.003506
v 0.013600 0.045711 -0.003251
v 0.013300 0.045077 -0.004287
v 0.013600 0.044824 -0.004126
v 0.013300 0.044703 -0.005335
v 0.013600 0.044405 -0.005300
v 0.013300 0.046344 -0.007986
v 0.013300 0.047449 -0.008117
v 0.013300 0.045406 -0.007387
v 0.013300 0.048501 -0.007757
v 0.013300 0.049293 -0.006975
v 0.013300 0.044820 -0.006441
v -0.005600 0.002788 0.008795
v -0.011400 0.002788 0.008795
v -0.005600 0.003269 0.009996
v -0.011400 0.003269 0.009996
v -0.005600 0.004286 0.010796
v -0.011400 0.004286 0.010796
v -0.005600 0.005567 0.010981
v -0.011400 0.005567 0.010981
v -0.005600 0.006768 0.010500
v -0.011400 0.006768 0.010500
v -0.005600 0.007568 0.009483
v -0.011400 0.007568 0.009483
v -0.005600 0.007753 0.008202
v -0.011400 0.007753 0.008202
v -0.011400 0.006280 0.011323
v -0.011400 0.007406 0.010606
v -0.011400 0.008108 0.009471
v -0.011400 0.008249 0.008143
v -0.011400 0.007272 0.007001
v -0.011400 0.007800 0.006886
v -0.011400 0.006255 0.006200
v -0.011400 0.006850 0.005948
v -0.011400 0.004974 0.006016
v -0.011400 0.005587 0.005515
v -0.011400 0.004261 0.005673
v -0.011400 0.003773 0.006497
v -0.011400 0.003135 0.006391
v -0.011400 0.002972 0.007514
v -0.011400 0.002432 0.007526
v -0.011400 0.002292 0.008854
v -0.011400 0.002741 0.010111
v -0.011400 0.003691 0.011049
v -0.011400 0.004954 0.011482
v -0.013600 0.002292 0.008854
v -0.013600 0.002741 0.010111
v -0.013600 0.003691 0.011049
v -0.013600 0.004954 0.011482
v -0.013600 0.006280 0.011323
v -0.013600 0.007406 0.010606
v -0.013600 0.008108 0.009471
v -0.013600 0.008249 0.008143
v 0.011400 0.002788 0.008795
v 0.005600 0.002788 0.008795
v 0.011400 0.003269 0.009996
v 0.005600 0.003269 0.009996
v 0.011400 0.004286 0.010796
v 0.005600 0.004286 0.010796
v 0.011400 0.005567 0.010981
v 0.005600 0.005567 0.010981
v 0.011400 0.006768 0.010500
v 0.005600 0.006768 0.010500
v 0.011400 0.007568 0.009483
v 0.005600 0.007568 0.009483
v 0.011400 0.007753 0.008202
v 0.005600 0.007753 0.008202
v 0.011400 0.004954 0.011482
v 0.011400 0.003691 0.011049
v 0.011400 0.002741 0.010111
v 0.011400 0.002292 0.008854
v 0.011400 0.002972 0.007514
v 0.011400 0.002432 0.007526
v 0.011400 0.003773 0.006497
v 0.011400 0.003135 0.006391
v 0.011400 0.004974 0.006016
v 0.011400 0.004261 0.005673
v 0.011400 0.005587 0.005515
v 0.011400 0.006255 0.006200
v 0.011400 0.006850 0.005948
v 0.011400 0.007272 0.007001
v 0.011400 0.007800 0.006886
v 0.011400 0.008249 0.008143
v 0.011400 0.008108 0.009471
v 0.011400 0.007406 0.010606
v 0.011400 0.006280 0.011323
v 0.013600 0.008249 0.008143
v 0.013600 0.008108 0.009471
v 0.013600 0.007406 0.010606
v 0.013600 0.006280 0.011323
v 0.013600 0.004954 0.011482
v 0.013600 0.003691 0.011049
v 0.013600 0.002741 0.010111
v 0.013600 0.002292 0.008854
v -0.005500 0.008555 0.005022
v -0.005500 0.008437 0.004029
v -0.005378 0.009163 0.004949
v -0.005378 0.009045 0.003956
v -0.005031 0.009679 0.004887
v -0.005031 0.009560 0.003895
v -0.004512 0.010023 0.004846
v -0.004512 0.009905 0.003853
v -0.003900 0.010144 0.004832
v -0.003900 0.010026 0.003839
v 0.003900 0.010144 0.004832
v 0.003900 0.010026 0.003839
v 0.004700 0.009931 0.004857
v 0.004700 0.009813 0.003864
v 0.005286 0.009350 0.004927
v 0.005286 0.009231 0.003934
v 0.005500 0.008555 0.005022
v 0.005500 0.008437 0.004029
v 0.005256 0.008064 0.004073
v 0.005500 0.006848 0.004218
v 0.004563 0.009095 0.003950
v 0.003525 0.009784 0.003868
v 0.002300 0.010026 0.003839
v -0.003525 0.009784 0.003868
v -0.002300 0.010026 0.003839
v -0.005500 0.006848 0.004218
v -0.005256 0.008064 0.004073
v -0.004563 0.009095 0.003950
v 0.009100 0.051498 -0.011685
v 0.009100 0.051461 -0.011999
v -0.009100 0.051498 -0.011685
v -0.009100 0.051461 -0.011999
v -0.005500 -0.005616 -0.004869
v -0.005500 -0.005654 -0.005183
v 0.005500 -0.005616 -0.004869
v 0.005500 -0.005654 -0.005183
v 0.006250 0.015753 -0.008930
v 0.006250 0.020320 -0.009475
v -0.003050 0.023498 -0.009854
v -0.005313 0.013506 -0.008662
v -0.004275 0.012817 -0.008579
v -0.006006 0.014537 -0.008785
v -0.003050 0.012575 -0.008550
v -0.006250 0.015753 -0.008930
v -0.006250 0.020320 -0.009475
v 0.006006 0.021536 -0.009620
v 0.005313 0.022567 -0.009743
v 0.003050 0.012575 -0.008550
v 0.004275 0.012817 -0.008579
v 0.005313 0.013506 -0.008662
v 0.003050 0.023498 -0.009854
v 0.004275 0.023256 -0.009825
v -0.005313 0.022567 -0.009743
v -0.006006 0.021536 -0.009620
v -0.004275 0.023256 -0.009825
v 0.006006 0.014537 -0.008785
v 0.011600 -0.006182 -0.003647
v 0.011600 -0.005972 -0.004427
v 0.012365 -0.005828 -0.004377
v 0.013332 -0.000889 -0.007447
v 0.013448 -0.000861 -0.007214
v 0.013448 -0.001900 -0.006970
v 0.013448 -0.005035 -0.002985
v 0.013600 -0.004274 -0.002904
v 0.013600 -0.004268 -0.002008
v 0.013600 -0.000770 -0.006454
v 0.013600 -0.001642 -0.006249
v 0.013600 -0.002447 -0.005855
v 0.013448 -0.002858 -0.006501
v 0.013600 -0.003143 -0.005292
v 0.013448 -0.003688 -0.005830
v 0.013600 -0.003697 -0.004588
v 0.013448 -0.004348 -0.004991
v 0.012600 -0.000976 -0.008174
v 0.013014 -0.000938 -0.007858
v 0.013014 -0.002118 -0.007581
v 0.013014 -0.003207 -0.007048
v 0.013014 -0.004150 -0.006285
v 0.013014 -0.004899 -0.005333
v 0.013448 -0.005028 -0.001918
v 0.013332 -0.005261 -0.001890
v 0.013014 -0.005680 -0.003053
v 0.012365 -0.002264 -0.007989
v 0.012365 -0.003440 -0.007413
v 0.012365 -0.004458 -0.006590
v 0.012365 -0.005268 -0.005561
v 0.011600 -0.002315 -0.008132
v 0.011600 -0.001007 -0.008440
v 0.012365 -0.000989 -0.008289
v 0.011600 -0.005534 -0.005409
v 0.011600 -0.005397 -0.005641
v 0.011600 -0.004567 -0.006697
v 0.011600 -0.004373 -0.006884
v 0.011600 -0.003522 -0.007542
v 0.011600 -0.002814 -0.007929
v 0.013014 -0.005418 -0.004237
v 0.013448 -0.004804 -0.004027
v 0.013600 -0.004080 -0.003779
v 0.011600 -0.006263 -0.003115
v 0.012365 -0.006111 -0.003099
v 0.013014 -0.005672 -0.001841
v 0.012600 -0.005988 -0.001803
v 0.012365 -0.006103 -0.001789
v 0.011600 -0.006254 -0.001771
v 0.011600 0.046178 -0.014071
v 0.012365 0.046196 -0.013920
v 0.012600 0.046210 -0.013805
v 0.013014 0.046247 -0.013490
v 0.013332 0.046296 -0.013078
v 0.013448 0.046324 -0.012846
v 0.013600 0.046415 -0.012085
v 0.011600 -0.005958 0.000711
v 0.012365 -0.005807 0.000693
v 0.012600 -0.005692 0.000679
v 0.013014 -0.005376 0.000642
v 0.013332 -0.004965 0.000593
v 0.013448 -0.004732 0.000565
v 0.013600 -0.003972 0.000474
v 0.011600 0.048054 -0.014000
v 0.011600 0.048833 -0.013790
v 0.012365 0.048784 -0.013646
v 0.013332 0.051854 -0.008706
v 0.013448 0.051621 -0.008678
v 0.013448 0.051376 -0.009717
v 0.013448 0.047391 -0.012852
v 0.013600 0.047311 -0.012091
v 0.013600 0.050861 -0.008588
v 0.013600 0.050656 -0.009460
v 0.013600 0.050262 -0.010264
v 0.013448 0.050907 -0.010676
v 0.013600 0.049699 -0.010961
v 0.013448 0.050236 -0.011505
v 0.013600 0.048995 -0.011515
v 0.013448 0.049398 -0.012165
v 0.012600 0.052581 -0.008793
v 0.013014 0.052265 -0.008755
v 0.013014 0.051987 -0.009935
v 0.013014 0.051454 -0.011024
v 0.013014 0.050692 -0.011967
v 0.013014 0.049739 -0.012717
v 0.013014 0.047460 -0.013498
v 0.012365 0.052396 -0.010081
v 0.012365 0.051820 -0.011257
v 0.012365 0.050997 -0.012276
v 0.012365 0.049967 -0.013085
v 0.011600 0.052539 -0.010133
v 0.011600 0.052847 -0.008825
v 0.012365 0.052695 -0.008807
v 0.011600 0.049815 -0.013352
v 0.011600 0.050048 -0.013215
v 0.011600 0.051103 -0.012384
v 0.011600 0.051291 -0.012191
v 0.011600 0.051948 -0.011339
v 0.011600 0.052335 -0.010631
v 0.013014 0.048643 -0.013236
v 0.013448 0.048433 -0.012622
v 0.013600 0.048185 -0.011898
v 0.011600 0.047521 -0.014080
v 0.012365 0.047505 -0.013929
v 0.013448 -0.004497 0.001575
v 0.013600 -0.003775 0.001322
v 0.013600 -0.003399 0.002108
v 0.013014 -0.005110 0.001790
v 0.013448 -0.004050 0.002512
v 0.013332 -0.004249 0.002635
v 0.012365 -0.005519 0.001933
v 0.011600 -0.005663 0.001984
v 0.013014 -0.004601 0.002854
v 0.012600 -0.004871 0.003021
v 0.012365 -0.004970 0.003082
v 0.011600 -0.005099 0.003162
v 0.013600 0.051157 -0.006105
v 0.013448 0.051917 -0.006196
v 0.013332 0.052150 -0.006224
v 0.013014 0.052561 -0.006273
v 0.012600 0.052877 -0.006311
v 0.012365 0.052992 -0.006324
v 0.011600 0.053143 -0.006342
v 0.013600 0.001871 0.010607
v 0.013448 0.001221 0.011010
v 0.013332 0.001021 0.011134
v 0.013014 0.000669 0.011352
v 0.012600 0.000399 0.011519
v 0.012365 0.000301 0.011580
v 0.011600 0.000171 0.011661
v 0.011600 0.053071 -0.004466
v 0.011600 0.052861 -0.003687
v 0.012365 0.052717 -0.003736
v 0.013332 0.047778 -0.000667
v 0.013448 0.047750 -0.000900
v 0.013448 0.048789 -0.001144
v 0.013448 0.051924 -0.005129
v 0.013600 0.051163 -0.005210
v 0.013600 0.047659 -0.001660
v 0.013600 0.048531 -0.001865
v 0.013600 0.049335 -0.002258
v 0.013448 0.049747 -0.001613
v 0.013600 0.050032 -0.002822
v 0.013448 0.050577 -0.002284
v 0.013600 0.050586 -0.003526
v 0.013448 0.051237 -0.003123
v 0.012600 0.047864 0.000060
v 0.013014 0.047827 -0.000255
v 0.013014 0.049007 -0.000533
v 0.013014 0.050096 -0.001066
v 0.013014 0.051039 -0.001828
v 0.013014 0.051788 -0.002781
v 0.013014 0.052569 -0.005061
v 0.012365 0.049153 -0.000125
v 0.012365 0.050329 -0.000700
v 0.012365 0.051347 -0.001524
v 0.012365 0.052157 -0.002553
v 0.011600 0.049204 0.000019
v 0.011600 0.047896 0.000326
v 0.012365 0.047878 0.000175
v 0.011600 0.052423 -0.002705
v 0.011600 0.052286 -0.002473
v 0.011600 0.051456 -0.001417
v 0.011600 0.051262 -0.001229
v 0.011600 0.050411 -0.000572
v 0.011600 0.049702 -0.000185
v 0.013014 0.052307 -0.003877
v 0.013448 0.051693 -0.004087
v 0.013600 0.050969 -0.004335
v 0.011600 0.053152 -0.004999
v 0.012365 0.053000 -0.005015
v 0.011600 0.001492 0.013159
v 0.011600 0.000997 0.012710
v 0.012365 0.001105 0.012603
v 0.013600 0.002421 0.011306
v 0.013448 0.001876 0.011843
v 0.013014 0.001414 0.012299
v 0.013600 0.003911 0.012260
v 0.013600 0.004777 0.012468
v 0.013448 0.003651 0.012980
v 0.013448 0.004683 0.013227
v 0.013014 0.003431 0.013591
v 0.013014 0.004603 0.013871
v 0.012365 0.003284 0.013998
v 0.012365 0.004549 0.014301
v 0.011600 0.003232 0.014141
v 0.013600 0.005667 0.012479
v 0.013600 0.006538 0.012292
v 0.013448 0.005743 0.013240
v 0.013448 0.006780 0.013018
v 0.013014 0.005808 0.013886
v 0.013014 0.006986 0.013634
v 0.012365 0.005851 0.014317
v 0.012365 0.007123 0.014045
v 0.013600 0.007345 0.011918
v 0.013448 0.007743 0.012572
v 0.013014 0.008079 0.013127
v 0.012365 0.008304 0.013498
v 0.013600 0.008050 0.011374
v 0.013600 0.008618 0.010688
v 0.013448 0.008582 0.011925
v 0.013448 0.009258 0.011107
v 0.013014 0.009033 0.012391
v 0.013014 0.009801 0.011463
v 0.012365 0.009335 0.012703
v 0.012365 0.010164 0.011700
v 0.011600 0.002034 0.013551
v 0.012365 0.002116 0.013423
v 0.013014 0.002350 0.013058
v 0.013448 0.002700 0.012511
v 0.013600 0.003113 0.011867
v 0.011600 0.005866 0.014469
v 0.011600 0.005198 0.014498
v 0.011600 0.004531 0.014453
v 0.011600 0.007172 0.014189
v 0.011600 0.009440 0.012812
v 0.011600 0.008934 0.013250
v 0.011600 0.008383 0.013628
v 0.011600 0.010291 0.011783
v 0.011600 0.045826 0.000573
v 0.012365 0.045808 0.000422
v 0.012600 0.045795 0.000307
v 0.013014 0.045757 -0.000008
v 0.013332 0.045708 -0.000420
v 0.013448 0.045680 -0.000653
v 0.013600 0.045589 -0.001413
v 0.013600 0.013716 0.002896
v 0.013448 0.014356 0.003315
v 0.013014 0.014899 0.003670
v 0.012365 0.015262 0.003907
v 0.011600 0.015390 0.003991
v 0.013448 0.044960 -0.000622
v 0.013600 0.044985 -0.001386
v 0.013014 0.044939 0.000027
v 0.013600 0.044383 -0.001452
v 0.013448 0.044243 -0.000700
v 0.013014 0.044124 -0.000062
v 0.012365 0.044045 0.000365
v 0.012365 0.044925 0.000460
v 0.011600 0.044017 0.000514
v 0.011600 0.044920 0.000612
v 0.013332 0.019868 0.000147
v 0.013014 0.019917 0.000558
v 0.013014 0.018725 0.000807
v 0.012365 0.018851 0.001222
v 0.011600 0.018895 0.001368
v 0.012365 0.017790 0.001646
v 0.011600 0.018196 0.001624
v 0.011600 0.017859 0.001782
v 0.011600 0.016911 0.002370
v 0.012365 0.016820 0.002248
v 0.011600 0.016619 0.002602
v 0.012365 0.015968 0.003010
v 0.011600 0.016079 0.003114
v 0.011600 0.019987 0.001139
v 0.012365 0.019969 0.000988
v 0.012600 0.019955 0.000873
v 0.013014 0.017595 0.001259
v 0.013014 0.016560 0.001901
v 0.013014 0.015652 0.002713
v 0.013600 0.019750 -0.000846
v 0.013448 0.019841 -0.000086
v 0.013448 0.018538 0.000186
v 0.013448 0.017302 0.000680
v 0.013448 0.016171 0.001382
v 0.013448 0.015179 0.002269
v 0.013600 0.018317 -0.000547
v 0.013600 0.016957 -0.000003
v 0.013600 0.015713 0.000769
v 0.013600 0.014621 0.001745
v 0.013600 0.038004 -0.002640
v 0.013448 0.037864 -0.001887
v 0.013014 0.037745 -0.001249
v 0.012365 0.037665 -0.000823
v 0.011600 0.037638 -0.000674
v 0.011600 0.035708 -0.000737
v 0.012365 0.035690 -0.000888
v 0.012600 0.035676 -0.001003
v 0.013014 0.035638 -0.001318
v 0.013332 0.035589 -0.001730
v 0.013448 0.035561 -0.001963
v 0.013600 0.035471 -0.002723
v 0.012365 0.036680 -0.000931
v 0.011600 0.036675 -0.000778
v 0.013014 0.036694 -0.001364
v 0.013448 0.036715 -0.002012
v 0.013600 0.036740 -0.002777
v -0.012600 -0.000976 -0.008174
v -0.012365 -0.000989 -0.008289
v -0.012365 -0.002264 -0.007989
v -0.012365 -0.006111 -0.003099
v -0.011600 -0.006263 -0.003115
v -0.011600 -0.006254 -0.001771
v -0.011600 -0.001007 -0.008440
v -0.011600 -0.002315 -0.008132
v -0.011600 -0.002814 -0.007929
v -0.012365 -0.003440 -0.007413
v -0.011600 -0.003522 -0.007542
v -0.011600 -0.004373 -0.006884
v -0.012365 -0.004458 -0.006590
v -0.011600 -0.004567 -0.006697
v -0.011600 -0.005397 -0.005641
v -0.012365 -0.005268 -0.005561
v -0.011600 -0.005534 -0.005409
v -0.012365 -0.005828 -0.004377
v -0.011600 -0.005972 -0.004427
v -0.011600 -0.006182 -0.003647
v -0.013332 -0.000889 -0.007447
v -0.013014 -0.000938 -0.007858
v -0.013014 -0.002118 -0.007581
v -0.013014 -0.003207 -0.007048
v -0.013014 -0.004150 -0.006285
v -0.013014 -0.004899 -0.005333
v -0.013014 -0.005418 -0.004237
v -0.013014 -0.005680 -0.003053
v -0.013600 -0.000770 -0.006454
v -0.013448 -0.000861 -0.007214
v -0.013448 -0.001900 -0.006970
v -0.012365 -0.006103 -0.001789
v -0.012600 -0.005988 -0.001803
v -0.013014 -0.005672 -0.001841
v -0.013332 -0.005261 -0.001890
v -0.013448 -0.002858 -0.006501
v -0.013448 -0.003688 -0.005830
v -0.013448 -0.004348 -0.004991
v -0.013448 -0.004804 -0.004027
v -0.013448 -0.005035 -0.002985
v -0.013448 -0.005028 -0.001918
v -0.013600 -0.001642 -0.006249
v -0.013600 -0.002447 -0.005855
v -0.013600 -0.003143 -0.005292
v -0.013600 -0.003697 -0.004588
v -0.013600 -0.004080 -0.003779
v -0.013600 -0.004274 -0.002904
v -0.013600 -0.004268 -0.002008
v -0.013600 0.046415 -0.012085
v -0.013448 0.046324 -0.012846
v -0.013332 0.046296 -0.013078
v -0.013014 0.046247 -0.013490
v -0.012600 0.046210 -0.013805
v -0.012365 0.046196 -0.013920
v -0.011600 0.046178 -0.014071
v -0.013600 -0.003972 0.000474
v -0.013448 -0.004732 0.000565
v -0.013332 -0.004965 0.000593
v -0.013014 -0.005376 0.000642
v -0.012600 -0.005692 0.000679
v -0.012365 -0.005807 0.000693
v -0.011600 -0.005958 0.000711
v -0.012600 0.052581 -0.008793
v -0.012365 0.052695 -0.008807
v -0.012365 0.052396 -0.010081
v -0.012365 0.047505 -0.013929
v -0.011600 0.047521 -0.014080
v -0.011600 0.052847 -0.008825
v -0.011600 0.052539 -0.010133
v -0.011600 0.052335 -0.010631
v -0.012365 0.051820 -0.011257
v -0.011600 0.051948 -0.011339
v -0.011600 0.051291 -0.012191
v -0.012365 0.050997 -0.012276
v -0.011600 0.051103 -0.012384
v -0.011600 0.050048 -0.013215
v -0.012365 0.049967 -0.013085
v -0.011600 0.049815 -0.013352
v -0.012365 0.048784 -0.013646
v -0.011600 0.048833 -0.013790
v -0.011600 0.048054 -0.014000
v -0.013332 0.051854 -0.008706
v -0.013014 0.052265 -0.008755
v -0.013014 0.051987 -0.009935
v -0.013014 0.051454 -0.011024
v -0.013014 0.050692 -0.011967
v -0.013014 0.049739 -0.012717
v -0.013014 0.048643 -0.013236
v -0.013014 0.047460 -0.013498
v -0.013600 0.050861 -0.008588
v -0.013448 0.051621 -0.008678
v -0.013448 0.051376 -0.009717
v -0.013448 0.050907 -0.010676
v -0.013448 0.050236 -0.011505
v -0.013448 0.049398 -0.012165
v -0.013448 0.048433 -0.012622
v -0.013448 0.047391 -0.012852
v -0.013600 0.050656 -0.009460
v -0.013600 0.050262 -0.010264
v -0.013600 0.049699 -0.010961
v -0.013600 0.048995 -0.011515
v -0.013600 0.048185 -0.011898
v -0.013600 0.047311 -0.012091
v -0.012365 -0.005519 0.001933
v -0.011600 -0.005663 0.001984
v -0.011600 -0.005099 0.003162
v -0.013014 -0.005110 0.001790
v -0.012365 -0.004970 0.003082
v -0.012600 -0.004871 0.003021
v -0.013448 -0.004497 0.001575
v -0.013600 -0.003775 0.001322
v -0.013014 -0.004601 0.002854
v -0.013332 -0.004249 0.002635
v -0.013448 -0.004050 0.002512
v -0.013600 -0.003399 0.002108
v -0.011600 0.053143 -0.006342
v -0.012365 0.052992 -0.006324
v -0.012600 0.052877 -0.006311
v -0.013014 0.052561 -0.006273
v -0.013332 0.052150 -0.006224
v -0.013448 0.051917 -0.006196
v -0.013600 0.051157 -0.006105
v -0.011600 0.000171 0.011661
v -0.012365 0.000301 0.011580
v -0.012600 0.000399 0.011519
v -0.013014 0.000669 0.011352
v -0.013332 0.001021 0.011134
v -0.013448 0.001221 0.011010
v -0.013600 0.001871 0.010607
v -0.012600 0.047864 0.000060
v -0.012365 0.047878 0.000175
v -0.012365 0.049153 -0.000125
v -0.012365 0.053000 -0.005015
v -0.011600 0.053152 -0.004999
v -0.011600 0.047896 0.000326
v -0.011600 0.049204 0.000019
v -0.011600 0.049702 -0.000185
v -0.012365 0.050329 -0.000700
v -0.011600 0.050411 -0.000572
v -0.011600 0.051262 -0.001229
v -0.012365 0.051347 -0.001524
v -0.011600 0.051456 -0.001417
v -0.011600 0.052286 -0.002473
v -0.012365 0.052157 -0.002553
v -0.011600 0.052423 -0.002705
v -0.012365 0.052717 -0.003736
v -0.011600 0.052861 -0.003687
v -0.011600 0.053071 -0.004466
v -0.013332 0.047778 -0.000667
v -0.013014 0.047827 -0.000255
v -0.013014 0.049007 -0.000533
v -0.013014 0.050096 -0.001066
v -0.013014 0.051039 -0.001828
v -0.013014 0.051788 -0.002781
v -0.013014 0.052307 -0.003877
v -0.013014 0.052569 -0.005061
v -0.013600 0.047659 -0.001660
v -0.013448 0.047750 -0.000900
v -0.013448 0.048789 -0.001144
v -0.013448 0.049747 -0.001613
v -0.013448 0.050577 -0.002284
v -0.013448 0.051237 -0.003123
v -0.013448 0.051693 -0.004087
v -0.013448 0.051924 -0.005129
v -0.013600 0.048531 -0.001865
v -0.013600 0.049335 -0.002258
v -0.013600 0.050032 -0.002822
v -0.013600 0.050586 -0.003526
v -0.013600 0.050969 -0.004335
v -0.013600 0.051163 -0.005210
v -0.012365 0.001105 0.012603
v -0.011600 0.000997 0.012710
v -0.011600 0.001492 0.013159
v -0.012365 0.002116 0.013423
v -0.011600 0.002034 0.013551
v -0.011600 0.003232 0.014141
v -0.012365 0.003284 0.013998
v -0.011600 0.004531 0.014453
v -0.012365 0.004549 0.014301
v -0.011600 0.005198 0.014498
v -0.012365 0.005851 0.014317
v -0.011600 0.005866 0.014469
v -0.011600 0.007172 0.014189
v -0.012365 0.007123 0.014045
v -0.011600 0.008383 0.013628
v -0.012365 0.008304 0.013498
v -0.011600 0.008934 0.013250
v -0.012365 0.009335 0.012703
v -0.011600 0.009440 0.012812
v -0.011600 0.010291 0.011783
v -0.012365 0.010164 0.011700
v -0.013014 0.001414 0.012299
v -0.013014 0.002350 0.013058
v -0.013014 0.003431 0.013591
v -0.013014 0.004603 0.013871
v -0.013014 0.005808 0.013886
v -0.013014 0.006986 0.013634
v -0.013014 0.008079 0.013127
v -0.013014 0.009033 0.012391
v -0.013014 0.009801 0.011463
v -0.013448 0.001876 0.011843
v -0.013448 0.002700 0.012511
v -0.013448 0.003651 0.012980
v -0.013448 0.004683 0.013227
v -0.013448 0.005743 0.013240
v -0.013448 0.006780 0.013018
v -0.013448 0.007743 0.012572
v -0.013448 0.008582 0.011925
v -0.013448 0.009258 0.011107
v -0.013600 0.002421 0.011306
v -0.013600 0.003113 0.011867
v -0.013600 0.003911 0.012260
v -0.013600 0.004777 0.012468
v -0.013600 0.005667 0.012479
v -0.013600 0.006538 0.012292
v -0.013600 0.007345 0.011918
v -0.013600 0.008050 0.011374
v -0.013600 0.008618 0.010688
v -0.013600 0.045589 -0.001413
v -0.013448 0.045680 -0.000653
v -0.013332 0.045708 -0.000420
v -0.013014 0.045757 -0.000008
v -0.012600 0.045795 0.000307
v -0.012365 0.045808 0.000422
v -0.011600 0.045826 0.000573
v -0.013600 0.013716 0.002896
v -0.013448 0.014356 0.003315
v -0.013014 0.014899 0.003670
v -0.012365 0.015262 0.003907
v -0.011600 0.015390 0.003991
v -0.012365 0.044925 0.000460
v -0.011600 0.044920 0.000612
v -0.011600 0.044017 0.000514
v -0.012365 0.044045 0.000365
v -0.012600 0.044066 0.000251
v -0.013014 0.044939 0.000027
v -0.013448 0.044960 -0.000622
v -0.013332 0.044200 -0.000469
v -0.013014 0.044124 -0.000062
v -0.013600 0.044985 -0.001386
v -0.013600 0.044383 -0.001452
v -0.013448 0.044243 -0.000700
v -0.011600 0.018196 0.001624
v -0.011600 0.018895 0.001368
v -0.012365 0.018851 0.001222
v -0.013600 0.016957 -0.000003
v -0.013600 0.015713 0.000769
v -0.013448 0.017302 0.000680
v -0.013448 0.016171 0.001382
v -0.013014 0.017595 0.001259
v -0.013014 0.016560 0.001901
v -0.012365 0.017790 0.001646
v -0.012365 0.016820 0.002248
v -0.011600 0.017859 0.001782
v -0.013600 0.014621 0.001745
v -0.013448 0.015179 0.002269
v -0.013014 0.015652 0.002713
v -0.012365 0.015968 0.003010
v -0.013600 0.019750 -0.000846
v -0.013600 0.018317 -0.000547
v -0.013448 0.019841 -0.000086
v -0.013448 0.018538 0.000186
v -0.013014 0.019917 0.000558
v -0.013014 0.018725 0.000807
v -0.012365 0.019969 0.000988
v -0.011600 0.019987 0.001139
v -0.011600 0.016079 0.003114
v -0.011600 0.016619 0.002602
v -0.011600 0.016911 0.002370
v -0.011600 0.037638 -0.000674
v -0.012365 0.037665 -0.000823
v -0.012600 0.037687 -0.000937
v -0.013014 0.037745 -0.001249
v -0.013332 0.037821 -0.001657
v -0.013448 0.037864 -0.001887
v -0.013600 0.038004 -0.002640
v -0.013600 0.035471 -0.002723
v -0.013448 0.035561 -0.001963
v -0.013014 0.035638 -0.001318
v -0.012365 0.035690 -0.000888
v -0.011600 0.035708 -0.000737
v -0.013600 0.036740 -0.002777
v -0.013448 0.036715 -0.002012
v -0.012365 0.036680 -0.000931
v -0.013014 0.036694 -0.001364
v -0.011600 0.036675 -0.000778
v -0.009100 0.047864 -0.011755
v -0.009100 0.047805 -0.012251
v -0.008978 0.048472 -0.011827
v -0.008978 0.048413 -0.012324
v -0.008631 0.048988 -0.011889
v -0.008631 0.048928 -0.012385
v -0.008112 0.049332 -0.011930
v -0.008112 0.049273 -0.012427
v -0.007500 0.049453 -0.011945
v -0.007500 0.049394 -0.012441
v 0.007500 0.049453 -0.011945
v 0.007500 0.049394 -0.012441
v 0.008300 0.049240 -0.011919
v 0.008300 0.049181 -0.012416
v 0.008886 0.048659 -0.011850
v 0.008886 0.048599 -0.012346
v 0.009100 0.047864 -0.011755
v 0.009100 0.047805 -0.012251
v -0.005500 -0.002160 -0.006288
v -0.005500 -0.002101 -0.005792
v -0.005378 -0.002768 -0.006216
v -0.005378 -0.002709 -0.005719
v -0.005031 -0.003284 -0.006154
v -0.005031 -0.003225 -0.005658
v -0.004512 -0.003628 -0.006113
v -0.004512 -0.003569 -0.005617
v -0.003900 -0.003749 -0.006099
v -0.003900 -0.003690 -0.005602
v 0.003900 -0.003749 -0.006099
v 0.003900 -0.003690 -0.005602
v 0.004700 -0.003536 -0.006124
v 0.004700 -0.003477 -0.005628
v 0.005286 -0.002955 -0.006193
v 0.005286 -0.002895 -0.005697
v 0.005500 -0.002160 -0.006288
v 0.005500 -0.002101 -0.005792
v 0.009100 0.048857 -0.011873
v 0.008886 0.049652 -0.011968
v 0.008300 0.050233 -0.012038
v 0.007500 0.050446 -0.012063
v -0.007500 0.050446 -0.012063
v -0.008300 0.050233 -0.012038
v -0.008886 0.049652 -0.011968
v -0.009100 0.048857 -0.011873
v -0.005500 -0.003094 -0.005673
v 0.004700 -0.004470 -0.005509
v 0.005286 -0.003888 -0.005578
v 0.005500 -0.003094 -0.005673
v -0.005286 -0.003888 -0.005578
v -0.004700 -0.004470 -0.005509
v -0.003900 -0.004683 -0.005484
v 0.003900 -0.004683 -0.005484
v -0.005286 -0.003829 -0.005082
v -0.005500 -0.003035 -0.005177
v -0.004700 -0.004411 -0.005013
v 0.005500 -0.003035 -0.005177
v 0.005286 -0.003829 -0.005082
v 0.004700 -0.004411 -0.005013
v 0.003900 -0.004624 -0.004987
v -0.003900 -0.004624 -0.004987
v -0.009100 0.048916 -0.011377
v -0.008886 0.049711 -0.011472
v 0.009100 0.048916 -0.011377
v 0.008886 0.049711 -0.011472
v 0.008300 0.050292 -0.011541
v -0.008300 0.050292 -0.011541
v -0.007500 0.050505 -0.011567
v 0.007500 0.050505 -0.011567
v -0.009100 0.040556 -0.011386
v -0.009100 0.040853 -0.008904
v -0.008886 0.039762 -0.011292
v -0.008886 0.040058 -0.008809
v -0.008300 0.039181 -0.011222
v -0.008300 0.039477 -0.008740
v -0.007500 0.038968 -0.011197
v -0.007500 0.039264 -0.008714
v 0.007500 0.038968 -0.011197
v 0.007500 0.039264 -0.008714
v 0.008300 0.039181 -0.011222
v 0.008300 0.039477 -0.008740
v 0.008886 0.039762 -0.011292
v 0.008886 0.040058 -0.008809
v 0.009100 0.040556 -0.011386
v 0.009100 0.040853 -0.008904
v 0.005500 -0.003084 0.006411
v 0.005600 -0.003084 0.006411
v 0.005600 0.015237 0.004224
v -0.005600 0.015237 0.004224
v 0.005489 0.015237 0.004224
v -0.005600 -0.003084 0.006411
v -0.005500 -0.003084 0.006411
v -0.005313 0.015047 0.004247
v -0.005489 0.015237 0.004224
v 0.005313 0.015047 0.004247
v 0.004275 0.014358 0.004329
v 0.003050 0.014116 0.004358
v -0.003050 0.014116 0.004358
v -0.004275 0.014358 0.004329
v 0.005600 0.002972 0.007514
v 0.005600 0.006255 0.006200
v 0.005600 0.004974 0.006016
v 0.005600 0.003773 0.006497
v 0.005600 0.007272 0.007001
v 0.005600 0.010291 0.011783
v 0.005600 0.008934 0.013250
v 0.005600 0.007172 0.014189
v 0.005600 0.000171 0.011661
v 0.005600 0.001492 0.013159
v 0.005600 0.003232 0.014141
v 0.005600 0.005198 0.014498
v -0.005600 0.010291 0.011783
v -0.005600 0.007272 0.007001
v -0.005600 0.006255 0.006200
v -0.005600 0.004974 0.006016
v -0.005600 0.003773 0.006497
v -0.005600 0.002972 0.007514
v -0.005600 0.000171 0.011661
v -0.005600 0.001492 0.013159
v -0.005600 0.008934 0.013250
v -0.005600 0.007172 0.014189
v -0.005600 0.005198 0.014498
v -0.005600 0.003232 0.014141
v -0.006250 0.018196 0.001624
v -0.006250 0.017086 0.002244
v -0.006250 0.021565 0.000951
v -0.006250 0.019987 0.001139
v 0.006250 0.021565 0.000951
v 0.006250 0.019987 0.001139
v 0.006250 0.018196 0.001624
v 0.006250 0.017086 0.002244
v 0.006006 0.022781 0.000806
v 0.005313 0.023811 0.000683
v 0.004275 0.024500 0.000601
v 0.003050 0.024742 0.000572
v -0.003050 0.024742 0.000572
v -0.004275 0.024500 0.000601
v -0.005313 0.023811 0.000683
v -0.006006 0.022781 0.000806
v 0.009100 0.040753 -0.008892
v 0.009100 0.041827 0.000107
v 0.009100 0.044017 0.000514
v 0.009100 0.045826 0.000573
v 0.009100 0.047896 0.000326
v 0.009100 0.049702 -0.000185
v 0.009100 0.051262 -0.001229
v 0.009100 0.052423 -0.002705
v 0.009100 0.053071 -0.004466
v 0.009100 0.053143 -0.006342
v 0.009100 0.052847 -0.008825
v 0.009100 0.052335 -0.010631
v -0.009100 0.041827 0.000107
v -0.009100 0.040753 -0.008892
v -0.009100 0.047896 0.000326
v -0.009100 0.045826 0.000573
v -0.009100 0.044017 0.000514
v -0.009100 0.053143 -0.006342
v -0.009100 0.053071 -0.004466
v -0.009100 0.052847 -0.008825
v -0.009100 0.052335 -0.010631
v -0.009100 0.052423 -0.002705
v -0.009100 0.051262 -0.001229
v -0.009100 0.049702 -0.000185
v -0.009200 0.031891 -0.000281
v -0.009200 0.031003 -0.007728
v -0.009200 0.035708 -0.000737
v -0.009200 0.039965 -0.008798
v -0.009200 0.037638 -0.000674
v -0.009200 0.041010 -0.000046
v -0.008956 0.029787 -0.007583
v -0.008956 0.030675 -0.000136
v -0.008263 0.028756 -0.007460
v -0.008263 0.029645 -0.000013
v -0.007225 0.028067 -0.007378
v -0.007225 0.028956 0.000069
v -0.006000 0.027825 -0.007349
v -0.006000 0.028714 0.000098
v 0.006000 0.027825 -0.007349
v 0.006000 0.028714 0.000098
v 0.007225 0.028067 -0.007378
v 0.007225 0.028956 0.000069
v 0.008263 0.028756 -0.007460
v 0.008263 0.029645 -0.000013
v 0.008956 0.029787 -0.007583
v 0.008956 0.030675 -0.000136
v 0.009200 0.031003 -0.007728
v 0.009200 0.031891 -0.000281
v 0.009200 0.037638 -0.000674
v 0.009200 0.041010 -0.000046
v 0.009200 0.039965 -0.008798
v 0.009200 0.035708 -0.000737
v -0.009175 0.041422 0.000031
v 0.009175 0.041422 0.000031
v 0.013600 0.007800 0.006886
v 0.013600 -0.002135 -0.002107
v 0.013600 -0.001009 -0.002825
v 0.013600 0.049546 -0.007137
v 0.013600 0.048659 -0.008012
v 0.013600 0.047480 -0.008416
v 0.013600 0.000316 -0.002983
v 0.013600 0.001579 -0.002551
v 0.013600 0.046243 -0.008268
v 0.013600 -0.002838 -0.000972
v 0.013600 0.003135 0.006391
v 0.013600 0.004261 0.005673
v 0.013600 0.005587 0.005515
v 0.013600 0.002432 0.007526
v 0.013600 0.002530 -0.001613
v 0.013600 0.006850 0.005948
v 0.013600 0.044536 -0.006539
v 0.013600 0.045192 -0.007598
v 0.005500 -0.006182 -0.003647
v -0.005500 -0.006182 -0.003647
v 0.005500 -0.006254 -0.001771
v -0.005500 -0.006254 -0.001771
v 0.005500 -0.005958 0.000711
v 0.005500 -0.005099 0.003162
v 0.005500 -0.005663 0.001984
v -0.006210 0.016619 0.002602
v -0.006006 0.015971 0.003232
v -0.005631 0.015390 0.003991
v -0.013600 0.000316 -0.002983
v -0.013600 0.001579 -0.002551
v -0.013600 0.003135 0.006391
v -0.013600 0.002432 0.007526
v -0.013600 0.006850 0.005948
v -0.013600 -0.001009 -0.002825
v -0.013600 -0.002135 -0.002107
v -0.013600 -0.002838 -0.000972
v -0.013600 0.049546 -0.007137
v -0.013600 0.048659 -0.008012
v -0.013600 0.002530 -0.001613
v -0.013600 0.005587 0.005515
v -0.013600 0.004261 0.005673
v -0.013600 0.007800 0.006886
v -0.013600 0.044536 -0.006539
v -0.013600 0.045192 -0.007598
v -0.013600 0.046243 -0.008268
v -0.013600 0.047480 -0.008416
v -0.005500 -0.005958 0.000711
v -0.005500 -0.005099 0.003162
v -0.005500 -0.005663 0.001984
v 0.005631 0.015390 0.003991
v 0.006006 0.015971 0.003232
v 0.006210 0.016619 0.002602
v -0.005562 0.015312 0.004109
v 0.005562 0.015312 0.004109
v 0.005500 0.005485 -0.007201
v 0.005256 0.006701 -0.007346
v 0.004563 0.007732 -0.007469
v 0.003525 0.008421 -0.007551
v 0.002300 0.008663 -0.007580
v -0.002300 0.008663 -0.007580
v -0.003525 0.008421 -0.007551
v -0.004563 0.007732 -0.007469
v -0.005256 0.006701 -0.007346
v -0.005500 0.005485 -0.007201
v -0.011500 -0.002299 -0.000056
v -0.011500 -0.002681 -0.000610
v -0.011500 -0.001963 -0.001198
v -0.011500 -0.002151 -0.001713
v -0.011500 -0.001101 -0.002019
v -0.011500 -0.001195 -0.002477
v -0.011500 0.000056 -0.002299
v -0.011500 -0.000002 -0.002750
v -0.011500 0.001198 -0.001963
v -0.011500 0.001191 -0.002479
v -0.011500 0.002019 -0.001101
v -0.011500 0.002149 -0.001716
v -0.011500 0.002299 0.000056
v -0.011500 0.002681 -0.000614
v -0.011500 0.002681 0.000610
v -0.011500 0.001963 0.001198
v -0.011500 0.002151 0.001713
v -0.011500 0.001101 0.002019
v -0.011500 0.001195 0.002477
v -0.011500 -0.000056 0.002299
v -0.011500 0.000002 0.002750
v -0.011500 -0.001198 0.001963
v -0.011500 -0.001191 0.002479
v -0.011500 -0.002019 0.001101
v -0.011500 -0.002149 0.001716
v -0.011500 -0.002681 0.000614
v -0.013200 0.001191 -0.002479
v -0.013200 0.001967 -0.001922
v -0.013200 0.002149 -0.001716
v -0.013200 0.002506 -0.001133
v -0.013200 0.002681 -0.000614
v -0.013200 0.002742 -0.000208
v -0.013200 0.002648 0.000743
v -0.013200 0.002234 0.001603
v -0.013200 0.001551 0.002271
v -0.013200 0.001195 0.002477
v -0.013200 0.000681 0.002664
v -0.013200 -0.001191 0.002479
v -0.013200 -0.000272 0.002737
v -0.013200 0.000002 0.002750
v -0.013200 -0.001713 0.002151
v -0.013200 -0.002149 0.001716
v -0.013200 -0.002477 0.001195
v -0.013200 -0.002681 0.000614
v -0.013200 -0.002750 0.000002
v -0.013200 -0.002681 -0.000610
v -0.013200 -0.002479 -0.001191
v -0.013200 -0.002151 -0.001713
v -0.013200 -0.001716 -0.002149
v -0.013200 -0.001195 -0.002477
v -0.013200 -0.000614 -0.002681
v -0.013200 0.000610 -0.002681
v -0.013200 -0.000002 -0.002750
v -0.013477 0.001835 -0.001792
v -0.013460 0.001126 -0.002343
v -0.013500 0.001061 -0.002208
v -0.013500 -0.001061 0.002208
v -0.013477 -0.000253 0.002552
v -0.013500 -0.000242 0.002438
v -0.013477 0.000635 0.002485
v -0.013500 0.000606 0.002374
v -0.013477 0.001446 0.002118
v -0.013500 0.001382 0.002023
v -0.013477 0.002084 0.001495
v -0.013500 0.001990 0.001429
v -0.013477 0.002469 0.000693
v -0.013500 0.002359 0.000662
v -0.013477 0.002557 -0.000194
v -0.013500 0.002443 -0.000185
v -0.013477 0.002337 -0.001057
v -0.013500 0.002232 -0.001009
v -0.013500 0.001752 -0.001712
v -0.013350 0.001174 -0.002442
v -0.013412 0.001153 -0.002399
v -0.013412 0.001904 -0.001860
v -0.013412 0.002426 -0.001097
v -0.013412 0.002654 -0.000201
v -0.013412 0.002563 0.000719
v -0.013412 0.002163 0.001552
v -0.013412 0.001501 0.002198
v -0.013412 0.000659 0.002579
v -0.013412 -0.000263 0.002649
v -0.013477 -0.001111 0.002312
v -0.013460 -0.001126 0.002343
v -0.013412 -0.001153 0.002399
v -0.013350 -0.001174 0.002442
v -0.013315 0.001951 -0.001906
v -0.013315 0.002485 -0.001124
v -0.013315 0.002719 -0.000206
v -0.013315 0.002626 0.000736
v -0.013315 0.002216 0.001590
v -0.013315 0.001538 0.002252
v -0.013315 0.000675 0.002642
v -0.013315 -0.000269 0.002714
v -0.013315 -0.001181 0.002458
v -0.013315 0.001181 -0.002458
v -0.013460 -0.001619 0.002034
v -0.013350 -0.001688 0.002120
v -0.013460 0.000576 -0.002535
v -0.013500 0.000543 -0.002389
v -0.013460 -0.000002 -0.002600
v -0.013500 -0.000002 -0.002450
v -0.013460 -0.000581 -0.002534
v -0.013500 -0.000547 -0.002388
v -0.013460 -0.001130 -0.002342
v -0.013500 -0.001065 -0.002207
v -0.013460 -0.001623 -0.002031
v -0.013500 -0.001529 -0.001914
v -0.013460 -0.002034 -0.001619
v -0.013500 -0.001917 -0.001526
v -0.013460 -0.002343 -0.001126
v -0.013500 -0.002208 -0.001061
v -0.013460 -0.002535 -0.000577
v -0.013500 -0.002389 -0.000543
v -0.013460 -0.002600 0.000002
v -0.013500 -0.002450 0.000002
v -0.013460 -0.002534 0.000581
v -0.013500 -0.002388 0.000547
v -0.013460 -0.002342 0.001130
v -0.013500 -0.002207 0.001065
v -0.013460 -0.002031 0.001623
v -0.013500 -0.001914 0.001529
v -0.013500 -0.001526 0.001917
v -0.013350 -0.002117 0.001691
v -0.013350 -0.002440 0.001178
v -0.013350 -0.002641 0.000605
v -0.013350 -0.002710 0.000002
v -0.013350 -0.002642 -0.000601
v -0.013350 -0.002442 -0.001174
v -0.013350 -0.002120 -0.001688
v -0.013350 -0.001691 -0.002117
v -0.013350 -0.001178 -0.002440
v -0.013350 -0.000605 -0.002641
v -0.013350 -0.000002 -0.002710
v -0.013350 0.000601 -0.002642
v -0.013500 -0.000954 0.000651
v -0.013500 0.000087 0.001151
v -0.013500 -0.001041 -0.000500
v -0.013500 -0.000087 -0.001151
v -0.013500 0.000954 -0.000651
v -0.013500 0.001041 0.000500
v -0.012000 -0.000954 0.000651
v -0.012000 -0.000433 0.000901
v -0.012000 0.000087 0.001151
v -0.012000 -0.001041 -0.000500
v -0.012000 -0.000997 0.000076
v -0.012000 -0.000087 -0.001151
v -0.012000 -0.000564 -0.000826
v -0.012000 0.000954 -0.000651
v -0.012000 0.000433 -0.000901
v -0.012000 0.001041 0.000500
v -0.012000 0.000997 -0.000076
v -0.012000 0.000564 0.000826
v -0.012000 0.000435 0.000901
v -0.012000 0.000001 0.001000
v -0.012000 -0.000826 0.000564
v -0.012000 -0.000901 -0.000433
v -0.012000 -0.000076 -0.000997
v -0.012000 0.000781 -0.000624
v -0.012000 0.000975 -0.000223
v -0.012000 0.000975 0.000222
v -0.012000 0.000782 0.000623
v -0.011423 0.000000 0.000000
vn 1.0000 -0.0000 -0.0000
vn -0.0000 -0.8536 -0.5210
vn -0.0000 0.0244 -0.9997
vn -0.0000 0.8780 -0.4786
vn -0.0000 0.8536 0.5210
vn -0.0000 -0.0244 0.9997
vn -0.0000 -0.8780 0.4786
vn 0.9902 0.1368 -0.0277
vn 0.9902 0.1395 0.0034
vn 0.9902 -0.0575 -0.1272
vn 0.9902 -0.0277 -0.1368
vn 0.9902 0.0636 -0.1243
vn 0.9902 0.0344 -0.1352
vn 0.9902 0.0034 -0.1395
vn 0.9902 0.0843 0.1112
vn 0.9902 0.0575 0.1272
vn 0.9902 -0.1395 -0.0034
vn 0.9902 -0.1353 -0.0344
vn 0.9902 -0.0636 0.1242
vn 0.9902 -0.0897 0.1070
vn 0.9902 -0.1242 -0.0636
vn 0.9902 -0.1070 -0.0897
vn 0.9902 -0.0843 -0.1112
vn 0.9902 -0.1112 0.0843
vn 0.9902 -0.1272 0.0575
vn 0.9902 -0.1368 0.0277
vn 0.9902 0.0277 0.1368
vn 0.9902 -0.0034 0.1395
vn 0.9902 -0.0344 0.1353
vn 0.9902 0.0897 -0.1070
vn 0.9902 0.1112 -0.0843
vn 0.9902 0.1272 -0.0575
vn 0.9902 0.1353 0.0344
vn 0.9902 0.1242 0.0636
vn 0.9902 0.1070 0.0897
vn 0.1293 0.0242 -0.9913
vn 0.4921 0.0213 -0.8703
vn 0.4922 -0.1729 -0.8532
vn 0.7070 0.0173 -0.7070
vn 0.7071 -0.1405 -0.6931
vn 0.9660 0.0063 -0.2586
vn 0.9660 -0.0514 -0.2536
vn 0.9660 -0.1065 -0.2358
vn 0.9660 -0.1563 -0.2061
vn 0.9659 -0.1983 -0.1662
vn 0.9660 -0.2302 -0.1179
vn 0.9660 -0.2507 -0.0637
vn 0.9660 -0.2586 -0.0063
vn 0.9660 -0.2536 0.0514
vn 0.9660 -0.2358 0.1065
vn 0.9660 -0.2061 0.1563
vn 0.9659 -0.1662 0.1983
vn 0.9660 -0.1179 0.2302
vn 0.9660 -0.0637 0.2507
vn 0.9660 -0.0063 0.2586
vn 0.7070 -0.2912 -0.6445
vn 0.4922 -0.3584 -0.7933
vn 0.7070 -0.4273 -0.5636
vn 0.4922 -0.5260 -0.6936
vn 0.7070 -0.5419 -0.4543
vn 0.4922 -0.6671 -0.5592
vn 0.7070 -0.6294 -0.3224
vn 0.4921 -0.7749 -0.3968
vn 0.7069 -0.6855 -0.1742
vn 0.4921 -0.8437 -0.2144
vn 0.7070 -0.7070 -0.0173
vn 0.4921 -0.8703 -0.0213
vn 0.7071 -0.6931 0.1405
vn 0.4922 -0.8532 0.1729
vn 0.7070 -0.6445 0.2912
vn 0.4922 -0.7933 0.3584
vn 0.7072 -0.5634 0.4271
vn 0.4922 -0.6936 0.5260
vn 0.7070 -0.4543 0.5419
vn 0.4922 -0.5592 0.6671
vn 0.7070 -0.3223 0.6294
vn 0.4921 -0.3968 0.7749
vn 0.7069 -0.1742 0.6855
vn 0.4921 -0.2144 0.8437
vn 0.7070 -0.0173 0.7070
vn 0.4921 -0.0213 0.8703
vn 0.1249 -0.1971 -0.9724
vn 0.1294 -0.4083 -0.9036
vn 0.1249 -0.5994 -0.7906
vn 0.1294 -0.7599 -0.6370
vn 0.1248 -0.8831 -0.4522
vn 0.1294 -0.9610 -0.2442
vn 0.1249 -0.9919 -0.0243
vn 0.1294 -0.9718 0.1970
vn 0.1249 -0.9042 0.4085
vn 0.1294 -0.7902 0.5991
vn 0.1249 -0.6374 0.7604
vn 0.1293 -0.4520 0.8826
vn 0.1250 -0.2444 0.9616
vn 0.1293 -0.0242 0.9913
vn 0.4922 0.1729 0.8532
vn 0.7071 0.1405 0.6931
vn 0.9660 0.0514 0.2536
vn 0.9660 0.1065 0.2358
vn 0.9660 0.1563 0.2061
vn 0.9659 0.1983 0.1662
vn 0.9660 0.2302 0.1179
vn 0.9660 0.2507 0.0637
vn 0.9660 0.2586 0.0063
vn 0.9660 0.2536 -0.0514
vn 0.9660 0.2358 -0.1065
vn 0.9660 0.2061 -0.1563
vn 0.9659 0.1662 -0.1983
vn 0.9660 0.1179 -0.2302
vn 0.9659 0.0638 -0.2510
vn 0.7070 0.2912 0.6445
vn 0.4922 0.3584 0.7933
vn 0.7070 0.4273 0.5636
vn 0.4922 0.5260 0.6936
vn 0.7070 0.5419 0.4543
vn 0.4922 0.6671 0.5592
vn 0.7070 0.6294 0.3224
vn 0.4921 0.7749 0.3968
vn 0.7069 0.6855 0.1742
vn 0.4921 0.8437 0.2144
vn 0.7070 0.7070 0.0173
vn 0.4921 0.8703 0.0213
vn 0.7070 0.6931 -0.1405
vn 0.4922 0.8532 -0.1729
vn 0.7070 0.6445 -0.2912
vn 0.4922 0.7933 -0.3584
vn 0.7070 0.5635 -0.4273
vn 0.4922 0.6936 -0.5260
vn 0.7070 0.4543 -0.5419
vn 0.4922 0.5592 -0.6671
vn 0.7070 0.3223 -0.6294
vn 0.4921 0.3968 -0.7749
vn 0.7069 0.1742 -0.6855
vn 0.4921 0.2144 -0.8437
vn 0.1249 0.1971 0.9724
vn 0.1294 0.4083 0.9036
vn 0.1249 0.5994 0.7906
vn 0.1294 0.7599 0.6370
vn 0.1248 0.8831 0.4522
vn 0.1294 0.9610 0.2442
vn 0.1249 0.9919 0.0243
vn 0.1294 0.9718 -0.1970
vn 0.1249 0.9042 -0.4085
vn 0.1294 0.7902 -0.5991
vn 0.1249 0.6374 -0.7604
vn 0.1293 0.4520 -0.8826
vn 0.1250 0.2444 -0.9616
vn -0.0323 0.0244 -0.9992
vn -0.0323 -0.4115 -0.9108
vn -0.0323 -0.7659 -0.6421
vn -0.0322 -0.9687 -0.2462
vn -0.0322 -0.9796 0.1985
vn -0.0322 -0.7964 0.6039
vn -0.0323 -0.4555 0.8896
vn -0.0323 -0.0244 0.9992
vn -0.0323 0.4115 0.9108
vn -0.0323 0.7659 0.6421
vn -0.0322 0.9687 0.2462
vn -0.0322 0.9796 -0.1985
vn -0.0322 0.7964 -0.6039
vn -0.0323 0.4555 -0.8896
vn -1.0000 -0.0000 -0.0000
vn -0.0971 0.4586 -0.8833
vn -0.0942 0.6674 -0.7387
vn 0.0258 0.4369 -0.8992
vn 0.0283 0.7789 -0.6265
vn -0.2453 0.7956 -0.5540
vn -0.1007 0.8966 -0.4311
vn 0.0320 0.9745 -0.2221
vn -0.2237 0.9464 -0.2331
vn -0.0954 0.9951 -0.0275
vn 0.0189 0.9737 0.2269
vn -0.0956 0.9572 0.2732
vn -0.0957 0.8113 0.5768
vn 0.0189 0.7855 0.6185
vn -0.0953 0.6002 0.7942
vn 0.0320 0.4354 0.8997
vn -0.3105 0.3768 0.8727
vn -0.1044 0.2501 0.9626
vn 0.0283 -0.0025 0.9996
vn -0.0971 -0.4032 0.9099
vn 0.0258 -0.4291 0.9029
vn -0.0941 -0.1598 0.9826
vn -0.2014 0.0479 0.9783
vn -0.1229 -0.6202 0.7747
vn 0.0322 -0.7809 0.6238
vn -0.1294 -0.7747 0.6189
vn -0.1250 -0.8936 0.4312
vn 0.0323 -0.9742 0.2232
vn -0.1291 -0.9666 0.2214
vn -0.1248 -0.9922 0.0008
vn 0.0323 -0.9746 -0.2216
vn -0.1293 -0.9669 -0.2199
vn -0.1249 -0.8943 -0.4298
vn 0.0323 -0.7819 -0.6225
vn -0.1293 -0.7758 -0.6176
vn -0.1249 -0.6193 -0.7752
vn 0.0323 -0.4344 -0.9001
vn -0.1295 -0.4310 -0.8930
vn -0.1250 -0.2216 -0.9671
vn 0.0322 -0.0008 -0.9995
vn -0.1229 0.2175 -0.9683
vn -0.1293 -0.0008 -0.9916
vn -0.9165 0.2871 -0.2785
vn -0.8890 0.2101 -0.4068
vn -0.9900 0.0631 -0.1259
vn -0.9943 -0.0430 0.0979
vn -0.9165 -0.0378 0.3983
vn -0.9941 -0.0107 0.1083
vn -0.9162 0.0992 0.3883
vn -0.9941 0.0269 0.1053
vn -0.9162 0.2261 0.3310
vn -0.9941 0.0613 0.0898
vn -0.9161 0.3257 0.2338
vn -0.9941 0.0883 0.0634
vn -0.9161 0.3860 0.1083
vn -0.9941 0.1047 0.0294
vn -0.9161 0.3997 -0.0303
vn -0.9941 0.1084 -0.0082
vn -0.9161 0.3652 -0.1652
vn -0.9941 0.0991 -0.0448
vn -0.9941 0.0778 -0.0760
vn -0.5239 0.3928 -0.7558
vn -0.7009 0.3284 -0.6332
vn -0.6964 0.5151 -0.4996
vn -0.6964 0.6539 -0.2957
vn -0.6964 0.7156 -0.0542
vn -0.6965 0.6909 0.1938
vn -0.6965 0.5830 0.4184
vn -0.6963 0.4048 0.5927
vn -0.6964 0.1776 0.6953
vn -0.6965 -0.0683 0.7143
vn -0.9432 -0.1346 0.3038
vn -0.8450 -0.2161 0.4891
vn -0.7012 -0.2891 0.6517
vn -0.5243 -0.3447 0.7787
vn -0.3913 0.6435 -0.6579
vn -0.3859 0.8334 -0.3956
vn -0.3892 0.9199 -0.0480
vn -0.3754 0.8924 0.2503
vn -0.3754 0.7530 0.5404
vn -0.3891 0.5357 0.7494
vn -0.3823 0.2402 0.8923
vn -0.3915 -0.1140 0.9131
vn -0.3181 -0.3845 0.8666
vn -0.3176 0.4365 -0.8418
vn -0.8583 -0.3254 0.3968
vn -0.4914 -0.5479 0.6770
vn -0.8594 0.1089 -0.4996
vn -0.9902 0.0310 -0.1362
vn -0.9659 -0.0002 -0.2587
vn -0.9902 -0.0001 -0.1396
vn -0.9659 -0.0578 -0.2525
vn -0.9902 -0.0312 -0.1361
vn -0.9660 -0.1124 -0.2330
vn -0.9902 -0.0607 -0.1257
vn -0.9660 -0.1614 -0.2021
vn -0.9902 -0.0871 -0.1091
vn -0.9660 -0.2024 -0.1611
vn -0.9902 -0.1092 -0.0869
vn -0.9660 -0.2332 -0.1121
vn -0.9902 -0.1258 -0.0605
vn -0.9659 -0.2523 -0.0574
vn -0.9902 -0.1362 -0.0310
vn -0.9659 -0.2587 0.0002
vn -0.9902 -0.1396 0.0001
vn -0.9660 -0.2522 0.0578
vn -0.9902 -0.1361 0.0312
vn -0.9660 -0.2330 0.1124
vn -0.9902 -0.1257 0.0607
vn -0.9660 -0.2021 0.1614
vn -0.9902 -0.1091 0.0871
vn -0.9905 -0.0883 0.1054
vn -0.7072 -0.5524 0.4413
vn -0.4921 -0.6802 0.5433
vn -0.7069 -0.6370 0.3074
vn -0.4922 -0.7840 0.3783
vn -0.7068 -0.6895 0.1579
vn -0.4922 -0.8485 0.1944
vn -0.7071 -0.7071 0.0006
vn -0.4922 -0.8705 0.0007
vn -0.7071 -0.6895 -0.1568
vn -0.4921 -0.8489 -0.1930
vn -0.7069 -0.6375 -0.3064
vn -0.4921 -0.7846 -0.3771
vn -0.7069 -0.5534 -0.4406
vn -0.4920 -0.6811 -0.5423
vn -0.7069 -0.4414 -0.5526
vn -0.4921 -0.5433 -0.6802
vn -0.7069 -0.3074 -0.6370
vn -0.4922 -0.3783 -0.7840
vn -0.7071 -0.1579 -0.6893
vn -0.4922 -0.1944 -0.8485
vn -0.7071 -0.0006 -0.7071
vn -0.4922 -0.0007 -0.8705
vn -0.4915 0.1863 -0.8507
vn -0.0000 0.4332 -0.9013
vn -0.0000 0.4331 -0.9013
vn -0.0000 0.9972 -0.0754
vn -0.0000 0.9971 -0.0755
vn -0.0000 0.5640 0.8258
vn -0.0000 -0.4332 0.9013
vn -0.0000 -0.4331 0.9013
vn -0.0000 -0.9971 0.0755
vn -0.0000 -0.5640 -0.8258
vn -1.0000 0.0027 0.0013
vn -0.8660 -0.0004 -0.5000
vn -0.8655 -0.1859 -0.4651
vn -0.8660 0.2240 -0.4470
vn -0.8659 -0.4017 -0.2980
vn -0.8659 -0.4837 -0.1275
vn -0.8659 -0.2965 -0.4029
vn -0.8660 -0.3907 0.3121
vn -0.8660 -0.2091 0.4542
vn -0.8655 -0.4793 0.1454
vn -0.8659 -0.4998 0.0202
vn -0.8660 0.2820 0.4129
vn -0.8660 0.4506 0.2166
vn -0.8660 0.0378 0.4986
vn -0.8660 0.4129 -0.2820
vn -0.8660 0.4986 -0.0378
vn -0.0000 0.8102 0.5862
vn -0.0000 0.9618 0.2737
vn -0.0000 0.9974 -0.0717
vn -0.0000 0.9127 -0.4085
vn -0.0000 0.7180 -0.6961
vn -0.0000 0.4366 -0.8997
vn -0.0000 0.1026 -0.9947
vn -0.0000 -0.2439 -0.9698
vn -0.0000 -0.2438 -0.9698
vn -0.0000 -0.5608 -0.8279
vn -0.0000 -0.8102 -0.5862
vn -0.0000 -0.5609 -0.8279
vn -0.0000 -0.9618 -0.2737
vn -0.0000 -0.9974 0.0717
vn -0.0000 -0.9127 0.4085
vn -0.0000 -0.7180 0.6961
vn -0.0000 -0.4366 0.8997
vn -0.0000 -0.1026 0.9947
vn -0.0000 0.2439 0.9698
vn -0.0000 0.2438 0.9698
vn -0.0000 0.5608 0.8279
vn -0.0000 -0.8379 0.5459
vn -0.0000 -0.9740 0.2264
vn -0.0000 -0.9927 -0.1204
vn -0.0000 -0.8917 -0.4527
vn -0.0000 -0.6831 -0.7303
vn -0.0000 -0.3921 -0.9199
vn -0.0000 -0.0538 -0.9986
vn -0.0000 0.2910 -0.9567
vn -0.0000 0.6006 -0.7995
vn -0.0000 0.8379 -0.5459
vn -0.0000 0.9740 -0.2264
vn -0.0000 0.9927 0.1204
vn -0.0000 0.8917 0.4527
vn -0.0000 0.6831 0.7303
vn -0.0000 0.3921 0.9199
vn -0.0000 0.0538 0.9986
vn -0.0000 -0.2909 0.9567
vn -0.0000 -0.2910 0.9567
vn -0.0000 -0.6006 0.7995
vn 0.7070 -0.3685 0.6036
vn 0.7071 -0.6208 0.3385
vn 0.7071 -0.6208 0.3384
vn 0.7070 -0.6036 -0.3685
vn 0.7071 -0.3385 -0.6208
vn 0.7071 -0.3384 -0.6208
vn 0.7070 0.3685 -0.6036
vn 0.7071 0.6208 -0.3385
vn 0.7071 0.6209 -0.3384
vn 0.7070 0.6036 0.3685
vn 0.7071 0.3385 0.6208
vn 0.7071 0.3384 0.6208
vn -0.7071 0.7021 -0.0838
vn -0.7071 0.5962 -0.3802
vn -0.7071 0.5963 -0.3801
vn -0.7071 0.3723 -0.6012
vn -0.7071 0.0746 -0.7032
vn -0.7071 0.0745 -0.7032
vn -0.7071 -0.2379 -0.6659
vn -0.7071 -0.5033 -0.4967
vn -0.7071 -0.6690 -0.2291
vn -0.7071 -0.6690 -0.2292
vn -0.7071 -0.7022 0.0838
vn -0.7071 -0.7021 0.0838
vn -0.0000 0.9930 -0.1185
vn -0.0000 0.8432 -0.5376
vn -0.0000 0.5264 -0.8502
vn -0.0000 0.1054 -0.9944
vn -0.0000 -0.3365 -0.9417
vn -0.0000 -0.7117 -0.7024
vn -0.0000 -0.9460 -0.3241
vn -0.0000 -0.9930 0.1185
vn -0.0000 0.5265 -0.8502
vn 0.7071 -0.7022 0.0838
vn 0.7071 -0.6690 -0.2291
vn 0.7071 -0.5033 -0.4967
vn 0.7071 -0.2379 -0.6659
vn 0.7071 -0.2380 -0.6659
vn 0.7071 0.0745 -0.7032
vn 0.7071 0.3723 -0.6012
vn 0.7071 0.5962 -0.3802
vn 0.7071 0.5963 -0.3801
vn 0.7071 0.7021 -0.0838
vn -0.0000 0.9284 -0.3715
vn -0.0000 0.6183 -0.7859
vn -0.0000 0.3938 -0.9192
vn -0.0000 -0.1185 -0.9930
vn -0.0000 -0.5991 -0.8007
vn -0.0000 -0.7859 -0.6183
vn -0.0000 -0.9898 -0.1425
vn -0.0000 -0.7118 -0.7024
vn -0.0000 -0.9460 -0.3240
vn 0.9952 -0.0973 0.0116
vn 0.9239 -0.3800 0.0453
vn 0.7071 -0.7021 0.0838
vn 0.3827 -0.9174 0.1095
vn 0.0980 -0.9882 0.1179
vn -0.1305 -0.9845 0.1175
vn -0.5000 -0.8599 0.1026
vn -0.9659 -0.2570 0.0307
vn -0.9914 -0.1296 0.0155
vn -0.0001 0.1185 0.9930
vn -0.0000 0.1185 0.9930
vn -0.0000 0.1184 0.9930
vn 0.0001 0.1185 0.9930
vn -0.0000 0.9930 -0.1184
vn -0.0000 -0.9929 0.1186
vn -0.0000 0.1186 0.9929
vn 0.0001 0.1184 0.9930
vn 0.1072 -0.9730 -0.2046
vn 0.0978 -0.9380 -0.3326
vn 0.3858 -0.8720 -0.3013
vn 0.8472 -0.0957 -0.5226
vn 0.9453 -0.0570 -0.3211
vn 0.9208 -0.1384 -0.3647
vn 0.9208 -0.3870 -0.0487
vn 0.9945 -0.1044 -0.0111
vn 0.9948 -0.1015 0.0062
vn 0.9948 -0.0179 -0.1001
vn 0.9945 -0.0353 -0.0988
vn 0.9945 -0.0564 -0.0885
vn 0.9189 -0.2120 -0.3326
vn 0.9945 -0.0747 -0.0737
vn 0.9189 -0.2807 -0.2771
vn 0.9945 -0.0892 -0.0552
vn 0.9189 -0.3354 -0.2077
vn 0.5262 -0.1504 -0.8370
vn 0.7043 -0.1236 -0.6991
vn 0.7000 -0.2502 -0.6689
vn 0.7002 -0.3838 -0.6020
vn 0.7002 -0.5081 -0.5015
vn 0.7002 -0.6070 -0.3759
vn 0.9453 -0.3255 0.0202
vn 0.8472 -0.5304 0.0300
vn 0.7000 -0.7090 -0.0858
vn 0.3791 -0.3133 -0.8707
vn 0.3807 -0.4941 -0.7816
vn 0.3835 -0.6608 -0.6452
vn 0.3835 -0.7826 -0.4904
vn 0.0975 -0.3033 -0.9479
vn 0.0975 -0.1730 -0.9801
vn 0.3196 -0.1647 -0.9331
vn 0.1041 -0.8844 -0.4550
vn 0.0975 -0.8219 -0.5612
vn 0.0975 -0.7388 -0.6668
vn 0.1034 -0.6500 -0.7529
vn 0.1038 -0.5381 -0.8365
vn 0.1223 -0.4355 -0.8918
vn 0.7002 -0.6754 -0.2314
vn 0.9189 -0.3732 -0.1278
vn 0.9945 -0.0993 -0.0340
vn 0.0970 -0.9927 -0.0717
vn 0.3806 -0.9197 -0.0962
vn 0.7043 -0.7085 0.0444
vn 0.5262 -0.8489 0.0508
vn 0.3196 -0.9457 0.0595
vn 0.0975 -0.9933 0.0625
vn 0.0975 -0.0625 -0.9933
vn 0.3196 -0.0596 -0.9457
vn 0.5261 -0.0508 -0.8489
vn 0.7043 -0.0444 -0.7086
vn 0.8472 -0.0299 -0.5304
vn 0.9453 -0.0202 -0.3255
vn 0.9948 -0.0062 -0.1015
vn 0.0975 -0.9804 0.1715
vn 0.3196 -0.9334 0.1632
vn 0.5262 -0.8372 0.1492
vn 0.7044 -0.6992 0.1225
vn 0.8472 -0.5226 0.0951
vn 0.9454 -0.3211 0.0565
vn 0.9948 -0.1000 0.0177
vn 0.1072 0.2046 -0.9730
vn 0.0976 0.3330 -0.9379
vn 0.3859 0.3013 -0.8720
vn 0.8472 0.5226 -0.0957
vn 0.9453 0.3211 -0.0570
vn 0.9208 0.3647 -0.1384
vn 0.9208 0.0487 -0.3870
vn 0.9945 0.0111 -0.1044
vn 0.9948 0.1001 -0.0179
vn 0.9945 0.0988 -0.0353
vn 0.9945 0.0885 -0.0564
vn 0.9189 0.3326 -0.2121
vn 0.9945 0.0737 -0.0747
vn 0.9189 0.2771 -0.2807
vn 0.9945 0.0552 -0.0892
vn 0.9189 0.2077 -0.3354
vn 0.5261 0.8370 -0.1504
vn 0.7043 0.6991 -0.1236
vn 0.7000 0.6689 -0.2502
vn 0.7002 0.6020 -0.3838
vn 0.7002 0.5015 -0.5081
vn 0.7002 0.3759 -0.6070
vn 0.7000 0.0858 -0.7090
vn 0.3791 0.8707 -0.3133
vn 0.3807 0.7816 -0.4942
vn 0.3835 0.6452 -0.6608
vn 0.3835 0.4904 -0.7826
vn 0.0948 0.9482 -0.3032
vn 0.0975 0.9801 -0.1730
vn 0.3196 0.9331 -0.1647
vn 0.1034 0.4546 -0.8847
vn 0.0975 0.5612 -0.8219
vn 0.0975 0.6667 -0.7389
vn 0.1050 0.7520 -0.6508
vn 0.1030 0.8371 -0.5372
vn 0.1223 0.8918 -0.4356
vn 0.7002 0.2314 -0.6754
vn 0.9189 0.1278 -0.3732
vn 0.9945 0.0340 -0.0993
vn 0.0975 0.0717 -0.9926
vn 0.3806 0.0962 -0.9197
vn 0.9229 -0.3634 0.1273
vn 0.9945 -0.0989 0.0346
vn 0.9948 -0.0892 0.0486
vn 0.7000 -0.6740 0.2361
vn 0.9454 -0.2861 0.1562
vn 0.8473 -0.4677 0.2519
vn 0.3702 -0.8767 0.3071
vn 0.0973 -0.9393 0.3290
vn 0.7044 -0.6228 0.3406
vn 0.5262 -0.7473 0.4058
vn 0.3196 -0.8312 0.4549
vn 0.0975 -0.8730 0.4778
vn 0.9948 0.1015 -0.0062
vn 0.9453 0.3255 -0.0202
vn 0.8472 0.5304 -0.0300
vn 0.7043 0.7085 -0.0444
vn 0.5261 0.8489 -0.0508
vn 0.3196 0.9457 -0.0595
vn 0.0975 0.9933 -0.0625
vn 0.9948 -0.0831 0.0585
vn 0.9453 -0.2670 0.1873
vn 0.8472 -0.4333 0.3075
vn 0.7043 -0.5815 0.4072
vn 0.5262 -0.6952 0.4898
vn 0.3196 -0.7763 0.5433
vn 0.0975 -0.8154 0.5707
vn 0.1072 0.9730 0.2046
vn 0.0942 0.9381 0.3332
vn 0.3858 0.8720 0.3013
vn 0.8472 0.0957 0.5226
vn 0.9453 0.0570 0.3211
vn 0.9208 0.1384 0.3647
vn 0.9208 0.3870 0.0487
vn 0.9945 0.1044 0.0111
vn 0.9948 0.0179 0.1001
vn 0.9945 0.0353 0.0988
vn 0.9945 0.0564 0.0885
vn 0.9189 0.2121 0.3326
vn 0.9945 0.0747 0.0737
vn 0.9189 0.2808 0.2771
vn 0.9945 0.0892 0.0552
vn 0.9189 0.3354 0.2077
vn 0.5261 0.1504 0.8370
vn 0.7043 0.1236 0.6991
vn 0.7000 0.2502 0.6689
vn 0.7002 0.3838 0.6020
vn 0.7002 0.5081 0.5015
vn 0.7002 0.6070 0.3758
vn 0.7000 0.7090 0.0858
vn 0.3791 0.3133 0.8707
vn 0.3807 0.4941 0.7816
vn 0.3835 0.6608 0.6452
vn 0.3835 0.7826 0.4904
vn 0.0948 0.3031 0.9482
vn 0.0975 0.1730 0.9801
vn 0.3196 0.1647 0.9331
vn 0.1034 0.8847 0.4546
vn 0.0937 0.8209 0.5633
vn 0.0937 0.7407 0.6653
vn 0.1034 0.6500 0.7529
vn 0.1005 0.5383 0.8367
vn 0.1223 0.4355 0.8918
vn 0.7002 0.6754 0.2314
vn 0.9189 0.3732 0.1278
vn 0.9945 0.0993 0.0340
vn 0.0948 0.9929 0.0715
vn 0.3806 0.9197 0.0962
vn 0.1076 -0.6261 0.7723
vn 0.0968 -0.7280 0.6787
vn 0.3801 -0.6595 0.6485
vn 0.9945 -0.0747 0.0736
vn 0.9208 -0.2724 0.2791
vn 0.7000 -0.5011 0.5088
vn 0.9945 -0.0356 0.0987
vn 0.9945 -0.0129 0.1041
vn 0.9190 -0.1340 0.3709
vn 0.9189 -0.0486 0.3914
vn 0.7003 -0.2425 0.6714
vn 0.7002 -0.0880 0.7085
vn 0.3779 -0.3145 0.8708
vn 0.3826 -0.1174 0.9164
vn 0.0973 -0.3381 0.9361
vn 0.9945 0.0104 0.1044
vn 0.9945 0.0332 0.0995
vn 0.9189 0.0391 0.3924
vn 0.9189 0.1250 0.3741
vn 0.7003 0.0708 0.7104
vn 0.7003 0.2262 0.6771
vn 0.3779 0.0919 0.9213
vn 0.3779 0.2934 0.8781
vn 0.9945 0.0544 0.0897
vn 0.9189 0.2046 0.3372
vn 0.7002 0.3704 0.6103
vn 0.3826 0.4763 0.7917
vn 0.9945 0.0729 0.0754
vn 0.9948 0.0817 0.0605
vn 0.9189 0.2741 0.2836
vn 0.9212 0.3130 0.2311
vn 0.7002 0.4962 0.5133
vn 0.7031 0.5724 0.4219
vn 0.3779 0.6435 0.6657
vn 0.3798 0.7448 0.5486
vn 0.0968 -0.5133 0.8527
vn 0.3839 -0.4925 0.7811
vn 0.7003 -0.3850 0.6011
vn 0.9189 -0.2127 0.3321
vn 0.9945 -0.0566 0.0883
vn 0.1046 0.1174 0.9876
vn 0.1295 -0.0003 0.9916
vn 0.0968 -0.1501 0.9839
vn 0.0974 0.3153 0.9440
vn 0.1046 0.7046 0.7019
vn 0.1294 0.6148 0.7780
vn 0.0968 0.4925 0.8649
vn 0.0975 0.8013 0.5903
vn 0.0977 0.0805 0.9920
vn 0.3203 0.0767 0.9442
vn 0.5272 0.0634 0.8474
vn 0.7053 0.0573 0.7066
vn 0.8477 0.0362 0.5292
vn 0.9459 0.0261 0.3235
vn 0.9949 0.0080 0.1001
vn 0.9954 0.0775 0.0556
vn 0.9257 0.3073 0.2206
vn 0.7095 0.5723 0.4112
vn 0.3843 0.7497 0.5388
vn 0.0977 0.8084 0.5805
vn 0.9232 -0.0225 0.3836
vn 0.9947 -0.0034 0.1026
vn 0.7021 -0.0367 0.7111
vn 0.9949 -0.0145 0.0994
vn 0.9221 -0.0562 0.3828
vn 0.7045 -0.1034 0.7021
vn 0.3808 -0.1349 0.9148
vn 0.3738 -0.0380 0.9267
vn 0.0977 -0.1451 0.9846
vn 0.0945 -0.0325 0.9950
vn 0.8500 0.0827 0.5202
vn 0.7044 0.1083 0.7015
vn 0.7096 0.1983 0.6761
vn 0.3860 0.2642 0.8839
vn 0.0951 0.2782 0.9558
vn 0.3835 0.4180 0.8235
vn 0.0847 0.3777 0.9221
vn 0.0979 0.4741 0.8750
vn 0.0981 0.5733 0.8134
vn 0.3821 0.5505 0.7423
vn 0.0932 0.6531 0.7515
vn 0.3833 0.6757 0.6297
vn 0.0980 0.7352 0.6707
vn 0.0982 0.1610 0.9821
vn 0.3222 0.1532 0.9342
vn 0.5350 0.1235 0.8358
vn 0.7125 0.3164 0.6262
vn 0.7126 0.4203 0.5618
vn 0.7126 0.5115 0.4802
vn 0.9954 0.0153 0.0942
vn 0.9479 0.0514 0.3143
vn 0.9292 0.1018 0.3553
vn 0.9277 0.1684 0.3333
vn 0.9277 0.2237 0.2989
vn 0.9277 0.2722 0.2556
vn 0.9957 0.0268 0.0887
vn 0.9957 0.0418 0.0827
vn 0.9957 0.0555 0.0742
vn 0.9957 0.0675 0.0634
vn 0.9954 -0.0140 0.0947
vn 0.9254 -0.0553 0.3748
vn 0.7092 -0.1027 0.6975
vn 0.3841 -0.1344 0.9135
vn 0.0982 -0.1449 0.9846
vn 0.0982 0.0804 0.9919
vn 0.3221 0.0764 0.9436
vn 0.5290 0.0724 0.8455
vn 0.7131 0.0640 0.6982
vn 0.8465 0.0550 0.5296
vn 0.9478 0.0259 0.3178
vn 0.9954 0.0078 0.0954
vn 0.3810 -0.0226 0.9243
vn 0.1022 -0.0325 0.9942
vn 0.7152 -0.0173 0.6987
vn 0.9275 -0.0095 0.3736
vn 0.9956 -0.0030 0.0933
vn -0.5262 -0.1504 -0.8370
vn -0.3196 -0.1647 -0.9331
vn -0.3806 -0.3100 -0.8712
vn -0.3791 -0.9200 -0.0996
vn -0.0970 -0.9927 -0.0717
vn -0.0975 -0.9933 0.0625
vn -0.0975 -0.1730 -0.9801
vn -0.0975 -0.3033 -0.9479
vn -0.1072 -0.4278 -0.8975
vn -0.3858 -0.4980 -0.7766
vn -0.0975 -0.5444 -0.8331
vn -0.1034 -0.6500 -0.7529
vn -0.3835 -0.6608 -0.6452
vn -0.0975 -0.7388 -0.6668
vn -0.0975 -0.8219 -0.5612
vn -0.3835 -0.7826 -0.4904
vn -0.1041 -0.8844 -0.4550
vn -0.3807 -0.8760 -0.2963
vn -0.1040 -0.9397 -0.3257
vn -0.1223 -0.9693 -0.2134
vn -0.8472 -0.0957 -0.5226
vn -0.7043 -0.1236 -0.6991
vn -0.7000 -0.2502 -0.6689
vn -0.7002 -0.3838 -0.6020
vn -0.7002 -0.5082 -0.5015
vn -0.7002 -0.6070 -0.3759
vn -0.7002 -0.6754 -0.2314
vn -0.7000 -0.7090 -0.0858
vn -0.9948 -0.0179 -0.1001
vn -0.9453 -0.0570 -0.3211
vn -0.9208 -0.1384 -0.3647
vn -0.3196 -0.9457 0.0595
vn -0.5262 -0.8489 0.0508
vn -0.7043 -0.7085 0.0444
vn -0.8472 -0.5304 0.0300
vn -0.9189 -0.2121 -0.3326
vn -0.9189 -0.2807 -0.2771
vn -0.9189 -0.3354 -0.2077
vn -0.9189 -0.3732 -0.1278
vn -0.9208 -0.3870 -0.0487
vn -0.9453 -0.3255 0.0202
vn -0.9945 -0.0353 -0.0988
vn -0.9945 -0.0564 -0.0885
vn -0.9945 -0.0747 -0.0737
vn -0.9945 -0.0892 -0.0552
vn -0.9945 -0.0993 -0.0340
vn -0.9945 -0.1044 -0.0111
vn -0.9948 -0.1015 0.0062
vn -0.9948 -0.0062 -0.1015
vn -0.9453 -0.0202 -0.3255
vn -0.8472 -0.0299 -0.5304
vn -0.7043 -0.0444 -0.7086
vn -0.5261 -0.0508 -0.8489
vn -0.3196 -0.0596 -0.9457
vn -0.0975 -0.0625 -0.9933
vn -0.9948 -0.1000 0.0177
vn -0.9455 -0.3208 0.0564
vn -0.8472 -0.5226 0.0951
vn -0.7044 -0.6992 0.1225
vn -0.5262 -0.8372 0.1492
vn -0.3196 -0.9334 0.1632
vn -0.0975 -0.9803 0.1715
vn -0.5261 0.8370 -0.1504
vn -0.3196 0.9331 -0.1647
vn -0.3806 0.8712 -0.3100
vn -0.3791 0.0995 -0.9200
vn -0.0975 0.0717 -0.9926
vn -0.0976 0.9801 -0.1730
vn -0.0948 0.9482 -0.3032
vn -0.1072 0.8975 -0.4278
vn -0.3859 0.7766 -0.4980
vn -0.0967 0.8338 -0.5435
vn -0.1050 0.7520 -0.6508
vn -0.3835 0.6452 -0.6608
vn -0.0975 0.6667 -0.7389
vn -0.0975 0.5612 -0.8219
vn -0.3835 0.4904 -0.7826
vn -0.1034 0.4546 -0.8847
vn -0.3807 0.2963 -0.8759
vn -0.1038 0.3261 -0.9396
vn -0.1223 0.2134 -0.9693
vn -0.8472 0.5226 -0.0957
vn -0.7043 0.6991 -0.1236
vn -0.7000 0.6689 -0.2502
vn -0.7002 0.6020 -0.3838
vn -0.7002 0.5015 -0.5081
vn -0.7002 0.3759 -0.6070
vn -0.7002 0.2314 -0.6754
vn -0.7000 0.0857 -0.7090
vn -0.9948 0.1001 -0.0179
vn -0.9453 0.3211 -0.0570
vn -0.9208 0.3647 -0.1384
vn -0.9189 0.3326 -0.2121
vn -0.9189 0.2771 -0.2807
vn -0.9189 0.2077 -0.3354
vn -0.9189 0.1278 -0.3732
vn -0.9208 0.0487 -0.3870
vn -0.9945 0.0988 -0.0353
vn -0.9945 0.0885 -0.0564
vn -0.9945 0.0737 -0.0747
vn -0.9945 0.0552 -0.0892
vn -0.9945 0.0340 -0.0993
vn -0.9945 0.0111 -0.1043
vn -0.3702 -0.8767 0.3071
vn -0.0973 -0.9393 0.3290
vn -0.0975 -0.8730 0.4778
vn -0.7000 -0.6740 0.2361
vn -0.3196 -0.8312 0.4549
vn -0.5262 -0.7473 0.4058
vn -0.9229 -0.3634 0.1273
vn -0.9945 -0.0989 0.0346
vn -0.7044 -0.6228 0.3406
vn -0.8473 -0.4677 0.2519
vn -0.9454 -0.2861 0.1562
vn -0.9948 -0.0892 0.0486
vn -0.0975 0.9933 -0.0625
vn -0.3196 0.9457 -0.0595
vn -0.5261 0.8489 -0.0508
vn -0.7043 0.7085 -0.0444
vn -0.8472 0.5304 -0.0300
vn -0.9453 0.3255 -0.0202
vn -0.9948 0.1015 -0.0062
vn -0.0975 -0.8153 0.5707
vn -0.3196 -0.7763 0.5433
vn -0.5262 -0.6952 0.4898
vn -0.7043 -0.5815 0.4072
vn -0.8472 -0.4333 0.3075
vn -0.9453 -0.2670 0.1873
vn -0.9948 -0.0831 0.0585
vn -0.5261 0.1504 0.8370
vn -0.3196 0.1647 0.9331
vn -0.3806 0.3100 0.8712
vn -0.3791 0.9200 0.0996
vn -0.0948 0.9929 0.0715
vn -0.0975 0.1730 0.9801
vn -0.0948 0.3031 0.9482
vn -0.1072 0.4278 0.8975
vn -0.3858 0.4980 0.7766
vn -0.0942 0.5446 0.8334
vn -0.1034 0.6500 0.7529
vn -0.3835 0.6608 0.6452
vn -0.0937 0.7407 0.6653
vn -0.0937 0.8209 0.5633
vn -0.3835 0.7826 0.4904
vn -0.1034 0.8847 0.4546
vn -0.3807 0.8760 0.2963
vn -0.1005 0.9399 0.3263
vn -0.1223 0.9693 0.2134
vn -0.8472 0.0957 0.5226
vn -0.7043 0.1236 0.6991
vn -0.7000 0.2502 0.6689
vn -0.7002 0.3838 0.6020
vn -0.7002 0.5082 0.5015
vn -0.7002 0.6070 0.3759
vn -0.7002 0.6754 0.2314
vn -0.7000 0.7090 0.0858
vn -0.9948 0.0179 0.1001
vn -0.9453 0.0570 0.3211
vn -0.9208 0.1384 0.3647
vn -0.9189 0.2121 0.3326
vn -0.9189 0.2808 0.2771
vn -0.9189 0.3354 0.2077
vn -0.9189 0.3732 0.1278
vn -0.9208 0.3870 0.0487
vn -0.9945 0.0353 0.0988
vn -0.9945 0.0564 0.0885
vn -0.9945 0.0747 0.0737
vn -0.9945 0.0892 0.0552
vn -0.9945 0.0993 0.0340
vn -0.9945 0.1043 0.0111
vn -0.3801 -0.6595 0.6485
vn -0.0968 -0.7280 0.6787
vn -0.1076 -0.6261 0.7723
vn -0.3839 -0.4925 0.7811
vn -0.0968 -0.5133 0.8527
vn -0.0973 -0.3381 0.9361
vn -0.3779 -0.3145 0.8708
vn -0.0968 -0.1501 0.9839
vn -0.3839 -0.1203 0.9155
vn -0.1076 -0.0120 0.9941
vn -0.3839 0.0981 0.9182
vn -0.0968 0.1262 0.9873
vn -0.0974 0.3153 0.9440
vn -0.3779 0.2934 0.8781
vn -0.0968 0.4925 0.8649
vn -0.3839 0.4734 0.7928
vn -0.1076 0.6071 0.7873
vn -0.3839 0.6464 0.6594
vn -0.0968 0.7113 0.6962
vn -0.0975 0.8013 0.5903
vn -0.3798 0.7448 0.5486
vn -0.7000 -0.5012 0.5088
vn -0.7003 -0.3850 0.6012
vn -0.7003 -0.2425 0.6714
vn -0.7003 -0.0880 0.7084
vn -0.7003 0.0708 0.7104
vn -0.7003 0.2262 0.6771
vn -0.7002 0.3704 0.6103
vn -0.7002 0.4962 0.5133
vn -0.7032 0.5724 0.4219
vn -0.9208 -0.2724 0.2791
vn -0.9189 -0.2127 0.3321
vn -0.9190 -0.1340 0.3709
vn -0.9189 -0.0486 0.3914
vn -0.9189 0.0391 0.3924
vn -0.9189 0.1250 0.3741
vn -0.9189 0.2046 0.3372
vn -0.9189 0.2741 0.2836
vn -0.9212 0.3130 0.2311
vn -0.9945 -0.0747 0.0736
vn -0.9945 -0.0566 0.0883
vn -0.9945 -0.0356 0.0987
vn -0.9945 -0.0129 0.1041
vn -0.9945 0.0104 0.1044
vn -0.9945 0.0332 0.0995
vn -0.9945 0.0544 0.0897
vn -0.9945 0.0729 0.0754
vn -0.9948 0.0817 0.0604
vn -0.9949 0.0080 0.1001
vn -0.9459 0.0261 0.3235
vn -0.8477 0.0362 0.5292
vn -0.7053 0.0573 0.7066
vn -0.5272 0.0634 0.8474
vn -0.3203 0.0767 0.9442
vn -0.0977 0.0805 0.9920
vn -0.9954 0.0775 0.0556
vn -0.9257 0.3073 0.2206
vn -0.7095 0.5723 0.4112
vn -0.3843 0.7497 0.5388
vn -0.0977 0.8084 0.5805
vn -0.3683 -0.0304 0.9292
vn -0.0945 -0.0325 0.9950
vn -0.0977 -0.1451 0.9846
vn -0.3203 -0.1381 0.9372
vn -0.5272 -0.1186 0.8414
vn -0.7020 -0.0233 0.7118
vn -0.9259 -0.0123 0.3775
vn -0.8477 -0.0706 0.5257
vn -0.7053 -0.1033 0.7013
vn -0.9947 -0.0034 0.1026
vn -0.9949 -0.0145 0.0994
vn -0.9459 -0.0472 0.3211
vn -0.0928 0.3827 0.9192
vn -0.0991 0.2738 0.9567
vn -0.3833 0.2638 0.8852
vn -0.9957 0.0418 0.0827
vn -0.9957 0.0555 0.0742
vn -0.9277 0.1684 0.3333
vn -0.9277 0.2237 0.2989
vn -0.7125 0.3164 0.6262
vn -0.7126 0.4203 0.5618
vn -0.3821 0.4203 0.8230
vn -0.3835 0.5520 0.7404
vn -0.0979 0.4741 0.8750
vn -0.9957 0.0675 0.0634
vn -0.9277 0.2722 0.2556
vn -0.7126 0.5115 0.4802
vn -0.3866 0.6724 0.6313
vn -0.9954 0.0153 0.0942
vn -0.9957 0.0268 0.0887
vn -0.9257 0.0610 0.3734
vn -0.9277 0.1080 0.3574
vn -0.7095 0.1140 0.6954
vn -0.7125 0.2029 0.6717
vn -0.3843 0.1495 0.9110
vn -0.0982 0.1610 0.9821
vn -0.0940 0.7324 0.6743
vn -0.0846 0.6581 0.7481
vn -0.0977 0.5731 0.8136
vn -0.0982 -0.1449 0.9846
vn -0.3222 -0.1379 0.9366
vn -0.5290 -0.1274 0.8390
vn -0.7131 -0.1095 0.6925
vn -0.8465 -0.0895 0.5248
vn -0.9478 -0.0465 0.3155
vn -0.9954 -0.0140 0.0947
vn -0.9954 0.0078 0.0954
vn -0.9254 0.0307 0.3776
vn -0.7092 0.0570 0.7027
vn -0.3841 0.0745 0.9203
vn -0.0982 0.0804 0.9919
vn -0.9956 -0.0030 0.0933
vn -0.9275 -0.0149 0.3734
vn -0.3810 -0.0378 0.9238
vn -0.7152 -0.0284 0.6983
vn -0.1022 -0.0325 0.9942
vn 0.9988 -0.0486 0.0058
vn -0.9979 -0.0647 0.0077
vn 0.9952 0.0973 -0.0116
vn 0.9988 0.0486 -0.0058
vn 0.9239 0.3800 -0.0453
vn 0.3827 0.9174 -0.1095
vn 0.0980 0.9882 -0.1179
vn -0.1305 0.9845 -0.1175
vn -0.2588 0.9591 -0.1145
vn -0.2588 0.9591 -0.1144
vn -0.8660 0.4965 -0.0592
vn -0.9914 0.1296 -0.0155
vn -0.9979 0.0647 -0.0077
vn -0.0002 0.1185 0.9930
vn 0.0001 0.1187 0.9929
vn -0.0001 0.1184 0.9930
vn -0.0000 0.1185 0.9929
vn 0.9914 0.1296 -0.0155
vn 0.9979 0.0647 -0.0077
vn 0.9659 0.2570 -0.0307
vn 0.5000 0.8599 -0.1026
vn 0.1305 0.9845 -0.1175
vn -0.5000 0.8599 -0.1026
vn -0.7071 0.7022 -0.0838
vn -0.9659 0.2570 -0.0307
vn 0.9982 0.0596 0.0003
vn -0.9952 -0.0973 0.0116
vn -0.9953 0.0960 -0.0089
vn -0.9987 0.0505 -0.0060
vn -0.9239 -0.3800 0.0453
vn -0.3827 -0.9174 0.1095
vn -0.0980 -0.9882 0.1179
vn 0.9239 -0.3800 0.0454
vn -0.9980 -0.0629 0.0089
vn -0.9971 -0.0754 0.0090
vn 0.9971 -0.0754 0.0090
vn 0.9980 -0.0629 0.0089
vn 0.9914 -0.1296 0.0155
vn 0.9979 -0.0647 0.0077
vn 0.9979 -0.0646 0.0077
vn 0.9981 -0.0611 0.0087
vn 0.9993 -0.0371 0.0044
vn -0.0980 0.9882 -0.1179
vn -0.3827 0.9174 -0.1095
vn -0.9239 0.3800 -0.0454
vn -0.9239 0.3800 -0.0453
vn -0.9952 0.0973 -0.0116
vn -0.9993 -0.0371 0.0044
vn -0.9981 -0.0611 0.0087
vn 0.9906 -0.1360 0.0163
vn -0.9906 -0.1360 0.0163
vn -0.0083 0.9819 -0.1891
vn -0.0083 0.9988 -0.0473
vn 0.0053 0.7788 -0.6272
vn -0.0053 0.7788 -0.6272
vn -0.0194 0.9117 -0.4105
vn 0.0083 0.9819 -0.1891
vn 0.0194 0.9117 -0.4105
vn -0.0083 0.9819 -0.1892
vn -0.0027 -0.9057 -0.4240
vn -0.0089 -0.9829 -0.1839
vn 0.0027 -0.9057 -0.4240
vn 0.0089 -0.9829 -0.1839
vn -0.0043 -0.9991 0.0433
vn 0.0043 -0.9991 0.0433
vn -0.0000 -0.9850 0.1725
vn -0.0000 -0.8773 0.4799
vn -0.0000 -0.9438 0.3306
vn -0.0053 0.1866 0.9824
vn -0.0079 0.3792 0.9253
vn -0.0026 0.5518 0.8340
vn -0.0014 0.6576 0.7534
vn -0.0005 0.7562 0.6543
vn -0.0000 0.8213 0.5705
vn 0.0053 0.1866 0.9824
vn -0.0116 0.0523 0.9986
vn 0.0116 0.0523 0.9986
vn -0.0116 -0.1173 0.9930
vn 0.0107 -0.1165 0.9931
vn -0.0000 -0.1831 0.9831
vn -0.0107 0.0514 0.9986
vn -0.0107 -0.1165 0.9931
vn -0.0083 0.1891 0.9819
vn -0.0222 0.9810 0.1928
vn -0.0177 0.8708 0.4913
vn -0.0177 0.6824 0.7307
vn -0.0223 0.4182 0.9081
vn 0.0083 0.9988 -0.0473
vn 0.0079 0.3792 0.9253
vn 0.0020 0.5521 0.8338
vn 0.0005 0.7562 0.6543
vn 0.0008 0.6574 0.7536
vn 0.0116 -0.1173 0.9930
vn 0.0107 0.0514 0.9986
vn 0.0083 0.1891 0.9819
vn 0.0222 0.9810 0.1928
vn 0.0177 0.8708 0.4913
vn 0.0177 0.6824 0.7307
vn 0.0223 0.4182 0.9081
vn 0.7587 0.6480 -0.0671
vn 0.7339 0.6790 -0.0174
vn 0.6556 0.7504 -0.0839
vn 0.9239 0.3800 -0.0452
vn 0.8164 0.5739 -0.0649
vn 0.7071 0.7021 -0.0836
vn 0.9000 0.4334 -0.0468
vn 0.9777 0.2091 -0.0208
vn -0.9774 0.2100 -0.0249
vn -0.9238 0.3807 -0.0407
vn -0.7490 0.6580 -0.0781
vn -0.7789 0.6228 -0.0729
vn -0.7061 0.7032 -0.0839
vn -0.7061 0.7034 -0.0817
vn -0.7790 0.6228 -0.0729
vn -0.8160 0.5741 -0.0668
vn -0.9029 0.4267 -0.0509
vn -0.6501 0.7545 -0.0900
vn -0.9988 -0.0486 0.0058
vn -0.9979 0.0646 -0.0077
vn -0.0490 -0.9918 0.1184
vn 0.0490 -0.9918 0.1184
vn -0.0000 -0.8498 0.5270
vn -0.0054 -0.8052 0.5930
vn -0.0054 0.7905 0.6124
vn -0.0117 0.6106 0.7918
vn -0.0108 0.3168 0.9484
vn -0.0117 -0.0121 0.9999
vn -0.0108 -0.3397 0.9405
vn -0.0117 -0.6297 0.7768
vn 0.0054 0.7905 0.6124
vn -0.0000 0.8368 0.5475
vn 0.0054 -0.8052 0.5930
vn 0.0117 0.6106 0.7918
vn 0.0108 0.3168 0.9484
vn 0.0117 -0.0121 0.9999
vn 0.0108 -0.3397 0.9405
vn 0.0117 -0.6297 0.7768
vn -0.0003 0.1186 0.9929
vn -0.8660 -0.4965 0.0592
vn -0.8660 -0.4965 0.0593
vn -0.2588 -0.9591 0.1145
vn 0.1305 -0.9845 0.1175
vn 0.2588 -0.9591 0.1145
vn 0.8660 -0.4965 0.0593
vn 0.1305 0.9844 -0.1176
vn -0.1305 0.9844 -0.1176
vn 0.0002 0.1186 0.9929
vn 0.0001 0.1186 0.9929
vn 0.5000 0.8599 -0.1027
vn -0.5000 0.8599 -0.1027
vn -0.0001 0.1187 0.9929
vn -0.0001 0.1186 0.9929
vn -0.0000 0.9460 0.3241
vn -0.0000 0.7118 0.7024
vn -0.0000 0.3365 0.9417
vn -0.0000 -0.1054 0.9944
vn -0.0000 -0.1055 0.9944
vn -0.0000 -0.5264 0.8502
vn -0.0000 -0.8432 0.5376
vn -0.0000 -0.9284 0.3715
vn -0.0000 -0.8007 0.5991
vn -0.0000 -0.6183 0.7859
vn -0.0000 -0.1425 0.9898
vn -0.0000 0.3715 0.9284
vn -0.0000 0.7859 0.6183
vn -0.0000 0.9192 0.3938
vn 0.7071 0.6690 0.2291
vn 0.7071 0.6690 0.2292
vn 0.7071 0.5033 0.4967
vn 0.7071 0.2380 0.6659
vn 0.7071 0.2379 0.6659
vn 0.7071 -0.0746 0.7032
vn 0.7071 -0.0745 0.7032
vn 0.7071 -0.3723 0.6012
vn 0.7071 -0.5962 0.3801
vn -0.0000 0.7117 0.7024
vn -0.0000 -0.5265 0.8502
vn -0.7071 -0.5962 0.3801
vn -0.7071 -0.3723 0.6012
vn -0.7071 -0.0746 0.7032
vn -0.7071 -0.0745 0.7032
vn -0.7071 0.2379 0.6658
vn -0.7071 0.5033 0.4967
vn -0.7071 0.6690 0.2291
vn -0.7071 0.6690 0.2292
vn -0.7070 0.0173 -0.7070
vn -0.7071 -0.3385 -0.6208
vn -0.7071 -0.3384 -0.6208
vn -0.7070 -0.6036 -0.3685
vn -0.7070 -0.7070 -0.0173
vn -0.7071 -0.6208 0.3385
vn -0.7071 -0.6208 0.3384
vn -0.7070 -0.3685 0.6036
vn -0.7070 -0.0173 0.7070
vn -0.7071 0.3385 0.6208
vn -0.7071 0.3384 0.6208
vn -0.7070 0.6036 0.3685
vn -0.7070 0.7070 0.0173
vn -0.7071 0.6208 -0.3385
vn -0.7071 0.6208 -0.3384
vn -0.7070 0.3685 -0.6036
s 0
usemtl grey.007
f 97//1 98//1 99//1
f 99//1 98//1 100//1
f 99//1 100//1 101//1
f 101//1 100//1 102//1
f 102//2 100//2 103//2
f 103//2 100//2 104//2
f 101//3 102//3 105//3
f 105//3 102//3 103//3
f 99//4 101//4 106//4
f 106//4 101//4 105//4
f 97//5 99//5 107//5
f 107//5 99//5 106//5
f 98//6 97//6 108//6
f 108//6 97//6 107//6
f 100//7 98//7 104//7
f 104//7 98//7 108//7
s 1
f 109//8 110//9 104//1
f 107//1 111//10 112//11
f 113//12 108//1 114//13
f 114//13 108//1 107//1
f 114//13 107//1 115//14
f 115//14 107//1 112//11
f 116//15 117//16 103//1
f 106//1 118//17 119//18
f 105//1 120//19 121//20
f 119//18 122//21 106//1
f 106//1 122//21 123//22
f 106//1 123//22 107//1
f 107//1 123//22 124//23
f 107//1 124//23 111//10
f 121//20 125//24 105//1
f 105//1 125//24 126//25
f 105//1 126//25 106//1
f 106//1 126//25 127//26
f 106//1 127//26 118//17
f 117//16 128//27 103//1
f 103//1 128//27 129//28
f 103//1 129//28 105//1
f 105//1 129//28 130//29
f 105//1 130//29 120//19
f 113//12 131//30 108//1
f 108//1 131//30 132//31
f 108//1 132//31 104//1
f 104//1 132//31 133//32
f 104//1 133//32 109//8
f 110//9 134//33 104//1
f 104//1 134//33 135//34
f 104//1 135//34 103//1
f 103//1 135//34 136//35
f 103//1 136//35 116//15
f 137//36 138//37 139//38
f 138//37 140//39 141//40
f 140//41 115//14 112//11
f 140//41 112//11 141//42
f 141//42 112//11 111//10
f 141//42 111//10 142//43
f 142//43 111//10 124//23
f 142//43 124//23 143//44
f 143//44 124//23 123//22
f 143//44 123//22 144//45
f 144//45 123//22 122//21
f 144//45 122//21 145//46
f 145//46 122//21 119//18
f 145//46 119//18 146//47
f 146//47 119//18 118//17
f 146//47 118//17 147//48
f 147//48 118//17 127//26
f 147//48 127//26 148//49
f 148//49 127//26 126//25
f 148//49 126//25 149//50
f 149//50 126//25 125//24
f 149//50 125//24 150//51
f 150//51 125//24 121//20
f 150//51 121//20 151//52
f 151//52 121//20 120//19
f 151//52 120//19 152//53
f 152//53 120//19 130//29
f 152//53 130//29 153//54
f 153//54 130//29 129//28
f 153//54 129//28 154//55
f 138//37 141//40 139//38
f 139//38 141//40 142//56
f 139//38 142//56 155//57
f 155//57 142//56 143//58
f 155//57 143//58 156//59
f 156//59 143//58 144//60
f 156//59 144//60 157//61
f 157//61 144//60 145//62
f 157//61 145//62 158//63
f 158//63 145//62 146//64
f 158//63 146//64 159//65
f 159//65 146//64 147//66
f 159//65 147//66 160//67
f 160//67 147//66 148//68
f 160//67 148//68 161//69
f 161//69 148//68 149//70
f 161//69 149//70 162//71
f 162//71 149//70 150//72
f 162//71 150//72 163//73
f 163//73 150//72 151//74
f 163//73 151//74 164//75
f 164//75 151//74 152//76
f 164//75 152//76 165//77
f 165//77 152//76 153//78
f 165//77 153//78 166//79
f 166//79 153//78 154//80
f 166//79 154//80 167//81
f 137//36 139//38 168//82
f 168//82 139//38 155//57
f 168//82 155//57 169//83
f 169//83 155//57 156//59
f 169//83 156//59 170//84
f 170//84 156//59 157//61
f 170//84 157//61 171//85
f 171//85 157//61 158//63
f 171//85 158//63 172//86
f 172//86 158//63 159//65
f 172//86 159//65 173//87
f 173//87 159//65 160//67
f 173//87 160//67 174//88
f 174//88 160//67 161//69
f 174//88 161//69 175//89
f 175//89 161//69 162//71
f 175//89 162//71 176//90
f 176//90 162//71 163//73
f 176//90 163//73 177//91
f 177//91 163//73 164//75
f 177//91 164//75 178//92
f 178//92 164//75 165//77
f 178//92 165//77 179//93
f 179//93 165//77 166//79
f 179//93 166//79 180//94
f 180//94 166//79 167//81
f 180//94 167//81 181//95
f 181//95 167//81 182//96
f 167//81 154//80 183//97
f 154//55 129//28 128//27
f 154//55 128//27 183//98
f 183//98 128//27 117//16
f 183//98 117//16 184//99
f 184//99 117//16 116//15
f 184//99 116//15 185//100
f 185//100 116//15 136//35
f 185//100 136//35 186//101
f 186//101 136//35 135//34
f 186//101 135//34 187//102
f 187//102 135//34 134//33
f 187//102 134//33 188//103
f 188//103 134//33 110//9
f 188//103 110//9 189//104
f 189//104 110//9 109//8
f 189//104 109//8 190//105
f 190//105 109//8 133//32
f 190//105 133//32 191//106
f 191//106 133//32 132//31
f 191//106 132//31 192//107
f 192//107 132//31 131//30
f 192//107 131//30 193//108
f 193//108 131//30 113//12
f 193//108 113//12 194//109
f 194//109 113//12 114//13
f 194//109 114//13 195//110
f 195//110 114//13 115//14
f 195//110 115//14 140//41
f 167//81 183//97 182//96
f 182//96 183//97 184//111
f 182//96 184//111 196//112
f 196//112 184//111 185//113
f 196//112 185//113 197//114
f 197//114 185//113 186//115
f 197//114 186//115 198//116
f 198//116 186//115 187//117
f 198//116 187//117 199//118
f 199//118 187//117 188//119
f 199//118 188//119 200//120
f 200//120 188//119 189//121
f 200//120 189//121 201//122
f 201//122 189//121 190//123
f 201//122 190//123 202//124
f 202//124 190//123 191//125
f 202//124 191//125 203//126
f 203//126 191//125 192//127
f 203//126 192//127 204//128
f 204//128 192//127 193//129
f 204//128 193//129 205//130
f 205//130 193//129 194//131
f 205//130 194//131 206//132
f 206//132 194//131 195//133
f 206//132 195//133 207//134
f 207//134 195//133 140//39
f 207//134 140//39 138//37
f 181//95 182//96 208//135
f 208//135 182//96 196//112
f 208//135 196//112 209//136
f 209//136 196//112 197//114
f 209//136 197//114 210//137
f 210//137 197//114 198//116
f 210//137 198//116 211//138
f 211//138 198//116 199//118
f 211//138 199//118 212//139
f 212//139 199//118 200//120
f 212//139 200//120 213//140
f 213//140 200//120 201//122
f 213//140 201//122 214//141
f 214//141 201//122 202//124
f 214//141 202//124 215//142
f 215//142 202//124 203//126
f 215//142 203//126 216//143
f 216//143 203//126 204//128
f 216//143 204//128 217//144
f 217//144 204//128 205//130
f 217//144 205//130 218//145
f 218//145 205//130 206//132
f 218//145 206//132 219//146
f 219//146 206//132 207//134
f 219//146 207//134 220//147
f 220//147 207//134 138//37
f 220//147 138//37 137//36
f 137//36 168//82 221//148
f 221//148 168//82 222//149
f 168//82 169//83 222//149
f 222//149 169//83 170//84
f 222//149 170//84 223//150
f 170//84 171//85 223//150
f 223//150 171//85 172//86
f 223//150 172//86 224//151
f 172//86 173//87 224//151
f 224//151 173//87 174//88
f 224//151 174//88 225//152
f 174//88 175//89 225//152
f 225//152 175//89 176//90
f 225//152 176//90 226//153
f 176//90 177//91 226//153
f 226//153 177//91 178//92
f 226//153 178//92 227//154
f 181//95 228//155 180//94
f 180//94 228//155 227//154
f 180//94 227//154 179//93
f 179//93 227//154 178//92
f 181//95 208//135 228//155
f 228//155 208//135 229//156
f 208//135 209//136 229//156
f 229//156 209//136 210//137
f 229//156 210//137 230//157
f 210//137 211//138 230//157
f 230//157 211//138 212//139
f 230//157 212//139 231//158
f 212//139 213//140 231//158
f 231//158 213//140 214//141
f 231//158 214//141 232//159
f 214//141 215//142 232//159
f 232//159 215//142 216//143
f 232//159 216//143 233//160
f 216//143 217//144 233//160
f 233//160 217//144 218//145
f 233//160 218//145 234//161
f 137//36 221//148 220//147
f 220//147 221//148 234//161
f 220//147 234//161 219//146
f 219//146 234//161 218//145
s 0
f 92//162 232//162 90//162
f 90//162 232//162 233//162
f 90//162 233//162 88//162
f 88//162 233//162 234//162
f 88//162 234//162 86//162
f 86//162 234//162 221//162
f 86//162 221//162 84//162
f 84//162 221//162 222//162
f 84//162 222//162 82//162
f 82//162 222//162 223//162
f 82//162 223//162 80//162
f 223//162 224//162 80//162
f 80//162 224//162 225//162
f 80//162 225//162 78//162
f 78//162 225//162 226//162
f 78//162 226//162 76//162
f 76//162 226//162 227//162
f 76//162 227//162 73//162
f 73//162 227//162 228//162
f 73//162 228//162 96//162
f 96//162 228//162 229//162
f 96//162 229//162 94//162
f 94//162 229//162 230//162
f 94//162 230//162 92//162
f 92//162 230//162 231//162
f 92//162 231//162 232//162
f 239//162 241//162 249//162
f 251//162 252//162 253//162
f 253//162 252//162 235//162
f 253//162 235//162 254//162
f 255//162 254//162 256//162
f 256//162 254//162 235//162
f 256//162 235//162 249//162
f 249//162 235//162 237//162
f 249//162 237//162 239//162
f 241//162 243//162 249//162
f 249//162 243//162 245//162
f 249//162 245//162 247//162
f 329//1 330//1 331//1
f 331//1 330//1 321//1
f 330//1 332//1 333//1
f 334//1 331//1 327//1
f 327//1 331//1 321//1
f 327//1 321//1 325//1
f 325//1 321//1 323//1
f 319//1 321//1 317//1
f 317//1 321//1 330//1
f 317//1 330//1 315//1
f 315//1 330//1 333//1
f 315//1 333//1 313//1
f 1301//1 1302//1 1303//1
f 1303//1 1302//1 1304//1
f 1303//1 1304//1 1305//1
f 1305//1 1304//1 1306//1
f 1305//1 1306//1 1307//1
f 1307//1 1306//1 1308//1
f 1307//1 1308//1 1309//1
f 1309//1 1308//1 1310//1
f 1309//1 1310//1 1311//1
f 1311//1 1310//1 1312//1
f 1311//1 1312//1 1313//1
f 1312//1 1314//1 1313//1
f 1313//1 1314//1 1315//1
f 1313//1 1315//1 1316//1
f 1316//1 1315//1 1317//1
f 1316//1 1317//1 1318//1
f 1318//1 1317//1 1319//1
f 1318//1 1319//1 1320//1
f 1320//1 1319//1 1321//1
f 1320//1 1321//1 1322//1
f 1322//1 1321//1 1323//1
f 1322//1 1323//1 1324//1
f 1324//1 1323//1 1325//1
f 1324//1 1325//1 1301//1
f 1301//1 1325//1 1326//1
f 1301//1 1326//1 1302//1
s 1
f 1327//163 1328//164 1310//165
f 1310//165 1328//164 1312//166
f 1328//164 1329//167 1312//166
f 1312//166 1329//167 1330//168
f 1312//166 1330//168 1314//169
f 1330//168 1331//170 1314//169
f 1314//169 1331//170 1332//171
f 1314//169 1332//171 1315//172
f 1332//171 1333//173 1315//172
f 1315//172 1333//173 1334//174
f 1315//172 1334//174 1317//175
f 1317//175 1334//174 1335//176
f 1317//175 1335//176 1319//177
f 1335//176 1336//178 1319//177
f 1319//177 1336//178 1337//179
f 1319//177 1337//179 1321//180
f 1338//181 1323//182 1339//183
f 1339//183 1323//182 1321//180
f 1339//183 1321//180 1340//184
f 1340//184 1321//180 1337//179
f 1338//181 1341//185 1323//182
f 1323//182 1341//185 1325//186
f 1341//185 1342//187 1325//186
f 1325//186 1342//187 1343//188
f 1325//186 1343//188 1326//189
f 1343//188 1344//190 1326//189
f 1326//189 1344//190 1345//191
f 1326//189 1345//191 1302//192
f 1345//191 1346//193 1302//192
f 1302//192 1346//193 1347//194
f 1302//192 1347//194 1304//195
f 1347//194 1348//196 1304//195
f 1304//195 1348//196 1349//197
f 1304//195 1349//197 1306//198
f 1349//197 1350//199 1306//198
f 1306//198 1350//199 1351//200
f 1306//198 1351//200 1308//201
f 1327//163 1310//165 1352//202
f 1352//202 1310//165 1308//201
f 1352//202 1308//201 1353//203
f 1353//203 1308//201 1351//200
f 1354//204 1355//205 1356//206
f 1357//207 1358//208 1359//209
f 1359//209 1358//208 1360//210
f 1359//209 1360//210 1361//211
f 1361//211 1360//210 1362//212
f 1361//211 1362//212 1363//213
f 1363//213 1362//212 1364//214
f 1363//213 1364//214 1365//215
f 1365//215 1364//214 1366//216
f 1365//215 1366//216 1367//217
f 1367//217 1366//216 1368//218
f 1367//217 1368//218 1369//219
f 1369//219 1368//218 1370//220
f 1369//219 1370//220 1371//221
f 1371//221 1370//220 1354//204
f 1371//221 1354//204 1372//222
f 1372//222 1354//204 1356//206
f 1373//223 1374//224 1375//225
f 1375//225 1374//224 1355//205
f 1355//205 1354//204 1375//225
f 1375//225 1354//204 1370//220
f 1375//225 1370//220 1376//226
f 1376//226 1370//220 1368//218
f 1376//226 1368//218 1377//227
f 1377//227 1368//218 1366//216
f 1377//227 1366//216 1378//228
f 1378//228 1366//216 1364//214
f 1378//228 1364//214 1379//229
f 1379//229 1364//214 1362//212
f 1379//229 1362//212 1380//230
f 1380//230 1362//212 1360//210
f 1380//230 1360//210 1381//231
f 1381//231 1360//210 1358//208
f 1381//231 1358//208 1382//232
f 1357//207 1383//233 1358//208
f 1358//208 1383//233 1384//234
f 1358//208 1384//234 1382//232
f 1382//232 1384//234 1385//235
f 1382//232 1385//235 1386//236
f 1373//223 1375//225 1387//237
f 1387//237 1375//225 1376//226
f 1387//237 1376//226 1388//238
f 1388//238 1376//226 1377//227
f 1388//238 1377//227 1389//239
f 1389//239 1377//227 1378//228
f 1389//239 1378//228 1390//240
f 1390//240 1378//228 1379//229
f 1390//240 1379//229 1391//241
f 1391//241 1379//229 1380//230
f 1391//241 1380//230 1392//242
f 1392//242 1380//230 1381//231
f 1392//242 1381//231 1393//243
f 1393//243 1381//231 1382//232
f 1393//243 1382//232 1394//244
f 1394//244 1382//232 1386//236
f 1394//244 1386//236 1395//245
f 1328//164 1327//163 1387//237
f 1387//237 1327//163 1396//246
f 1387//237 1396//246 1373//223
f 1336//178 1335//176 1392//242
f 1392//242 1335//176 1334//174
f 1392//242 1334//174 1391//241
f 1391//241 1334//174 1333//173
f 1391//241 1333//173 1390//240
f 1390//240 1333//173 1332//171
f 1390//240 1332//171 1389//239
f 1389//239 1332//171 1331//170
f 1389//239 1331//170 1388//238
f 1388//238 1331//170 1330//168
f 1388//238 1330//168 1387//237
f 1387//237 1330//168 1329//167
f 1387//237 1329//167 1328//164
f 1336//178 1392//242 1337//179
f 1337//179 1392//242 1393//243
f 1337//179 1393//243 1340//184
f 1340//184 1393//243 1394//244
f 1340//184 1394//244 1339//183
f 1339//183 1394//244 1395//245
f 1339//183 1395//245 1338//181
f 1385//235 1384//234 1397//247
f 1397//247 1384//234 1383//233
f 1395//245 1386//236 1398//248
f 1398//248 1386//236 1385//235
f 1341//185 1338//181 1395//245
f 1356//206 1399//249 1400//250
f 1400//250 1399//249 1401//251
f 1400//250 1401//251 1402//252
f 1402//252 1401//251 1403//253
f 1402//252 1403//253 1404//254
f 1404//254 1403//253 1405//255
f 1404//254 1405//255 1406//256
f 1406//256 1405//255 1407//257
f 1406//256 1407//257 1408//258
f 1408//258 1407//257 1409//259
f 1408//258 1409//259 1410//260
f 1410//260 1409//259 1411//261
f 1410//260 1411//261 1412//262
f 1412//262 1411//261 1413//263
f 1412//262 1413//263 1414//264
f 1414//264 1413//263 1415//265
f 1414//264 1415//265 1416//266
f 1416//266 1415//265 1417//267
f 1416//266 1417//267 1418//268
f 1418//268 1417//267 1419//269
f 1418//268 1419//269 1420//270
f 1420//270 1419//269 1421//271
f 1420//270 1421//271 1422//272
f 1422//272 1421//271 1397//247
f 1422//272 1397//247 1423//273
f 1423//273 1397//247 1383//233
f 1423//273 1383//233 1357//207
f 1385//235 1397//247 1398//248
f 1398//248 1397//247 1421//274
f 1398//248 1421//274 1424//275
f 1424//275 1421//274 1419//276
f 1424//275 1419//276 1425//277
f 1425//277 1419//276 1417//278
f 1425//277 1417//278 1426//279
f 1426//279 1417//278 1415//280
f 1426//279 1415//280 1427//281
f 1427//281 1415//280 1413//282
f 1427//281 1413//282 1428//283
f 1428//283 1413//282 1411//284
f 1428//283 1411//284 1429//285
f 1429//285 1411//284 1409//286
f 1429//285 1409//286 1430//287
f 1430//287 1409//286 1407//288
f 1430//287 1407//288 1431//289
f 1431//289 1407//288 1405//290
f 1431//289 1405//290 1432//291
f 1432//291 1405//290 1403//292
f 1432//291 1403//292 1433//293
f 1433//293 1403//292 1401//294
f 1433//293 1401//294 1434//295
f 1434//295 1401//294 1399//249
f 1434//295 1399//249 1435//296
f 1356//206 1355//205 1399//249
f 1399//249 1355//205 1374//224
f 1399//249 1374//224 1435//296
f 1435//296 1374//224 1373//223
f 1435//296 1373//223 1396//246
f 1395//245 1398//248 1341//185
f 1341//185 1398//248 1424//275
f 1341//185 1424//275 1342//187
f 1342//187 1424//275 1425//277
f 1342//187 1425//277 1343//188
f 1343//188 1425//277 1426//279
f 1343//188 1426//279 1344//190
f 1344//190 1426//279 1427//281
f 1344//190 1427//281 1345//191
f 1345//191 1427//281 1428//283
f 1345//191 1428//283 1346//193
f 1346//193 1428//283 1429//285
f 1346//193 1429//285 1347//194
f 1347//194 1429//285 1430//287
f 1347//194 1430//287 1348//196
f 1348//196 1430//287 1431//289
f 1348//196 1431//289 1349//197
f 1349//197 1431//289 1432//291
f 1349//197 1432//291 1350//199
f 1350//199 1432//291 1433//293
f 1350//199 1433//293 1351//200
f 1351//200 1433//293 1434//295
f 1351//200 1434//295 1353//203
f 1353//203 1434//295 1435//296
f 1353//203 1435//296 1352//202
f 1352//202 1435//296 1396//246
f 1352//202 1396//246 1327//163
f 1420//270 1422//272 1436//162
f 1436//162 1422//272 1423//273
f 1361//211 1437//162 1359//209
f 1359//209 1437//162 1436//162
f 1359//209 1436//162 1357//207
f 1357//207 1436//162 1423//273
f 1412//262 1414//264 1438//162
f 1438//162 1414//264 1416//266
f 1438//162 1416//266 1436//162
f 1436//162 1416//266 1418//268
f 1436//162 1418//268 1420//270
f 1400//250 1402//252 1439//162
f 1439//162 1402//252 1404//254
f 1400//250 1439//162 1356//206
f 1356//206 1439//162 1440//162
f 1356//206 1440//162 1372//222
f 1361//211 1363//213 1437//162
f 1437//162 1363//213 1365//215
f 1437//162 1365//215 1441//162
f 1404//254 1406//256 1439//162
f 1439//162 1406//256 1408//258
f 1439//162 1408//258 1438//162
f 1438//162 1408//258 1410//260
f 1438//162 1410//260 1412//262
f 1365//215 1367//217 1441//162
f 1441//162 1367//217 1369//219
f 1441//162 1369//219 1440//162
f 1440//162 1369//219 1371//221
f 1440//162 1371//221 1372//222
s 0
f 1442//297 1436//297 1443//297
f 1443//298 1436//298 1437//298
f 1443//298 1437//298 1444//298
f 1445//299 1438//299 1446//299
f 1446//300 1438//300 1436//300
f 1446//300 1436//300 1442//300
f 1447//301 1439//301 1448//301
f 1448//301 1439//301 1438//301
f 1448//301 1438//301 1445//301
f 1449//302 1440//302 1450//302
f 1450//303 1440//303 1439//303
f 1450//303 1439//303 1447//303
f 1451//304 1441//304 1452//304
f 1452//304 1441//304 1440//304
f 1452//304 1440//304 1449//304
f 1444//305 1437//305 1453//305
f 1453//305 1437//305 1441//305
f 1453//305 1441//305 1451//305
f 1453//162 1454//162 1444//162
f 1444//162 1454//162 1455//162
f 1444//162 1455//162 1443//162
f 1446//162 1442//162 1456//162
f 1456//162 1442//162 1443//162
f 1448//162 1445//162 1457//162
f 1457//162 1445//162 1446//162
f 1450//162 1447//162 1458//162
f 1458//162 1447//162 1448//162
f 1450//162 1459//162 1449//162
f 1449//162 1459//162 1460//162
f 1449//162 1460//162 1452//162
f 1452//162 1461//162 1451//162
f 1451//162 1461//162 1462//162
f 1451//162 1462//162 1453//162
s 1
f 1463//306 1455//307 1454//308
f 1443//309 1455//307 1463//306
f 1463//306 1462//310 1461//311
f 1453//312 1462//310 1463//306
f 1463//306 1459//313 1450//314
f 1460//315 1459//313 1463//306
f 1452//316 1460//315 1463//306
f 1461//311 1452//316 1463//306
f 1454//308 1453//312 1463//306
f 1463//306 1448//317 1457//318
f 1458//319 1448//317 1463//306
f 1450//314 1458//319 1463//306
f 1463//306 1456//320 1443//309
f 1446//321 1456//320 1463//306
f 1457//318 1446//321 1463//306
usemtl black.006
f 1//322 2//322 3//323
f 1//322 3//323 4//323
f 4//323 3//323 5//324
f 4//323 5//324 6//324
f 6//324 5//324 7//325
f 6//324 7//325 8//325
f 8//325 7//325 9//326
f 8//325 9//326 10//326
f 10//326 9//326 11//327
f 10//326 11//327 12//327
f 12//327 11//327 13//328
f 12//327 13//328 14//328
f 14//328 13//328 15//329
f 14//328 15//329 16//330
f 16//330 15//329 17//331
f 16//330 17//331 18//331
f 18//331 17//331 19//332
f 18//333 19//332 20//332
f 20//332 19//332 21//334
f 20//332 21//334 22//334
f 22//334 21//334 23//335
f 22//334 23//335 24//335
f 24//335 23//335 25//336
f 24//335 25//336 26//336
f 26//336 25//336 27//337
f 26//336 27//337 28//337
f 28//337 27//337 29//338
f 28//337 29//338 30//338
f 30//338 29//338 31//339
f 30//338 31//339 32//339
f 32//339 31//339 33//340
f 32//339 33//340 34//341
f 34//341 33//340 35//342
f 34//341 35//342 36//342
f 36//342 35//342 2//322
f 36//342 2//322 1//322
s 0
f 15//1 33//1 31//1
f 33//1 15//1 35//1
f 35//1 15//1 3//1
f 35//1 3//1 2//1
f 31//1 29//1 15//1
f 15//1 29//1 27//1
f 15//1 27//1 25//1
f 15//1 13//1 11//1
f 19//1 17//1 21//1
f 21//1 17//1 15//1
f 21//1 15//1 23//1
f 23//1 15//1 25//1
f 5//1 3//1 7//1
f 7//1 3//1 15//1
f 7//1 15//1 9//1
f 9//1 15//1 11//1
f 37//162 38//162 39//162
f 38//162 40//162 41//162
f 42//162 43//162 44//162
f 38//162 45//162 40//162
f 40//162 45//162 46//162
f 40//162 46//162 42//162
f 44//162 47//162 48//162
f 42//162 44//162 40//162
f 40//162 44//162 48//162
f 40//162 48//162 49//162
f 41//162 50//162 38//162
f 38//162 50//162 51//162
f 38//162 51//162 39//162
f 52//162 53//162 39//162
f 39//162 53//162 54//162
f 39//162 54//162 37//162
s 1
f 55//343 37//343 54//344
f 55//343 54//344 56//344
f 56//344 54//344 53//345
f 56//344 53//345 57//345
f 57//345 53//345 52//346
f 57//345 52//346 58//346
f 58//346 52//346 39//347
f 58//346 39//347 59//347
f 59//347 39//347 51//348
f 59//347 51//348 60//348
f 60//348 51//348 50//349
f 60//348 50//349 61//349
f 61//349 50//349 41//350
f 61//349 41//350 62//350
f 62//350 41//350 40//351
f 62//350 40//351 63//351
f 63//351 40//351 49//352
f 63//351 49//352 64//352
f 64//352 49//352 48//353
f 64//352 48//353 65//353
f 65//353 48//353 47//354
f 65//353 47//354 66//354
f 66//354 47//354 44//355
f 66//354 44//355 67//355
f 67//355 44//355 43//356
f 67//355 43//356 68//356
f 68//356 43//356 42//357
f 68//356 42//357 69//357
f 69//357 42//357 46//358
f 69//357 46//358 70//358
f 70//358 46//358 45//359
f 70//358 45//360 71//360
f 71//360 45//360 38//361
f 71//360 38//361 72//361
f 72//361 38//361 37//343
f 72//361 37//343 55//343
f 73//80 74//80 75//362
f 73//80 75//362 76//362
f 76//362 75//362 77//363
f 76//362 77//363 78//364
f 78//364 77//363 79//66
f 78//364 79//66 80//66
f 80//66 79//66 81//365
f 80//66 81//365 82//365
f 82//365 81//365 83//366
f 82//365 83//366 84//367
f 84//367 83//366 85//39
f 84//367 85//39 86//39
f 86//39 85//39 87//368
f 86//39 87//368 88//368
f 88//368 87//368 89//369
f 88//368 89//369 90//370
f 90//370 89//369 91//121
f 90//370 91//121 92//121
f 92//121 91//121 93//371
f 92//121 93//371 94//371
f 94//371 93//371 95//372
f 94//371 95//372 96//373
f 96//373 95//372 74//80
f 96//373 74//80 73//80
f 235//374 236//374 237//375
f 237//375 236//374 238//376
f 237//375 238//376 239//377
f 239//377 238//376 240//377
f 239//377 240//377 241//378
f 241//378 240//377 242//379
f 241//378 242//379 243//380
f 243//380 242//379 244//380
f 243//380 244//380 245//381
f 245//381 244//380 246//381
f 245//381 246//381 247//382
f 247//382 246//381 248//383
f 247//382 248//383 249//384
f 249//384 248//383 250//385
s 0
f 257//162 258//162 259//162
f 259//162 258//162 260//162
f 259//162 260//162 261//162
f 261//162 260//162 262//162
f 261//162 262//162 263//162
f 263//162 262//162 264//162
f 263//162 264//162 265//162
f 265//162 264//162 266//162
f 265//162 266//162 267//162
f 267//162 266//162 268//162
f 267//162 268//162 269//162
f 268//162 270//162 269//162
f 269//162 270//162 271//162
f 269//162 271//162 272//162
f 272//162 271//162 273//162
f 272//162 273//162 274//162
f 274//162 273//162 275//162
f 274//162 275//162 276//162
f 276//162 275//162 277//162
f 276//162 277//162 278//162
f 278//162 277//162 279//162
f 278//162 279//162 280//162
f 280//162 279//162 281//162
f 280//162 281//162 257//162
f 257//162 281//162 282//162
f 257//162 282//162 258//162
s 1
f 260//386 283//386 262//387
f 262//387 283//386 284//387
f 262//387 284//387 264//388
f 264//388 284//387 285//388
f 264//388 285//388 266//389
f 266//389 285//388 286//389
f 266//389 286//389 268//390
f 268//390 286//389 287//390
f 268//390 287//390 270//391
f 270//391 287//390 288//391
f 270//391 288//391 271//392
f 271//392 288//391 289//392
f 271//392 289//392 273//393
f 273//393 289//392 290//393
s 0
f 81//1 291//1 83//1
f 83//1 291//1 292//1
f 83//1 292//1 85//1
f 85//1 292//1 293//1
f 85//1 293//1 87//1
f 87//1 293//1 294//1
f 87//1 294//1 89//1
f 89//1 294//1 295//1
f 89//1 295//1 91//1
f 91//1 295//1 296//1
f 91//1 296//1 93//1
f 296//1 297//1 93//1
f 93//1 297//1 298//1
f 93//1 298//1 95//1
f 95//1 298//1 299//1
f 95//1 299//1 74//1
f 74//1 299//1 300//1
f 74//1 300//1 75//1
f 75//1 300//1 301//1
f 75//1 301//1 77//1
f 77//1 301//1 302//1
f 77//1 302//1 79//1
f 79//1 302//1 303//1
f 79//1 303//1 81//1
f 81//1 303//1 304//1
f 81//1 304//1 291//1
s 1
f 296//393 305//393 297//392
f 297//392 305//393 306//392
f 297//392 306//392 298//391
f 298//391 306//392 307//391
f 298//391 307//391 299//390
f 299//390 307//391 308//390
f 299//390 308//390 300//389
f 300//389 308//390 309//389
f 300//389 309//389 301//388
f 301//388 309//389 310//388
f 301//394 310//394 302//387
f 302//387 310//394 311//387
f 302//387 311//387 303//386
f 303//386 311//387 312//386
f 313//395 314//395 315//396
f 315//396 314//395 316//396
f 315//396 316//396 317//397
f 317//397 316//396 318//397
f 317//397 318//397 319//398
f 319//398 318//397 320//399
f 319//398 320//399 321//400
f 321//400 320//399 322//400
f 321//400 322//400 323//401
f 323//401 322//400 324//401
f 323//401 324//401 325//402
f 325//402 324//401 326//403
f 325//402 326//403 327//404
f 327//404 326//403 328//404
f 335//386 336//386 337//405
f 337//405 336//386 338//405
f 337//406 338//406 339//407
f 339//407 338//406 340//407
f 339//407 340//407 341//408
f 341//408 340//407 342//408
f 341//408 342//408 343//409
f 343//409 342//408 344//409
f 343//409 344//409 345//410
f 345//410 344//409 346//410
s 0
f 345//411 346//411 347//411
f 347//411 346//411 348//411
f 342//162 349//162 344//162
f 344//162 349//162 350//162
f 344//162 350//162 346//162
f 346//162 350//162 351//162
f 346//162 351//162 348//162
f 348//162 351//162 352//162
f 348//162 352//162 353//162
f 353//162 352//162 354//162
f 353//162 354//162 355//162
f 355//162 354//162 356//162
f 355//162 356//162 357//162
f 356//162 358//162 357//162
f 357//162 358//162 359//162
f 357//162 359//162 360//162
f 360//162 359//162 361//162
f 360//162 361//162 362//162
f 362//162 361//162 363//162
f 362//162 363//162 336//162
f 336//162 363//162 364//162
f 336//162 364//162 338//162
f 338//162 364//162 365//162
f 338//162 365//162 340//162
f 340//162 365//162 366//162
f 340//162 366//162 342//162
f 342//162 366//162 367//162
f 342//162 367//162 349//162
s 1
f 364//386 368//386 365//387
f 365//387 368//386 369//387
f 365//387 369//387 366//388
f 366//388 369//387 370//388
f 366//388 370//388 367//389
f 367//389 370//388 371//389
f 367//389 371//389 349//390
f 349//390 371//389 372//390
f 349//390 372//390 350//412
f 350//412 372//390 373//412
f 350//412 373//412 351//413
f 351//413 373//412 374//413
f 351//413 374//413 352//393
f 352//393 374//413 375//393
f 376//386 377//386 378//405
f 378//405 377//386 379//405
f 378//406 379//406 380//407
f 380//407 379//406 381//407
f 380//407 381//407 382//408
f 382//408 381//407 383//408
f 382//408 383//408 384//409
f 384//409 383//408 385//409
f 384//409 385//409 386//410
f 386//410 385//409 387//410
s 0
f 386//411 387//411 388//411
f 388//411 387//411 389//411
f 382//1 390//1 380//1
f 380//1 390//1 391//1
f 380//1 391//1 378//1
f 378//1 391//1 392//1
f 378//1 392//1 376//1
f 376//1 392//1 393//1
f 376//1 393//1 394//1
f 394//1 393//1 395//1
f 394//1 395//1 396//1
f 396//1 395//1 397//1
f 396//1 397//1 398//1
f 397//1 399//1 398//1
f 398//1 399//1 400//1
f 398//1 400//1 401//1
f 401//1 400//1 402//1
f 401//1 402//1 403//1
f 403//1 402//1 404//1
f 403//1 404//1 388//1
f 388//1 404//1 405//1
f 388//1 405//1 386//1
f 386//1 405//1 406//1
f 386//1 406//1 384//1
f 384//1 406//1 407//1
f 384//1 407//1 382//1
f 382//1 407//1 408//1
f 382//1 408//1 390//1
s 1
f 405//393 409//393 406//413
f 406//413 409//393 410//413
f 406//413 410//413 407//412
f 407//412 410//413 411//412
f 407//412 411//412 408//390
f 408//390 411//412 412//390
f 408//390 412//390 390//389
f 390//389 412//390 413//389
f 390//389 413//389 391//388
f 391//388 413//389 414//388
f 391//388 414//388 392//387
f 392//387 414//388 415//387
f 392//387 415//387 393//386
f 393//386 415//387 416//386
f 417//414 418//414 419//415
f 419//415 418//414 420//415
f 419//415 420//415 421//416
f 421//416 420//415 422//416
f 421//416 422//416 423//417
f 423//417 422//416 424//417
f 423//417 424//417 425//418
f 425//418 424//417 426//418
f 427//419 428//419 429//420
f 429//420 428//419 430//420
f 429//420 430//420 431//384
f 431//384 430//420 432//384
f 431//421 432//421 433//422
f 433//422 432//421 434//422
s 0
f 435//423 436//423 434//423
f 435//424 434//424 437//424
f 434//424 432//424 437//424
f 437//424 432//424 430//424
f 437//424 430//424 438//424
f 438//425 430//425 428//425
f 438//425 428//425 439//425
f 440//425 441//425 426//425
f 418//426 442//426 443//426
f 418//424 443//424 420//424
f 420//426 443//426 444//426
f 420//426 444//426 422//426
f 440//424 426//424 444//424
f 444//424 426//424 424//424
f 444//426 424//426 422//426
f 445//427 446//427 447//427
f 447//427 446//427 448//427
f 449//428 450//428 451//428
f 451//428 450//428 452//428
f 453//424 454//424 455//424
f 456//424 457//424 458//424
f 458//424 457//424 459//424
f 458//424 459//424 460//424
f 460//424 459//424 461//424
f 454//423 462//423 463//423
f 464//424 465//424 466//424
f 455//424 454//424 467//424
f 467//424 454//424 463//424
f 467//429 463//429 468//429
f 469//430 470//430 471//430
f 471//426 470//426 461//426
f 471//424 461//424 455//424
f 455//424 461//424 459//424
f 455//424 459//424 453//424
f 453//424 459//424 464//424
f 453//424 464//424 472//424
f 472//424 464//424 466//424
s 1
f 473//431 474//432 475//433
f 476//434 477//435 478//436
f 479//437 480//438 481//439
f 477//435 482//440 483//441
f 477//435 483//441 478//436
f 478//436 483//441 484//442
f 478//436 484//442 485//443
f 485//443 484//442 486//444
f 485//443 486//444 487//445
f 487//445 486//444 488//446
f 487//445 488//446 489//447
f 490//448 491//449 492//450
f 492//450 491//449 476//434
f 476//434 478//436 492//450
f 492//450 478//436 485//443
f 492//450 485//443 493//451
f 493//451 485//443 487//445
f 493//451 487//445 494//452
f 494//452 487//445 489//447
f 494//452 489//447 495//453
f 481//439 496//454 479//437
f 479//437 496//454 497//455
f 479//437 497//455 498//456
f 490//448 492//450 499//457
f 499//457 492//450 493//451
f 499//457 493//451 500//458
f 500//458 493//451 494//452
f 500//458 494//452 501//459
f 501//459 494//452 495//453
f 501//459 495//453 502//460
f 503//461 504//462 499//457
f 499//457 504//462 505//463
f 499//457 505//463 490//448
f 506//464 507//465 502//460
f 502//460 507//465 508//466
f 502//460 508//466 501//459
f 501//459 508//466 509//467
f 501//459 509//467 500//458
f 500//458 509//467 510//468
f 500//458 510//468 499//457
f 499//457 510//468 511//469
f 499//457 511//469 503//461
f 474//432 506//464 475//433
f 475//433 506//464 502//460
f 475//433 502//460 512//470
f 512//470 502//460 495//453
f 512//470 495//453 513//471
f 513//471 495//453 489//447
f 513//471 489//447 514//472
f 514//472 489//447 488//446
f 515//473 473//431 516//474
f 516//474 473//431 475//433
f 516//474 475//433 498//456
f 498//456 475//433 512//470
f 498//456 512//470 479//437
f 479//437 512//470 513//471
f 479//437 513//471 480//438
f 480//438 513//471 514//472
f 497//455 517//475 498//456
f 498//456 517//475 518//476
f 498//456 518//476 516//474
f 516//474 518//476 519//477
f 516//474 519//477 515//473
f 515//473 519//477 520//478
f 504//462 521//479 505//463
f 505//463 521//479 522//480
f 505//463 522//480 490//448
f 490//448 522//480 523//481
f 490//448 523//481 491//449
f 491//449 523//481 524//482
f 491//449 524//482 476//434
f 476//434 524//482 525//483
f 476//434 525//483 477//435
f 477//435 525//483 526//484
f 477//435 526//484 482//440
f 482//440 526//484 527//485
f 528//486 520//478 529//487
f 529//487 520//478 519//477
f 529//487 519//477 530//488
f 530//488 519//477 518//476
f 530//488 518//476 531//489
f 531//489 518//476 517//475
f 531//489 517//475 532//490
f 532//490 517//475 497//455
f 532//490 497//455 533//491
f 533//491 497//455 496//454
f 533//491 496//454 534//492
f 534//492 496//454 481//439
f 535//493 536//494 537//495
f 538//496 539//497 540//498
f 541//499 542//500 527//485
f 539//497 543//501 544//502
f 539//497 544//502 540//498
f 540//498 544//502 545//503
f 540//498 545//503 546//504
f 546//504 545//503 547//505
f 546//504 547//505 548//506
f 548//506 547//505 549//507
f 548//506 549//507 550//508
f 551//509 552//510 553//511
f 553//511 552//510 538//496
f 538//496 540//498 553//511
f 553//511 540//498 546//504
f 553//511 546//504 554//512
f 554//512 546//504 548//506
f 554//512 548//506 555//513
f 555//513 548//506 550//508
f 555//513 550//508 556//514
f 527//485 526//484 541//499
f 541//499 526//484 525//483
f 541//499 525//483 557//515
f 551//509 553//511 558//516
f 558//516 553//511 554//512
f 558//516 554//512 559//517
f 559//517 554//512 555//513
f 559//517 555//513 560//518
f 560//518 555//513 556//514
f 560//518 556//514 561//519
f 562//520 563//521 558//516
f 558//516 563//521 564//522
f 558//516 564//522 551//509
f 565//523 566//524 561//519
f 561//519 566//524 567//525
f 561//519 567//525 560//518
f 560//518 567//525 568//526
f 560//518 568//526 559//517
f 559//517 568//526 569//527
f 559//517 569//527 558//516
f 558//516 569//527 570//528
f 558//516 570//528 562//520
f 536//494 565//523 537//495
f 537//495 565//523 561//519
f 537//495 561//519 571//529
f 571//529 561//519 556//514
f 571//529 556//514 572//530
f 572//530 556//514 550//508
f 572//530 550//508 573//531
f 573//531 550//508 549//507
f 574//532 535//493 575//533
f 575//533 535//493 537//495
f 575//533 537//495 557//515
f 557//515 537//495 571//529
f 557//515 571//529 541//499
f 541//499 571//529 572//530
f 541//499 572//530 542//500
f 542//500 572//530 573//531
f 525//483 524//482 557//515
f 557//515 524//482 523//481
f 557//515 523//481 575//533
f 575//533 523//481 522//480
f 575//533 522//480 574//532
f 574//532 522//480 521//479
f 576//534 577//535 578//536
f 534//492 577//535 533//491
f 533//491 577//535 576//534
f 533//491 576//534 532//490
f 532//490 576//534 579//537
f 578//536 580//538 576//534
f 576//534 580//538 581//539
f 576//534 581//539 579//537
f 582//540 530//488 579//537
f 579//537 530//488 531//489
f 579//537 531//489 532//490
f 583//541 528//486 582//540
f 582//540 528//486 529//487
f 582//540 529//487 530//488
f 581//539 584//542 579//537
f 579//537 584//542 585//543
f 579//537 585//543 582//540
f 582//540 585//543 586//544
f 582//540 586//544 583//541
f 583//541 586//544 587//545
f 588//546 543//501 589//547
f 589//547 543//501 539//497
f 589//547 539//497 590//548
f 590//548 539//497 538//496
f 590//548 538//496 591//549
f 591//549 538//496 552//510
f 591//549 552//510 592//550
f 592//550 552//510 551//509
f 592//550 551//509 593//551
f 593//551 551//509 564//522
f 593//551 564//522 594//552
f 594//552 564//522 563//521
f 578//536 595//553 580//538
f 580//538 595//553 596//554
f 580//538 596//554 581//539
f 581//539 596//554 597//555
f 581//539 597//555 584//542
f 584//542 597//555 598//556
f 584//542 598//556 585//543
f 585//543 598//556 599//557
f 585//543 599//557 586//544
f 586//544 599//557 600//558
f 586//544 600//558 587//545
f 587//545 600//558 601//559
f 602//560 603//561 604//562
f 605//563 606//564 607//565
f 608//566 609//567 588//546
f 606//564 610//568 611//569
f 606//564 611//569 607//565
f 607//565 611//569 612//570
f 607//565 612//570 613//571
f 613//571 612//570 614//572
f 613//571 614//572 615//573
f 615//573 614//572 616//574
f 615//573 616//574 617//575
f 618//576 619//577 620//578
f 620//578 619//577 605//563
f 605//563 607//565 620//578
f 620//578 607//565 613//571
f 620//578 613//571 621//579
f 621//579 613//571 615//573
f 621//579 615//573 622//580
f 622//580 615//573 617//575
f 622//580 617//575 623//581
f 588//546 589//547 608//566
f 608//566 589//547 590//548
f 608//566 590//548 624//582
f 618//576 620//578 625//583
f 625//583 620//578 621//579
f 625//583 621//579 626//584
f 626//584 621//579 622//580
f 626//584 622//580 627//585
f 627//585 622//580 623//581
f 627//585 623//581 628//586
f 629//587 630//588 625//583
f 625//583 630//588 631//589
f 625//583 631//589 618//576
f 632//590 633//591 628//586
f 628//586 633//591 634//592
f 628//586 634//592 627//585
f 627//585 634//592 635//593
f 627//585 635//593 626//584
f 626//584 635//593 636//594
f 626//584 636//594 625//583
f 625//583 636//594 637//595
f 625//583 637//595 629//587
f 603//561 632//590 604//562
f 604//562 632//590 628//586
f 604//562 628//586 638//596
f 638//596 628//586 623//581
f 638//596 623//581 639//597
f 639//597 623//581 617//575
f 639//597 617//575 640//598
f 640//598 617//575 616//574
f 641//599 602//560 642//600
f 642//600 602//560 604//562
f 642//600 604//562 624//582
f 624//582 604//562 638//596
f 624//582 638//596 608//566
f 608//566 638//596 639//597
f 608//566 639//597 609//567
f 609//567 639//597 640//598
f 590//548 591//549 624//582
f 624//582 591//549 592//550
f 624//582 592//550 642//600
f 642//600 592//550 593//551
f 642//600 593//551 641//599
f 641//599 593//551 594//552
f 643//601 644//602 645//603
f 595//553 646//604 596//554
f 596//554 646//604 647//605
f 596//554 647//605 597//555
f 597//555 647//605 648//606
f 645//603 599//557 648//606
f 648//606 599//557 598//556
f 648//606 598//556 597//555
f 649//607 650//608 651//609
f 651//609 650//608 652//610
f 651//609 652//610 653//611
f 653//611 652//610 654//612
f 653//611 654//612 655//613
f 655//613 654//612 656//614
f 655//613 656//614 657//615
f 658//616 659//617 660//618
f 660//618 659//617 661//619
f 660//618 661//619 662//620
f 662//620 661//619 663//621
f 662//620 663//621 664//622
f 664//622 663//621 665//623
f 659//617 666//624 661//619
f 661//619 666//624 667//625
f 661//619 667//625 663//621
f 663//621 667//625 668//626
f 663//621 668//626 665//623
f 665//623 668//626 669//627
f 670//628 671//629 672//630
f 672//630 671//629 673//631
f 672//630 673//631 674//632
f 674//632 673//631 675//633
f 674//632 675//633 676//634
f 676//634 675//633 677//635
f 644//602 601//559 645//603
f 645//603 601//559 600//558
f 645//603 600//558 599//557
f 678//636 643//601 679//637
f 679//637 643//601 645//603
f 679//637 645//603 680//638
f 680//638 645//603 648//606
f 680//638 648//606 681//639
f 681//639 648//606 647//605
f 681//639 647//605 682//640
f 682//640 647//605 646//604
f 682//640 649//607 681//639
f 681//639 649//607 651//609
f 681//639 651//609 680//638
f 680//638 651//609 653//611
f 680//638 653//611 679//637
f 679//637 653//611 655//613
f 679//637 655//613 678//636
f 678//636 655//613 657//615
f 683//641 684//642 656//614
f 656//614 684//642 685//643
f 656//614 685//643 657//615
f 669//627 686//644 665//623
f 665//623 686//644 683//641
f 665//623 683//641 664//622
f 664//622 683//641 656//614
f 664//622 656//614 662//620
f 662//620 656//614 654//612
f 662//620 654//612 660//618
f 660//618 654//612 652//610
f 660//618 652//610 658//616
f 658//616 652//610 650//608
f 687//645 688//646 669//627
f 669//627 688//646 689//647
f 669//627 689//647 686//644
f 666//624 670//628 667//625
f 667//625 670//628 672//630
f 667//625 672//630 668//626
f 668//626 672//630 674//632
f 668//626 674//632 669//627
f 669//627 674//632 676//634
f 669//627 676//634 687//645
f 687//645 676//634 677//635
f 687//645 677//635 690//648
f 630//588 691//649 631//589
f 631//589 691//649 692//650
f 631//589 692//650 618//576
f 618//576 692//650 693//651
f 618//576 693//651 619//577
f 619//577 693//651 694//652
f 619//577 694//652 605//563
f 605//563 694//652 695//653
f 605//563 695//653 606//564
f 606//564 695//653 696//654
f 606//564 696//654 610//568
f 610//568 696//654 697//655
f 671//629 698//656 699//657
f 671//629 699//657 673//631
f 673//631 699//657 700//658
f 673//631 700//658 675//633
f 675//633 700//658 701//659
f 675//633 701//659 677//635
f 677//635 701//659 702//660
f 677//635 702//660 690//648
f 703//661 704//662 697//655
f 697//655 696//654 703//661
f 703//661 696//654 695//653
f 703//661 695//653 705//663
f 706//664 704//662 707//665
f 707//665 704//662 703//661
f 707//665 703//661 708//666
f 708//666 703//661 705//663
f 708//666 705//663 709//667
f 709//667 705//663 710//668
f 709//667 710//668 711//669
f 711//669 710//668 712//670
f 695//653 694//652 705//663
f 705//663 694//652 693//651
f 705//663 693//651 710//668
f 710//668 693//651 692//650
f 710//668 692//650 712//670
f 712//670 692//650 691//649
f 713//671 714//672 715//673
f 716//674 717//675 718//676
f 718//676 717//675 719//677
f 719//677 720//678 718//676
f 718//676 720//678 721//679
f 718//676 721//679 722//680
f 722//680 721//679 723//681
f 722//680 723//681 724//682
f 723//681 725//683 724//682
f 724//682 725//683 702//660
f 724//682 702//660 701//659
f 726//684 717//675 727//685
f 727//685 717//675 716//674
f 727//685 716//674 728//686
f 728//686 716//674 714//672
f 714//672 716//674 715//673
f 715//673 716//674 718//676
f 715//673 718//676 729//687
f 729//687 718//676 722//680
f 729//687 722//680 730//688
f 730//688 722//680 724//682
f 730//688 724//682 731//689
f 731//689 724//682 701//659
f 731//689 701//659 700//658
f 732//690 733//691 734//692
f 734//692 733//691 713//671
f 713//671 715//673 734//692
f 734//692 715//673 729//687
f 734//692 729//687 735//693
f 735//693 729//687 730//688
f 735//693 730//688 736//694
f 736//694 730//688 731//689
f 736//694 731//689 737//695
f 737//695 731//689 700//658
f 737//695 700//658 699//657
f 732//690 734//692 738//696
f 738//696 734//692 735//693
f 738//696 735//693 739//697
f 739//697 735//693 736//694
f 739//697 736//694 740//698
f 740//698 736//694 737//695
f 740//698 737//695 741//699
f 741//699 737//695 699//657
f 741//699 699//657 698//656
f 742//700 706//664 707//665
f 742//700 707//665 743//701
f 743//701 707//665 708//666
f 743//701 708//666 744//702
f 744//702 708//666 709//667
f 744//702 709//667 745//703
f 745//703 709//667 711//669
f 745//703 711//669 746//704
f 747//705 726//684 748//706
f 748//706 726//684 727//685
f 748//706 727//685 749//707
f 749//707 727//685 728//686
f 749//707 728//686 750//708
f 750//708 728//686 714//672
f 750//708 714//672 751//709
f 751//709 714//672 713//671
f 751//709 713//671 752//710
f 752//710 713//671 733//691
f 752//710 733//691 753//711
f 753//711 733//691 732//690
f 754//712 755//713 747//705
f 747//705 748//706 754//712
f 754//712 748//706 749//707
f 754//712 749//707 756//714
f 756//714 749//707 750//708
f 756//714 750//708 757//715
f 746//704 755//713 745//703
f 745//703 755//713 754//712
f 745//703 754//712 744//702
f 744//702 754//712 756//714
f 744//702 756//714 743//701
f 743//701 756//714 757//715
f 743//701 757//715 742//700
f 742//700 757//715 758//716
f 750//708 751//709 757//715
f 757//715 751//709 752//710
f 757//715 752//710 758//716
f 758//716 752//710 753//711
f 759//717 760//718 761//719
f 762//720 763//721 764//722
f 760//718 765//723 766//724
f 760//718 766//724 761//719
f 761//719 766//724 767//725
f 761//719 767//725 768//726
f 767//725 769//727 768//726
f 768//726 769//727 770//728
f 768//726 770//728 771//729
f 770//728 772//730 771//729
f 771//729 772//730 773//731
f 771//729 773//731 774//732
f 774//732 773//731 775//733
f 774//732 775//733 776//734
f 776//734 775//733 777//735
f 776//734 777//735 762//720
f 762//720 777//735 778//736
f 762//720 778//736 763//721
f 779//737 780//738 781//739
f 781//739 780//738 759//717
f 759//717 761//719 781//739
f 781//739 761//719 768//726
f 781//739 768//726 782//740
f 782//740 768//726 771//729
f 782//740 771//729 783//741
f 783//741 771//729 774//732
f 783//741 774//732 784//742
f 784//742 774//732 776//734
f 784//742 776//734 785//743
f 785//743 776//734 762//720
f 785//743 762//720 786//744
f 787//745 788//746 789//747
f 789//747 788//746 779//737
f 764//722 790//748 762//720
f 762//720 790//748 791//749
f 762//720 791//749 786//744
f 786//744 791//749 792//750
f 786//744 792//750 793//751
f 779//737 781//739 789//747
f 789//747 781//739 782//740
f 789//747 782//740 794//752
f 794//752 782//740 783//741
f 794//752 783//741 795//753
f 795//753 783//741 784//742
f 795//753 784//742 796//754
f 796//754 784//742 785//743
f 796//754 785//743 797//755
f 797//755 785//743 786//744
f 797//755 786//744 798//756
f 798//756 786//744 793//751
f 798//756 793//751 799//757
f 787//745 789//747 800//758
f 800//758 789//747 794//752
f 800//758 794//752 801//759
f 801//759 794//752 795//753
f 801//759 795//753 802//760
f 802//760 795//753 796//754
f 802//760 796//754 803//761
f 803//761 796//754 797//755
f 803//761 797//755 804//762
f 804//762 797//755 798//756
f 804//762 798//756 805//763
f 805//763 798//756 799//757
f 805//763 799//757 806//764
f 787//745 807//765 788//746
f 788//746 807//765 808//766
f 788//746 808//766 779//737
f 779//737 808//766 809//767
f 779//737 809//767 780//738
f 780//738 809//767 810//768
f 780//738 810//768 759//717
f 759//717 810//768 811//769
f 759//717 811//769 760//718
f 760//718 811//769 812//770
f 760//718 812//770 765//723
f 765//723 812//770 813//771
f 814//772 806//764 815//773
f 815//773 806//764 799//757
f 815//773 799//757 816//774
f 816//774 799//757 793//751
f 816//774 793//751 817//775
f 817//775 793//751 792//750
f 817//775 792//750 818//776
f 818//776 792//750 791//749
f 818//776 791//749 819//777
f 819//777 791//749 790//748
f 819//777 790//748 820//778
f 820//778 790//748 764//722
f 821//779 822//780 823//781
f 824//782 825//783 813//771
f 822//780 826//784 827//785
f 822//780 827//785 823//781
f 823//781 827//785 828//786
f 823//781 828//786 829//787
f 828//786 830//788 829//787
f 829//787 830//788 831//789
f 829//787 831//789 832//790
f 831//789 833//791 832//790
f 832//790 833//791 834//792
f 832//790 834//792 835//793
f 835//793 834//792 836//794
f 835//793 836//794 837//795
f 837//795 836//794 838//796
f 837//795 838//796 824//782
f 824//782 838//796 839//797
f 824//782 839//797 825//783
f 840//798 841//799 842//800
f 842//800 841//799 821//779
f 821//779 823//781 842//800
f 842//800 823//781 829//787
f 842//800 829//787 843//801
f 843//801 829//787 832//790
f 843//801 832//790 844//802
f 844//802 832//790 835//793
f 844//802 835//793 845//803
f 845//803 835//793 837//795
f 845//803 837//795 846//804
f 846//804 837//795 824//782
f 846//804 824//782 847//805
f 848//806 849//807 850//808
f 850//808 849//807 840//798
f 813//771 812//770 824//782
f 824//782 812//770 811//769
f 824//782 811//769 847//805
f 847//805 811//769 810//768
f 847//805 810//768 809//767
f 840//798 842//800 850//808
f 850//808 842//800 843//801
f 850//808 843//801 851//809
f 851//809 843//801 844//802
f 851//809 844//802 852//810
f 852//810 844//802 845//803
f 852//810 845//803 853//811
f 853//811 845//803 846//804
f 853//811 846//804 854//812
f 854//812 846//804 847//805
f 854//812 847//805 855//813
f 855//813 847//805 809//767
f 855//813 809//767 808//766
f 848//806 850//808 856//814
f 856//814 850//808 851//809
f 856//814 851//809 857//815
f 857//815 851//809 852//810
f 857//815 852//810 858//816
f 858//816 852//810 853//811
f 858//816 853//811 859//817
f 859//817 853//811 854//812
f 859//817 854//812 860//818
f 860//818 854//812 855//813
f 860//818 855//813 861//819
f 861//819 855//813 808//766
f 861//819 808//766 807//765
f 862//820 863//821 864//822
f 820//778 863//821 819//777
f 819//777 863//821 862//820
f 819//777 862//820 818//776
f 818//776 862//820 865//823
f 864//822 866//824 862//820
f 862//820 866//824 867//825
f 862//820 867//825 865//823
f 868//826 816//774 865//823
f 865//823 816//774 817//775
f 865//823 817//775 818//776
f 869//827 814//772 868//826
f 868//826 814//772 815//773
f 868//826 815//773 816//774
f 867//825 870//828 865//823
f 865//823 870//828 871//829
f 865//823 871//829 868//826
f 868//826 871//829 872//830
f 868//826 872//830 869//827
f 869//827 872//830 873//831
f 874//832 826//784 875//833
f 875//833 826//784 822//780
f 875//833 822//780 876//834
f 876//834 822//780 821//779
f 876//834 821//779 877//835
f 877//835 821//779 841//799
f 877//835 841//799 878//836
f 878//836 841//799 840//798
f 878//836 840//798 879//837
f 879//837 840//798 849//807
f 879//837 849//807 880//838
f 880//838 849//807 848//806
f 864//822 881//839 866//824
f 866//824 881//839 882//840
f 866//824 882//840 867//825
f 867//825 882//840 883//841
f 867//825 883//841 870//828
f 870//828 883//841 884//842
f 870//828 884//842 871//829
f 871//829 884//842 885//843
f 871//829 885//843 872//830
f 872//830 885//843 886//844
f 872//830 886//844 873//831
f 873//831 886//844 887//845
f 888//846 889//847 890//848
f 891//849 892//850 874//832
f 889//847 893//851 894//852
f 889//847 894//852 890//848
f 890//848 894//852 895//853
f 890//848 895//853 896//854
f 895//853 897//855 896//854
f 896//854 897//855 898//856
f 896//854 898//856 899//857
f 898//856 900//858 899//857
f 899//857 900//858 901//859
f 899//857 901//859 902//860
f 902//860 901//859 903//861
f 902//860 903//861 904//862
f 904//862 903//861 905//863
f 904//862 905//863 891//849
f 891//849 905//863 906//864
f 891//849 906//864 892//850
f 907//865 908//866 909//867
f 909//867 908//866 888//846
f 888//846 890//848 909//867
f 909//867 890//848 896//854
f 909//867 896//854 910//868
f 910//868 896//854 899//857
f 910//868 899//857 911//869
f 911//869 899//857 902//860
f 911//869 902//860 912//870
f 912//870 902//860 904//862
f 912//870 904//862 913//871
f 913//871 904//862 891//849
f 913//871 891//849 914//872
f 915//873 916//874 917//875
f 917//875 916//874 907//865
f 874//832 875//833 891//849
f 891//849 875//833 876//834
f 891//849 876//834 914//872
f 914//872 876//834 877//835
f 914//872 877//835 878//836
f 907//865 909//867 917//875
f 917//875 909//867 910//868
f 917//875 910//868 918//876
f 918//876 910//868 911//869
f 918//876 911//869 919//877
f 919//877 911//869 912//870
f 919//877 912//870 920//878
f 920//878 912//870 913//871
f 920//878 913//871 921//879
f 921//879 913//871 914//872
f 921//879 914//872 922//880
f 922//880 914//872 878//836
f 922//880 878//836 879//837
f 915//873 917//875 923//881
f 923//881 917//875 918//876
f 923//881 918//876 924//882
f 924//882 918//876 919//877
f 924//882 919//877 925//883
f 925//883 919//877 920//878
f 925//883 920//878 926//884
f 926//884 920//878 921//879
f 926//884 921//879 927//885
f 927//885 921//879 922//880
f 927//885 922//880 928//886
f 928//886 922//880 879//837
f 928//886 879//837 880//838
f 883//841 882//840 929//887
f 882//840 881//839 930//888
f 882//840 930//888 929//887
f 929//887 930//888 931//889
f 929//887 931//889 932//890
f 931//889 933//891 932//890
f 932//890 933//891 934//892
f 932//890 934//892 935//893
f 935//893 934//892 936//894
f 935//893 936//894 937//895
f 937//895 936//894 938//896
f 937//895 938//896 939//897
f 938//896 940//898 939//897
f 939//897 940//898 941//899
f 939//897 941//899 942//900
f 942//900 941//899 943//901
f 942//900 943//901 944//902
f 944//902 943//901 945//903
f 944//902 945//903 946//904
f 945//903 947//905 946//904
f 946//904 947//905 948//906
f 946//904 948//906 949//907
f 885//843 884//842 950//908
f 950//908 884//842 883//841
f 883//841 929//887 950//908
f 950//908 929//887 932//890
f 950//908 932//890 951//909
f 951//909 932//890 935//893
f 951//909 935//893 952//910
f 952//910 935//893 937//895
f 952//910 937//895 953//911
f 953//911 937//895 939//897
f 953//911 939//897 954//912
f 954//912 939//897 942//900
f 954//912 942//900 955//913
f 955//913 942//900 944//902
f 955//913 944//902 956//914
f 956//914 944//902 946//904
f 956//914 946//904 957//915
f 957//915 946//904 949//907
f 957//915 949//907 958//916
f 887//845 886//844 959//917
f 959//917 886//844 885//843
f 885//843 950//908 959//917
f 959//917 950//908 951//909
f 959//917 951//909 960//918
f 960//918 951//909 952//910
f 960//918 952//910 961//919
f 961//919 952//910 953//911
f 961//919 953//911 962//920
f 962//920 953//911 954//912
f 962//920 954//912 963//921
f 963//921 954//912 955//913
f 963//921 955//913 964//922
f 964//922 955//913 956//914
f 964//922 956//914 965//923
f 965//923 956//914 957//915
f 965//923 957//915 966//924
f 966//924 957//915 958//916
f 966//924 958//916 967//925
f 887//845 959//917 968//926
f 968//926 959//917 960//918
f 968//926 960//918 969//927
f 969//927 960//918 961//919
f 969//927 961//919 970//928
f 970//928 961//919 962//920
f 970//928 962//920 971//929
f 971//929 962//920 963//921
f 971//929 963//921 972//930
f 972//930 963//921 964//922
f 972//930 964//922 973//931
f 973//931 964//922 965//923
f 973//931 965//923 974//932
f 974//932 965//923 966//924
f 974//932 966//924 975//933
f 975//933 966//924 967//925
f 975//933 967//925 976//934
f 915//873 977//935 916//874
f 916//874 977//935 978//936
f 916//874 978//936 907//865
f 907//865 978//936 979//937
f 907//865 979//937 908//866
f 908//866 979//937 980//938
f 908//866 980//938 888//846
f 888//846 980//938 981//939
f 888//846 981//939 889//847
f 889//847 981//939 982//940
f 889//847 982//940 893//851
f 893//851 982//940 983//941
f 984//942 976//934 967//925
f 984//942 967//925 985//943
f 985//943 967//925 958//916
f 985//943 958//916 986//944
f 986//944 958//916 949//907
f 986//944 949//907 987//945
f 987//945 949//907 948//906
f 987//945 948//906 988//946
f 989//947 990//948 983//941
f 991//949 990//948 992//950
f 992//950 990//948 989//947
f 992//950 989//947 993//951
f 993//951 989//947 994//952
f 983//941 982//940 989//947
f 989//947 982//940 981//939
f 989//947 981//939 994//952
f 995//953 996//954 994//952
f 994//952 996//954 997//955
f 994//952 997//955 993//951
f 998//956 999//957 995//953
f 995//953 999//957 1000//958
f 995//953 1000//958 996//954
f 981//939 980//938 994//952
f 994//952 980//938 979//937
f 994//952 979//937 995//953
f 995//953 979//937 978//936
f 995//953 978//936 998//956
f 998//956 978//936 977//935
f 1001//959 1002//960 1003//961
f 1004//962 1005//963 1006//964
f 1006//964 1005//963 1007//965
f 1006//964 1007//965 1008//966
f 1008//966 1007//965 1009//967
f 1008//966 1009//967 1010//968
f 1010//968 1009//967 1011//969
f 1010//968 1011//969 1012//970
f 1013//971 984//942 1014//972
f 1014//972 984//942 985//943
f 1014//972 985//943 1015//973
f 1015//973 985//943 986//944
f 1015//973 986//944 1016//974
f 1016//974 986//944 987//945
f 1017//975 1018//976 1019//977
f 1019//977 1018//976 1020//978
f 1019//977 1020//978 1021//979
f 1021//979 1020//978 1022//980
f 1021//979 1022//980 1023//981
f 1023//981 1022//980 1003//961
f 1023//981 1003//961 1024//982
f 1024//982 1003//961 1002//960
f 1012//970 1001//959 1010//968
f 1010//968 1001//959 1003//961
f 1010//968 1003//961 1008//966
f 1008//966 1003//961 1022//980
f 1008//966 1022//980 1006//964
f 1006//964 1022//980 1020//978
f 1006//964 1020//978 1004//962
f 1004//962 1020//978 1018//976
f 1025//983 1026//984 1011//969
f 1011//969 1026//984 1027//985
f 1011//969 1027//985 1012//970
f 1005//963 1013//971 1007//965
f 1007//965 1013//971 1014//972
f 1007//965 1014//972 1009//967
f 1009//967 1014//972 1015//973
f 1009//967 1015//973 1011//969
f 1011//969 1015//973 1016//974
f 1011//969 1016//974 1025//983
f 1025//983 1016//974 987//945
f 1025//983 987//945 988//946
f 1028//986 991//949 1029//987
f 1029//987 991//949 992//950
f 1029//987 992//950 1030//988
f 1030//988 992//950 993//951
f 1030//988 993//951 1031//989
f 1031//989 993//951 997//955
f 1031//989 997//955 1032//990
f 1032//990 997//955 996//954
f 1032//990 996//954 1033//991
f 1033//991 996//954 1000//958
f 1033//991 1000//958 1034//992
f 1034//992 1000//958 999//957
f 1035//993 1017//975 1019//977
f 1035//993 1019//977 1036//994
f 1036//994 1019//977 1021//979
f 1036//994 1021//979 1037//995
f 1037//995 1021//979 1023//981
f 1037//995 1023//981 1038//996
f 1038//996 1023//981 1024//982
f 1038//996 1024//982 1039//997
f 1034//992 1040//998 1033//991
f 1033//991 1040//998 1041//999
f 1042//1000 1030//988 1043//1001
f 1043//1001 1030//988 1031//989
f 1043//1001 1031//989 1041//999
f 1041//999 1031//989 1032//990
f 1041//999 1032//990 1033//991
f 1044//1002 1028//986 1042//1000
f 1042//1000 1028//986 1029//987
f 1042//1000 1029//987 1030//988
f 1040//998 1035//993 1041//999
f 1041//999 1035//993 1036//994
f 1041//999 1036//994 1043//1001
f 1043//1001 1036//994 1037//995
f 1043//1001 1037//995 1042//1000
f 1042//1000 1037//995 1038//996
f 1042//1000 1038//996 1044//1002
f 1044//1002 1038//996 1039//997
f 1045//1003 1046//414 1047//415
f 1047//415 1046//414 1048//415
f 1047//415 1048//415 1049//416
f 1049//416 1048//415 1050//416
f 1049//416 1050//416 1051//417
f 1051//417 1050//416 1052//417
f 1051//417 1052//417 1053//418
f 1053//418 1052//417 1054//418
f 1055//419 1056//419 1057//420
f 1057//420 1056//419 1058//420
f 1057//420 1058//420 1059//384
f 1059//384 1058//420 1060//385
f 1059//421 1060//421 1061//1004
f 1061//1004 1060//421 1062//422
f 1063//1005 1064//1006 1065//1007
f 1065//1007 1064//1006 1066//1007
f 1065//1007 1066//1007 1067//404
f 1067//404 1066//1007 1068//404
f 1067//404 1068//404 1069//1008
f 1069//1008 1068//404 1070//1008
f 1069//1008 1070//1008 1071//1009
f 1071//1009 1070//1008 1072//1009
f 1073//1010 1074//1010 1075//1011
f 1075//1011 1074//1010 1076//1012
f 1075//374 1076//374 1077//1013
f 1077//1013 1076//374 1078//1013
f 1077//1013 1078//1013 1079//1014
f 1079//1014 1078//1013 1080//1015
s 0
f 1059//1016 1061//1016 1081//1016
f 1059//1017 1081//1018 1057//1017
f 1057//1019 1081//1019 1082//1019
f 1057//424 1082//424 1055//424
f 1082//424 1083//424 1055//424
f 1055//424 1083//424 1084//424
f 1055//424 1084//424 1053//424
f 1053//424 1084//424 1085//424
f 1053//424 1085//424 1051//424
f 1051//424 1085//424 1086//424
f 1051//423 1086//423 1049//423
f 1049//424 1086//424 1087//424
f 1049//1016 1087//1016 1047//1016
f 1047//1019 1087//1019 1088//1019
f 1047//423 1088//423 1045//423
s 1
f 1055//419 1053//418 1056//419
f 1056//419 1053//418 1054//418
s 0
f 1066//426 1064//426 1089//426
f 1074//424 1090//424 1076//424
f 1076//424 1090//424 1091//424
f 1076//429 1091//429 1078//429
f 1078//429 1091//429 1092//429
f 1078//423 1092//423 1080//423
f 1066//424 1089//424 1068//424
f 1068//429 1089//429 1093//429
f 1068//429 1093//429 1070//429
f 1070//424 1093//424 1094//424
f 1070//424 1094//424 1072//424
f 1072//424 1094//424 1095//424
f 1072//424 1095//424 1074//424
f 1074//424 1095//424 1096//424
f 1074//424 1096//424 1090//424
s 1
f 1073//1010 1071//1009 1074//1010
f 1074//1010 1071//1009 1072//1009
s 0
f 1097//426 1098//426 449//426
f 1097//423 449//423 1099//423
f 451//423 1100//423 1101//423
f 1101//426 1102//426 451//426
f 451//424 1102//424 1103//424
f 451//424 1103//424 449//424
f 449//424 1103//424 1104//424
f 449//424 1104//424 1099//424
f 447//423 1105//423 1106//423
f 1107//426 445//426 1108//426
f 1108//423 445//423 1109//423
f 1106//426 1110//426 447//426
f 447//424 1110//424 1111//424
f 447//424 1111//424 445//424
f 445//424 1111//424 1112//424
f 445//424 1112//424 1109//424
s 1
f 1113//1020 1114//1021 1115//1022
f 1115//1022 1114//1021 1116//1022
f 1115//404 1116//404 1117//1023
f 1117//1023 1116//404 1118//1023
f 1117//1023 1118//1023 1119//1024
f 1119//1024 1118//1023 1120//1024
f 1121//1010 1119//1024 1122//1010
f 1122//1010 1119//1024 1120//1024
f 1121//1010 1122//1010 1123//1025
f 1123//1025 1122//1010 1124//1025
f 1123//1025 1124//1025 1125//374
f 1125//374 1124//1025 1126//1026
f 1125//1027 1126//1027 1127//1014
f 1127//1014 1126//1027 1128//1015
s 0
f 1129//424 1130//424 433//424
f 433//424 1130//424 1131//424
f 1132//424 419//424 421//424
f 1133//424 429//424 1131//424
f 1131//424 429//424 431//424
f 1131//423 431//423 433//423
f 419//423 1132//423 417//423
f 417//424 1132//424 1134//424
f 417//424 1134//424 1135//424
f 421//424 423//424 1132//424
f 1132//424 423//424 1136//424
f 1132//424 1136//424 1137//424
f 1133//424 1138//424 429//424
f 429//424 1138//424 1139//424
f 429//424 1139//424 427//424
f 427//424 1139//424 1140//424
f 427//424 1140//424 425//424
f 425//424 1140//424 1141//424
f 425//424 1141//424 423//424
f 423//424 1141//424 1142//424
f 423//424 1142//424 1136//424
f 379//162 377//162 1130//162
f 1130//162 377//162 1143//162
f 1144//162 1131//162 1145//162
f 1145//162 1131//162 1130//162
f 1145//162 1130//162 1146//162
f 1146//162 1130//162 1143//162
f 1144//162 1147//162 1131//162
f 1131//162 1147//162 389//162
f 1131//162 389//162 1148//162
f 1148//162 389//162 387//162
f 1148//162 387//162 1149//162
f 1149//162 387//162 385//162
f 1149//162 385//162 1150//162
f 1150//162 385//162 383//162
f 1130//162 1151//162 379//162
f 379//162 1151//162 1152//162
f 379//162 1152//162 381//162
f 381//162 1152//162 1153//162
f 381//162 1153//162 383//162
f 383//162 1153//162 1154//162
f 383//162 1154//162 1150//162
f 343//1 345//1 1155//1
f 1156//1 1157//1 1132//1
f 1132//1 1157//1 1158//1
f 1132//1 1158//1 1134//1
f 1134//1 1158//1 1159//1
f 1155//1 345//1 1132//1
f 1132//1 345//1 347//1
f 1132//1 347//1 1156//1
f 1159//1 1160//1 1134//1
f 1134//1 1160//1 335//1
f 1134//1 335//1 1161//1
f 1161//1 335//1 337//1
f 1161//1 337//1 1162//1
f 1162//1 337//1 339//1
f 1155//1 1163//1 343//1
f 343//1 1163//1 1164//1
f 343//1 1164//1 341//1
f 341//1 1164//1 1165//1
f 341//1 1165//1 339//1
f 339//1 1165//1 1166//1
f 339//1 1166//1 1162//1
s 1
f 1167//1 1168//1028 460//1005
f 461//414 1169//414 460//1005
f 460//1005 1169//414 1170//1
f 460//1005 1170//1 1167//1
f 1171//1029 454//1029 1172//162
f 1172//162 454//1029 453//1030
f 1172//162 453//1030 1173//162
f 1173//162 453//1030 1174//1031
f 454//1029 1171//1029 462//1032
f 462//1032 1171//1029 1175//1032
f 462//1032 1175//1032 463//385
f 463//385 1175//1032 1176//385
f 463//385 1176//385 468//1033
f 468//1033 1176//385 1177//1033
f 468//1033 1177//1033 467//1034
f 467//1034 1177//1033 1178//1034
f 467//1034 1178//1034 455//418
f 455//418 1178//1034 1179//418
f 455//418 1179//418 471//417
f 471//417 1179//418 1180//417
f 471//417 1180//417 469//416
f 469//416 1180//417 1181//416
f 469//416 1181//416 470//1035
f 470//1035 1181//416 1182//1035
f 470//1035 1182//415 461//414
f 461//414 1182//415 1169//414
f 1183//1036 1184//1037 1185//162
f 1183//1036 1185//162 1128//1015
f 1128//1015 1185//162 1186//162
f 1128//1015 1186//162 1187//162
f 1107//1004 1081//422 1061//1004
f 1187//162 1188//162 1128//1015
f 1128//1015 1188//162 1189//162
f 1128//1015 1189//162 1190//162
f 1190//162 1191//162 1128//1015
f 1128//1015 1191//162 1192//162
f 1128//1015 1192//162 1193//162
f 1062//422 1127//1014 1061//1004
f 1061//1004 1127//1014 1128//1015
f 1061//1004 1128//1015 1107//1004
f 1107//1004 1128//1015 1193//162
f 1107//1004 1193//162 445//162
s 0
f 445//162 1193//162 1194//162
f 445//162 1194//162 446//162
s 1
f 1195//1038 1196//1039 1114//1021
f 1113//1020 1046//414 1114//1021
f 1114//1021 1046//414 1045//1003
f 1114//1021 1045//1003 1195//1038
f 1195//1038 1045//1003 1088//1040
f 1195//1038 1088//1040 1105//1041
f 1197//1 1198//1 1105//1041
f 1105//1041 1198//1 1199//1
f 1105//1041 1199//1 1195//1038
s 0
f 1197//1 1200//1 1201//1
f 1200//1 1197//1 1202//1
s 1
f 1202//1 1197//1 1105//1042
f 1202//1 1105//1042 1203//1
f 1203//1 1105//1042 447//1
s 0
f 1203//1 447//1 448//1
f 1201//1 1204//1 1197//1
f 1197//1 1204//1 1205//1
f 1197//1 1205//1 1206//1
s 1
f 1207//1005 1208//1005 1209//1
f 1209//1 1208//1005 1210//1043
f 1209//1 1210//1043 1211//1
f 1211//1 1210//1043 1212//1044
f 1208//1005 1207//1005 1213//1007
f 1213//1007 1207//1005 1214//1007
f 1213//1007 1214//1007 1215//404
f 1215//404 1214//1007 1216//404
f 1215//404 1216//404 1217//1008
f 1217//1008 1216//404 1218//1008
f 1217//1008 1218//1008 1219//1009
f 1219//1009 1218//1008 1220//1009
f 1219//1009 1220//1009 1221//1045
f 1221//1045 1220//1009 1222//1045
f 1221//1045 1222//1045 1223//1046
f 1223//1046 1222//1045 1224//1046
f 1223//1046 1224//1046 1225//374
f 1225//374 1224//1046 1226//374
f 1225//374 1226//374 1227//1047
f 1227//1047 1226//374 1228//1047
f 1227//1048 1228//1048 1229//1049
f 1229//1049 1228//1048 1230//1049
f 1231//162 1232//1050 1233//1051
f 1229//1049 1230//1049 1233//1051
f 1233//1051 1230//1049 1234//162
f 1233//1051 1234//162 1231//162
f 1212//1044 1210//1043 1235//1052
f 1235//1052 1210//1043 1196//1039
f 1235//1052 1196//1039 1195//1038
f 1184//1037 1183//1036 1236//1053
f 1236//1053 1183//1036 1233//1051
f 1236//1053 1233//1051 1232//1050
f 698//656 409//1 1237//1
f 614//572 612//570 318//1
f 318//1 612//570 320//1
f 1238//1 514//472 1239//1
f 1239//1 514//472 488//446
f 1239//1 488//446 486//444
f 612//570 611//569 320//1
f 320//1 611//569 610//568
f 320//1 610//568 322//1
f 322//1 610//568 697//655
f 322//1 697//655 324//1
f 614//572 318//1 616//574
f 616//574 318//1 316//1
f 616//574 316//1 640//598
f 640//598 316//1 609//567
f 609//567 316//1 314//1
f 609//567 314//1 588//546
f 588//546 314//1 543//501
f 543//501 314//1 1240//1
f 543//501 1240//1 544//502
f 544//502 1240//1 1241//1
f 544//502 1241//1 545//503
f 545//503 1241//1 547//505
f 547//505 1241//1 1242//1
f 547//505 1242//1 549//507
f 486//444 484//442 1239//1
f 1239//1 484//442 483//441
f 1239//1 483//441 1243//1
f 1243//1 483//441 482//440
f 1243//1 482//440 1244//1
f 1244//1 482//440 527//485
f 1244//1 527//485 1245//1
f 1245//1 527//485 542//500
f 1245//1 542//500 1242//1
f 1242//1 542//500 573//531
f 1242//1 573//531 549//507
f 310//1 578//536 311//1
f 311//1 578//536 577//535
f 311//1 577//535 312//1
f 312//1 577//535 534//492
f 312//1 534//492 1246//1
f 1246//1 534//492 481//439
f 1246//1 481//439 1238//1
f 1238//1 481//439 480//438
f 1238//1 480//438 514//472
s 0
f 1247//1 308//1 1248//1
f 1248//1 308//1 307//1
f 1248//1 307//1 1249//1
f 1249//1 307//1 306//1
f 1249//1 306//1 305//1
s 1
f 414//1 646//604 415//1
f 415//1 646//604 595//553
f 415//1 595//553 416//1
f 416//1 595//553 578//536
f 416//1 578//536 1250//1
f 1250//1 578//536 310//1
s 0
f 1250//1 310//1 1247//1
f 1247//1 310//1 309//1
f 1247//1 309//1 308//1
s 1
f 413//1 649//607 414//1
f 414//1 649//607 682//640
f 414//1 682//640 646//604
f 412//1 658//616 413//1
f 413//1 658//616 650//608
f 413//1 650//608 649//607
f 697//655 704//662 324//1
f 324//1 704//662 706//664
f 324//1 706//664 326//1
f 326//1 706//664 742//700
f 326//1 742//700 328//1
f 328//1 742//700 758//716
f 753//711 732//690 1251//1
f 1251//1 732//690 738//696
f 1251//1 738//696 739//697
s 0
f 305//1 1251//1 1249//1
s 1
f 1249//1 1251//1 739//697
f 1249//1 739//697 1252//1
f 1252//1 739//697 740//698
f 1252//1 740//698 1237//1
f 1237//1 740//698 741//699
f 1237//1 741//699 698//656
f 411//1 666//624 412//1
f 412//1 666//624 659//617
f 412//1 659//617 658//616
f 409//1 698//656 410//1
f 410//1 698//656 671//629
f 410//1 671//629 411//1
f 411//1 671//629 670//628
f 411//1 670//628 666//624
f 758//716 753//711 328//1
f 328//1 753//711 1251//1
s 0
f 328//1 1251//1 1253//1
f 1253//1 1251//1 1244//1
f 1253//1 1244//1 1254//1
f 1254//1 1244//1 1245//1
s 1
f 563//521 1193//1054 594//552
f 594//552 1193//1054 1192//1055
f 448//1056 446//1057 568//526
f 568//526 446//1057 569//527
f 569//527 446//1057 1194//1058
f 569//527 1194//1058 570//528
f 826//784 1202//1059 827//785
f 827//785 1202//1059 1203//1060
f 570//528 1194//1058 562//520
f 562//520 1194//1058 1193//1061
f 562//520 1193//1054 563//521
f 521//479 813//771 574//532
f 574//532 813//771 825//783
f 574//532 825//783 535//493
f 535//493 825//783 839//797
f 535//493 839//797 536//494
f 536//494 839//797 838//796
f 536//494 838//796 565//523
f 565//523 838//796 836//794
f 565//523 836//794 566//524
f 566//524 836//794 834//792
f 566//524 834//792 567//525
f 567//525 834//792 833//791
f 567//525 833//791 568//526
f 568//526 833//791 831//789
f 568//526 831//789 448//1056
f 448//1056 831//789 830//788
f 448//1056 830//788 1203//1060
f 1203//1060 830//788 828//786
f 1203//1060 828//786 827//785
f 813//771 521//479 765//723
f 765//723 521//479 504//462
f 506//464 474//432 452//1062
f 452//1062 474//432 1255//1063
f 775//733 450//1064 777//735
f 777//735 450//1064 1256//1065
f 777//735 1256//1065 778//736
f 520//478 1257//1066 515//473
f 515//473 1257//1066 1255//1063
f 515//473 1255//1063 473//431
f 473//431 1255//1063 474//432
f 778//736 1256//1065 763//721
f 763//721 1256//1065 1258//1067
f 763//721 1258//1067 764//722
f 452//1062 450//1064 506//464
f 506//464 450//1064 775//733
f 506//464 775//733 507//465
f 507//465 775//733 773//731
f 507//465 773//731 508//466
f 508//466 773//731 772//730
f 508//466 772//730 509//467
f 509//467 772//730 770//728
f 509//467 770//728 510//468
f 510//468 770//728 769//727
f 510//468 769//727 511//469
f 511//469 769//727 767//725
f 511//469 767//725 503//461
f 503//461 767//725 766//724
f 503//461 766//724 504//462
f 504//462 766//724 765//723
f 528//486 1259//1068 520//478
f 520//478 1259//1068 1257//1066
f 587//545 1260//1069 1261//1070
f 587//545 1261//1070 583//541
f 583//541 1261//1070 1259//1068
f 583//541 1259//1068 528//486
f 1024//982 1002//960 1170//1071
f 1170//1071 1002//960 1167//1072
f 1002//960 1001//959 1167//1072
f 1167//1072 1001//959 1012//970
f 1167//1072 1012//970 1168//1073
f 1168//1073 1012//970 1027//985
f 1168//1073 1027//985 1262//1074
f 1027//985 1026//984 1262//1074
f 1262//1074 1026//984 1025//983
f 1262//1074 1025//983 1263//1075
f 1263//1075 1025//983 988//946
f 1263//1075 988//946 1264//1076
f 1182//424 1039//997 1169//424
f 1169//424 1039//997 1024//982
f 1169//424 1024//982 1170//1071
f 747//705 1175//424 726//684
f 726//684 1175//424 1171//424
f 726//684 1171//424 1172//1077
s 0
f 1220//424 1218//424 1181//424
f 1181//424 1218//424 1216//424
f 1181//424 1216//424 1182//424
f 1182//424 1216//424 1214//424
s 1
f 1182//424 1214//424 1039//997
f 1039//997 1214//424 1207//424
f 1039//997 1207//424 1209//1078
s 0
f 1181//424 1180//424 1220//424
f 1220//424 1180//424 1179//424
f 1220//424 1179//424 1222//424
s 1
f 1234//1079 1230//424 747//705
f 747//705 1230//424 1228//424
f 747//705 1228//424 1175//424
s 0
f 1175//424 1228//424 1226//424
f 1175//424 1226//424 1176//424
f 1176//424 1226//424 1224//424
f 1176//424 1224//424 1177//424
f 1177//424 1224//424 1222//424
f 1177//424 1222//424 1178//424
f 1178//424 1222//424 1179//424
s 1
f 1039//997 1209//1078 1044//1002
f 1044//1002 1209//1078 1211//1080
f 1044//1002 1211//1080 1028//986
f 1199//1081 991//949 1195//1082
f 1195//1082 991//949 1235//1082
f 1028//986 1211//1080 991//949
f 991//949 1211//1080 1212//1082
f 991//949 1212//1082 1235//1082
f 691//649 1186//1083 712//670
f 712//670 1186//1083 1185//1084
f 712//670 1185//1084 711//669
f 630//588 1187//1085 691//649
f 691//649 1187//1085 1186//1083
f 594//552 1192//1055 641//599
f 641//599 1192//1055 1191//1086
f 1190//1087 603//561 1191//1086
f 1191//1086 603//561 602//560
f 1191//1086 602//560 641//599
f 635//593 634//592 1189//1088
f 1189//1088 634//592 633//591
f 1189//1088 633//591 1190//1087
f 1190//1087 633//591 632//590
f 1190//1087 632//590 603//561
f 635//593 1189//1088 636//594
f 636//594 1189//1088 1188//1089
f 636//594 1188//1089 637//595
f 637//595 1188//1089 629//587
f 629//587 1188//1089 1187//1085
f 629//587 1187//1085 630//588
f 242//162 977//935 915//873
f 1265//162 1266//162 807//765
f 242//162 915//873 244//162
f 977//935 242//162 998//956
f 998//956 242//162 240//162
f 998//956 240//162 999//957
s 0
f 1267//162 290//162 289//162
s 1
f 248//162 246//162 926//884
f 915//873 923//881 244//162
f 244//162 923//881 924//882
f 244//162 924//882 246//162
f 246//162 924//882 925//883
f 246//162 925//883 926//884
f 999//957 240//162 1034//992
f 1034//992 240//162 238//162
f 1034//992 238//162 1040//998
s 0
f 1267//162 289//162 1268//162
f 1268//162 289//162 288//162
f 1268//162 288//162 368//162
s 1
f 1013//971 1005//963 1269//162
f 371//162 370//162 970//928
f 368//162 887//845 369//162
f 369//162 887//845 968//926
f 369//162 968//926 370//162
f 370//162 968//926 969//927
f 370//162 969//927 970//928
f 801//759 1270//162 800//758
f 800//758 1270//162 1265//162
f 800//758 1265//162 787//745
f 787//745 1265//162 807//765
f 1013//971 1269//162 984//942
f 1271//162 805//763 1272//162
f 1272//162 805//763 806//764
f 1272//162 806//764 283//162
f 801//759 802//760 1270//162
f 1270//162 802//760 803//761
f 1270//162 803//761 1271//162
f 1271//162 803//761 804//762
f 1271//162 804//762 805//763
s 0
f 288//162 287//162 368//162
f 368//162 287//162 286//162
s 1
f 368//162 286//162 887//845
f 887//845 286//162 285//162
f 887//845 285//162 873//831
f 873//831 285//162 284//162
f 873//831 284//162 869//827
f 869//827 284//162 283//162
f 869//827 283//162 814//772
f 814//772 283//162 806//764
f 926//884 927//885 248//162
f 248//162 927//885 928//886
f 248//162 928//886 250//162
f 250//162 928//886 880//838
f 250//162 880//838 1273//162
f 1273//162 880//838 848//806
f 1273//162 848//806 1274//162
f 1004//962 1018//976 1275//162
f 1275//162 1018//976 1017//975
f 970//928 971//929 371//162
f 371//162 971//929 972//930
f 371//162 972//930 372//162
f 1005//963 1004//962 1269//162
f 1269//162 1004//962 1275//162
s 0
f 1269//162 1275//162 1276//162
f 1276//162 1275//162 290//162
f 1276//162 290//162 1277//162
f 1277//162 290//162 1267//162
f 1266//162 1275//162 236//162
s 1
f 236//162 1275//162 1017//975
f 236//162 1017//975 238//162
f 238//162 1017//975 1035//993
f 238//162 1035//993 1040//998
f 1269//162 1278//162 984//942
f 984//942 1278//162 375//162
f 984//942 375//162 976//934
f 976//934 375//162 374//162
f 976//934 374//162 975//933
f 975//933 374//162 373//162
f 975//933 373//162 974//932
f 974//932 373//162 372//162
f 974//932 372//162 973//931
f 973//931 372//162 972//930
s 0
f 236//162 1279//162 1266//162
f 1266//162 1279//162 1280//162
s 1
f 1266//162 1280//162 807//765
f 807//765 1280//162 1281//162
f 807//765 1281//162 861//819
f 861//819 1281//162 1282//162
f 861//819 1282//162 860//818
f 860//818 1282//162 859//817
f 848//806 856//814 1274//162
f 1274//162 856//814 857//815
f 1274//162 857//815 1282//162
f 1282//162 857//815 858//816
f 1282//162 858//816 859//817
f 874//832 1200//1090 826//784
f 826//784 1200//1090 1202//1059
f 764//722 1258//1067 820//778
f 820//778 1258//1067 1283//1068
f 1284//1069 864//822 863//821
f 1284//1069 863//821 1285//1070
f 1285//1070 863//821 820//778
f 1285//1070 820//778 1283//1068
f 720//678 1173//1091 1174//1092
f 1286//1076 702//660 1287//1093
f 1287//1093 702//660 725//683
f 1287//1093 725//683 1288//1094
f 1288//1094 725//683 723//681
f 1288//1094 723//681 1174//1092
f 1174//1092 723//681 721//679
f 1174//1092 721//679 720//678
f 726//684 1172//1077 717//675
f 717//675 1172//1077 1173//1091
f 717//675 1173//1091 719//677
f 719//677 1173//1091 720//678
f 746//704 1231//1095 755//713
f 755//713 1231//1095 1234//1079
f 755//713 1234//1079 747//705
f 711//669 1185//1084 1184//1082
f 1231//1095 746//704 1232//1082
f 1232//1082 746//704 711//669
f 1232//1082 711//669 1236//1082
f 1236//1082 711//669 1184//1082
f 991//949 1199//1081 990//948
f 990//948 1199//1081 1198//1096
f 990//948 1198//1096 983//941
f 983//941 1198//1096 893//851
f 893//851 1198//1096 1197//1097
f 874//832 892//850 1200//1090
f 1200//1090 892//850 1201//1098
f 903//861 1204//1099 905//863
f 905//863 1204//1099 1201//1098
f 905//863 1201//1098 906//864
f 906//864 1201//1098 892//850
f 903//861 901//859 1204//1099
f 1204//1099 901//859 900//858
f 1204//1099 900//858 1205//1100
f 900//858 898//856 1205//1100
f 1205//1100 898//856 897//855
f 1205//1100 897//855 1206//1101
f 893//851 1197//1097 894//852
f 894//852 1197//1097 1206//1101
f 894//852 1206//1101 895//853
f 895//853 1206//1101 897//855
f 1289//1102 1137//1103 1136//1104
f 458//1105 460//1005 1168//1028
f 1264//1106 456//1107 1263//1108
f 1263//1108 456//1107 458//1105
f 1263//1108 458//1105 1262//1109
f 1262//1109 458//1105 1168//1028
f 1264//1106 1289//1102 456//1107
f 456//1107 1289//1102 1136//1104
f 456//1107 1136//1104 457//1008
f 457//1008 1136//1104 1142//1008
f 457//1008 1142//1008 459//1009
f 459//1009 1142//1008 1141//1009
f 464//1045 459//1009 1140//1045
f 1140//1045 459//1009 1141//1009
f 1174//1031 453//1030 1288//1110
f 1288//1110 453//1030 472//1111
f 1133//1112 1290//1113 466//1114
f 466//1115 1290//1116 1286//1117
f 466//1115 1286//1117 472//1111
f 472//1111 1286//1117 1287//1118
f 472//1111 1287//1118 1288//1110
f 464//1045 1140//1045 465//1046
f 465//1046 1140//1045 1139//1046
f 465//1046 1139//1046 466//1114
f 466//1114 1139//1046 1138//1119
f 466//1114 1138//1119 1133//1112
s 0
f 451//162 452//162 1255//162
s 1
f 1080//1015 1092//1014 1100//1015
f 1129//162 433//422 436//1120
f 436//1120 433//422 434//422
f 62//162 63//162 1291//1029
f 62//162 1291//1029 61//162
f 67//162 68//162 436//1120
f 63//162 64//162 1291//1029
f 1291//1029 64//162 65//162
f 1291//1029 65//162 436//1120
f 436//1120 65//162 66//162
f 436//1120 66//162 67//162
s 0
f 1129//162 72//162 1260//162
f 1260//162 72//162 55//162
f 1260//162 55//162 1261//162
f 1261//162 55//162 56//162
s 1
f 1291//1029 1079//1014 61//162
f 61//162 1079//1014 1080//1015
f 61//162 1080//1015 60//162
f 60//162 1080//1015 1100//1015
f 60//162 1100//1015 59//162
f 59//162 1100//1121 451//162
s 0
f 59//162 451//162 58//162
f 58//162 451//162 1255//162
f 58//162 1255//162 57//162
f 57//162 1255//162 1257//162
f 57//162 1257//162 56//162
f 56//162 1257//162 1259//162
f 56//162 1259//162 1261//162
s 1
f 68//162 69//162 436//1120
f 436//1120 69//162 70//162
f 436//1120 70//162 1129//162
s 0
f 1129//162 70//162 71//162
f 1129//162 71//162 72//162
s 1
f 1291//1029 436//1120 1292//1032
f 1292//1032 436//1120 435//1032
f 1292//1032 435//1032 1293//385
f 1293//385 435//1032 437//385
f 1293//385 437//385 1294//1033
f 1294//1033 437//385 438//1033
f 1294//1033 438//1033 1295//1034
f 1295//1034 438//1033 439//1122
f 1296//418 441//1123 1297//417
f 1297//417 441//1123 440//417
f 1297//417 440//417 1298//416
f 1298//416 440//417 444//416
f 1298//416 444//416 1299//415
f 1299//415 444//416 443//415
f 1299//415 443//415 1300//414
f 1300//414 443//415 442//1003
s 0
f 1256//1 450//1 449//1
s 1
f 1098//1021 1089//1020 1064//1006
f 8//1 10//1 1300//414
f 10//1 12//1 1300//414
f 1300//414 12//1 14//1
f 1300//414 14//1 1063//1005
f 8//1 1300//414 6//1
f 6//1 1300//414 442//1003
f 6//1 442//1003 4//1
f 34//1 36//1 442//1003
f 442//1003 36//1 1//1
f 442//1003 1//1 4//1
f 418//414 417//414 442//1003
f 442//1003 417//414 1135//1
f 442//1003 1135//1 34//1
s 0
f 34//1 1135//1 32//1
s 1
f 1063//1005 14//1 1064//1006
f 1064//1006 14//1 16//1
f 1064//1006 16//1 1098//1021
f 1098//1021 16//1 18//1
f 1098//1021 18//1 449//1
s 0
f 449//1 18//1 20//1
f 449//1 20//1 1256//1
f 1256//1 20//1 22//1
f 1256//1 22//1 1258//1
f 1258//1 22//1 1283//1
f 1283//1 22//1 24//1
f 1283//1 24//1 1285//1
f 1285//1 24//1 26//1
f 1285//1 26//1 1284//1
f 1284//1 26//1 28//1
f 1284//1 28//1 1135//1
f 1135//1 28//1 30//1
f 1135//1 30//1 32//1
s 1
f 439//1122 428//419 427//419
f 425//418 426//418 441//1123
f 1296//418 1295//1034 441//1123
f 441//1123 1295//1034 439//1122
f 441//1123 439//1122 425//418
f 425//418 439//1122 427//419
f 1129//1124 1260//1069 1130//1124
f 1130//1124 1260//1069 587//545
f 1130//1124 587//545 1151//1125
f 1151//1125 587//545 601//559
f 690//648 1148//1126 687//645
f 687//645 1148//1126 1149//1127
f 687//645 1149//1127 688//646
f 688//646 1149//1127 689//647
f 689//647 1149//1127 1150//1128
f 689//647 1150//1128 686//644
f 686//644 1150//1128 683//641
f 683//641 1150//1128 1154//1129
f 683//641 1154//1129 684//642
f 684//642 1154//1129 685//643
f 685//643 1154//1129 1153//1130
f 685//643 1153//1130 657//615
f 657//615 1153//1130 678//636
f 678//636 1153//1130 1152//1131
f 678//636 1152//1131 643//601
f 643//601 1152//1131 644//602
f 644//602 1152//1131 1151//1125
f 644//602 1151//1125 601//559
f 1155//1132 1132//1133 948//906
f 948//906 1132//1133 988//946
s 0
f 1137//1133 1289//1133 1132//1133
s 1
f 1132//1133 1289//1133 1264//1076
f 1132//1133 1264//1076 988//946
s 0
f 1133//1133 1131//1133 1290//1133
s 1
f 1290//1133 1131//1133 1286//1076
f 1148//1126 690//648 1131//1133
f 1131//1133 690//648 702//660
f 1131//1133 702//660 1286//1076
f 1161//1134 881//839 1134//1124
f 1134//1124 881//839 864//822
f 1134//1124 864//822 1135//1124
f 1135//1124 864//822 1284//1069
f 948//906 947//905 1155//1132
f 1155//1132 947//905 1163//1135
f 947//905 945//903 1163//1135
f 1163//1135 945//903 943//901
f 1163//1135 943//901 1164//1136
f 943//901 941//899 1164//1136
f 1164//1136 941//899 940//898
f 1164//1136 940//898 1165//1137
f 940//898 938//896 1165//1137
f 1165//1137 938//896 936//894
f 1165//1137 936//894 1166//1138
f 936//894 934//892 1166//1138
f 1166//1138 934//892 933//891
f 1166//1138 933//891 1162//1139
f 881//839 1161//1134 930//888
f 930//888 1161//1134 1162//1139
f 930//888 1162//1139 931//889
f 931//889 1162//1139 933//891
s 0
f 1229//426 1233//426 1126//426
f 1126//426 1233//426 1183//426
f 1126//1140 1183//1140 1128//1140
f 1213//424 1120//424 1208//424
f 1208//423 1120//423 1118//423
f 1208//424 1118//424 1210//424
f 1210//425 1118//425 1116//425
f 1210//423 1116//423 1196//423
f 1196//424 1116//424 1114//424
f 1126//424 1124//424 1229//424
f 1229//426 1124//426 1122//426
f 1229//424 1122//424 1227//424
f 1215//425 1217//425 1219//425
f 1213//424 1215//424 1120//424
f 1120//424 1215//424 1219//424
f 1120//424 1219//424 1122//424
f 1122//424 1219//424 1221//424
f 1221//424 1223//424 1122//424
f 1122//424 1223//424 1225//424
f 1122//424 1225//424 1227//424
s 1
f 1081//422 1107//1004 1082//1141
f 1082//1141 1107//1004 1108//1142
f 1082//1141 1108//1142 1083//384
f 1083//384 1108//1142 1109//384
f 1083//1143 1109//1143 1084//419
f 1084//419 1109//1143 1112//419
f 1084//419 1112//419 1085//1144
f 1085//1144 1112//419 1111//1144
f 1085//1144 1111//1144 1086//1145
f 1086//1145 1111//1144 1110//1145
f 1086//395 1110//395 1087//1146
f 1087//1146 1110//395 1106//1146
f 1087//1146 1106//1146 1088//1040
f 1088//1040 1106//1146 1105//1041
f 1095//1147 1104//1147 1096//1148
f 1096//1148 1104//1147 1103//1148
s 0
f 1063//1149 1065//1149 1067//1149
f 1075//430 1077//430 1073//430
f 1073//1019 1077//1019 1079//1019
f 1073//1019 1079//1019 1071//1019
f 1071//1019 1079//1019 1063//1019
f 1071//1018 1063//1018 1069//1018
f 1069//1150 1063//1150 1067//1150
f 1293//424 1294//424 1292//424
f 1292//424 1294//424 1295//424
f 1292//424 1295//424 1291//424
f 1291//424 1295//424 1079//424
f 1296//430 1297//430 1298//430
f 1079//424 1295//424 1063//424
f 1063//424 1295//424 1296//424
f 1063//424 1296//424 1300//424
f 1300//424 1296//424 1298//424
f 1300//426 1298//426 1299//426
s 1
f 1089//1020 1098//1021 1093//1022
f 1093//1022 1098//1021 1097//1022
f 1093//404 1097//404 1094//1151
f 1094//1151 1097//404 1099//1151
f 1094//1151 1099//1151 1095//1147
f 1095//1147 1099//1151 1104//1147
f 1096//1148 1103//1148 1090//1152
f 1090//1152 1103//1148 1102//1152
f 1090//1152 1102//1152 1091//374
f 1091//374 1102//1152 1101//374
f 1091//1027 1101//1027 1092//1014
f 1092//1014 1101//1027 1100//1015
s 0
f 1127//424 1062//424 1046//424
f 1050//430 1048//430 1046//430
f 1052//1153 1050//1153 1054//1153
f 1054//424 1050//424 1046//424
f 1054//424 1046//424 1056//424
f 1056//424 1046//424 1062//424
f 1056//424 1062//424 1058//424
f 1058//1018 1062//1018 1060//1018
f 1115//1150 1117//1150 1113//1150
f 1113//424 1117//424 1119//424
f 1123//424 1125//424 1121//424
f 1121//1154 1125//1154 1127//1154
f 1121//424 1127//424 1119//424
f 1119//424 1127//424 1046//424
f 1119//424 1046//424 1113//424
s 1
f 393//386 416//386 395//1155
f 395//1155 416//386 1250//1155
f 395//1155 1250//1155 397//1156
f 397//1156 1250//1155 1247//1156
f 397//1156 1247//1156 399//1157
f 399//1157 1247//1156 1248//1157
f 399//1157 1248//1157 400//1158
f 400//1158 1248//1157 1249//1158
f 400//1159 1249//1159 402//1160
f 402//1160 1249//1159 1252//1160
f 402//1160 1252//1160 404//1161
f 404//1161 1252//1160 1237//1161
f 404//1161 1237//1161 405//393
f 405//393 1237//1161 409//393
f 388//1162 389//1162 403//1163
f 403//1163 389//1162 1147//1163
f 403//1163 1147//1163 401//1164
f 401//1164 1147//1163 1144//1164
f 401//1165 1144//1165 398//424
f 398//424 1144//1165 1145//424
f 398//424 1145//424 396//1166
f 396//1166 1145//424 1146//1166
f 396//1167 1146//1167 394//1168
f 394//1168 1146//1167 1143//1168
f 394//1168 1143//1168 376//386
f 376//386 1143//1168 377//386
f 352//393 375//393 354//1161
f 354//1161 375//393 1278//1161
f 354//1161 1278//1161 356//1160
f 356//1160 1278//1161 1269//1160
f 356//1160 1269//1160 358//1158
f 358//1158 1269//1160 1276//1158
f 358//1158 1276//1158 359//1157
f 359//1157 1276//1158 1277//1157
f 359//1157 1277//1157 361//1156
f 361//1156 1277//1157 1267//1156
f 361//1156 1267//1156 363//1155
f 363//1155 1267//1156 1268//1155
f 363//1155 1268//1155 364//386
f 364//386 1268//1155 368//386
f 347//1162 348//1162 1156//1163
f 1156//1163 348//1162 353//1163
f 1156//1163 353//1163 1157//1164
f 1157//1164 353//1163 355//1164
f 1157//1165 355//1165 1158//424
f 1158//424 355//1165 357//424
f 1158//424 357//424 1159//1166
f 1159//1166 357//424 360//1166
f 1159//1167 360//1167 1160//1168
f 1160//1168 360//1167 362//1168
f 1160//1168 362//1168 335//386
f 335//386 362//1168 336//386
f 327//404 328//404 334//1169
f 334//1169 328//404 1253//1170
f 334//1169 1253//1170 331//1171
f 331//1171 1253//1170 1254//1171
f 331//1171 1254//1171 329//1172
f 329//1172 1254//1171 1245//1173
f 329//1173 1245//1173 330//1174
f 330//1174 1245//1173 1242//1175
f 330//1174 1242//1175 332//1176
f 332//1176 1242//1175 1241//1176
f 332//1176 1241//1176 333//1177
f 333//1177 1241//1176 1240//1177
f 333//1177 1240//1177 313//395
f 313//395 1240//1177 314//395
f 303//386 312//386 304//1155
f 304//1155 312//386 1246//1155
f 304//1155 1246//1155 291//1178
f 291//1178 1246//1155 1238//1178
f 291//1178 1238//1178 292//1157
f 292//1157 1238//1178 1239//1157
f 292//1157 1239//1157 293//1158
f 293//1158 1239//1157 1243//1158
f 293//1158 1243//1158 294//1160
f 294//1160 1243//1158 1244//1160
f 294//1160 1244//1160 295//1161
f 295//1161 1244//1160 1251//1161
f 295//1161 1251//1161 296//393
f 296//393 1251//1161 305//393
f 273//393 290//393 275//1161
f 275//1161 290//393 1275//1161
f 275//1161 1275//1161 277//1179
f 277//1179 1275//1161 1266//1179
f 277//1160 1266//1160 279//1158
f 279//1158 1266//1160 1265//1158
f 279//1158 1265//1158 281//1157
f 281//1157 1265//1158 1270//1157
f 281//1157 1270//1157 282//1178
f 282//1178 1270//1157 1271//1178
f 282//1178 1271//1178 258//1155
f 258//1155 1271//1178 1272//1155
f 258//1155 1272//1155 260//386
f 260//386 1272//1155 283//386
f 249//384 250//385 256//1180
f 256//1180 250//385 1273//1180
f 256//1180 1273//1180 255//1181
f 255//1181 1273//1180 1274//1181
f 255//1181 1274//1181 254//1182
f 254//1182 1274//1181 1282//1183
f 254//1182 1282//1183 253//1184
f 253//1184 1282//1183 1281//1184
f 253//1184 1281//1184 251//1185
f 251//1185 1281//1184 1280//1185
f 251//1185 1280//1185 252//1186
f 252//1186 1280//1185 1279//1187
f 252//1186 1279//1187 235//374
f 235//374 1279//1187 236//374
f 1307//1188 278//1188 280//1189
f 1307//1188 280//1189 1305//1190
f 1305//1190 280//1189 257//1191
f 1305//1190 257//1191 1303//1191
f 1303//1191 257//1191 259//1192
f 1303//1191 259//1192 1301//1192
f 1301//1192 259//1192 261//1193
f 1301//1192 261//1193 1324//1194
f 1324//1194 261//1193 263//1195
f 1324//1194 263//1195 1322//1195
f 1322//1195 263//1195 265//1196
f 1322//1195 265//1196 1320//1196
f 1320//1196 265//1196 267//1197
f 1320//1196 267//1197 1318//1198
f 1318//1198 267//1197 269//1199
f 1318//1198 269//1199 1316//1199
f 1316//1199 269//1199 272//1200
f 1316//1199 272//1200 1313//1200
f 1313//1200 272//1200 274//1201
f 1313//1200 274//1201 1311//1202
f 1311//1202 274//1201 276//1203
f 1311//1202 276//1203 1309//1203
f 1309//1203 276//1203 278//1188
f 1309//1203 278//1188 1307//1188
